"1 _ 1",,,"1 _ 2",,,"1 _ 3",,,"1 _ 4",,,"1 _ 5",,,"1 _ 6",,,"1 _ 7",,,"1 _ 8",,,"1 _ 9",,,"1 _ 10",,
"Czas","Si³a","Przemieszczenie","Czas","Si³a","Przemieszczenie","Czas","Si³a","Przemieszczenie","Czas","Si³a","Przemieszczenie","Czas","Si³a","Przemieszczenie","Czas","Si³a","Przemieszczenie","Czas","Si³a","Przemieszczenie","Czas","Si³a","Przemieszczenie","Czas","Si³a","Przemieszczenie","Czas","Si³a","Przemieszczenie"
"sec","N","mm","sec","N","mm","sec","N","mm","sec","N","mm","sec","N","mm","sec","N","mm","sec","N","mm","sec","N","mm","sec","N","mm","sec","N","mm"
"0","-0,01335144","0,000625","0","0,0009536743","0,000875","0","0,0006357829","0,000625","0","-0,00667572","0,001375","0","-0,009377797","0,00125","0","-0,006357829","0,001375","0","-0,0003178914","0,000625","0","-0,08296967","0,000625","0","-0,0006357829","0,0005","0","-0,004768372","0,0005"
"0,01","-0,01255671","0,00525","0,01","0,002543132","0,008375","0,01","0,001271566","0,006875","0,01","-0,003496806","0,00775","0,01","-0,00778834","0,00625","0,01","-0,006198883","0,007","0,01","-0,0003178914","0,007","0,01","-0,0837644","0,007","0,01","-0,001907349","0,006625","0,01","-0,005086263","0,006625"
"0,02","-0,008742015","0,016875","0,02","0,00890096","0,0195","0,02","0,004927317","0,0175","0,02","0,002861023","0,0195","0,02","-0,00111262","0,018","0,02","-0,0003178914","0,018875","0,02","0,002543132","0,01775","0,02","-0,07899603","0,017625","0,02","0,0001589457","0,0175","0,02","-0,00222524","0,017375"
"0,03","0,00778834","0,034","0,03","0,03004074","0,035125","0,03","0,02209345","0,034","0,03","0,02241135","0,035375","0,03","0,01811981","0,03475","0,03","0,0184377","0,035125","0,03","0,01955032","0,03425","0,03","-0,05880992","0,034125","0,03","0,01796087","0,034","0,03","0,01637141","0,034"
"0,04","0,04386902","0,0545","0,04","0,06564458","0,056375","0,04","0,0594457","0,055375","0,04","0,05531311","0,0565","0,04","0,0518163","0,0555","0,04","0,05133947","0,056","0,04","0,05578995","0,0555","0,04","-0,01748403","0,0555","0,04","0,05499522","0,05525","0,04","0,05499522","0,05525"
"0,05","0,08249283","0,080375","0,05","0,09552637","0,082375","0,05","0,09743372","0,08062501","0,05","0,08567175","0,082","0,05","0,08757909","0,08112501","0,05","0,08551279","0,081375","0,05","0,09234747","0,08075","0,05","0,03083547","0,08075","0,05","0,09202957","0,08050001","0,05","0,09314219","0,08050001"
"0,06","0,09981791","0,10775","0,06","0,105381","0,108875","0,06","0,1118978","0,1075","0,06","0,1018842","0,1075","0,06","0,1090368","0,108625","0,06","0,10554","0,1075","0,06","0,1066526","0,10725","0,06","0,06882349","0,1075","0,06","0,1079241","0,107375","0,06","0,1093547","0,107375"
"0,07","0,096639","0,13725","0,07","0,1037916","0,137375","0,07","0,1079241","0,137625","0,07","0,1037916","0,137625","0,07","0,1101494","0,137625","0,07","0,1085599","0,1375","0,07","0,1034737","0,137625","0,07","0,09902319","0,137625","0,07","0,10554","0,137625","0,07","0,1077652","0,137625"
"0,08","0,08678436","0,178875","0,08","0,09441376","0,17925","0,08","0,09679794","0,179125","0,08","0,09123484","0,179375","0,08","0,09520849","0,17925","0,08","0,09759267","0,17925","0,08","0,09123484","0,17925","0,08","0,1265208","0,17925","0,08","0,09314219","0,17925","0,08","0,09759267","0,17925"
"0,09","0,07851919","0,224875","0,09","0,07772446","0,22525","0,09","0,08408228","0,225125","0,09","0,07486343","0,22525","0,09","0,07836024","0,22525","0,09","0,08392334","0,225125","0,09","0,07772446","0,225125","0,09","0,1532237","0,225125","0,09","0,07883707","0,225125","0,09","0,08487701","0,225125"
"0,1","0,08916855","0,27525","0,1","0,08551279","0,275375","0,1","0,09504954","0,275375","0,1","0,08757909","0,2755","0,1","0,08710226","0,2755","0,1","0,096639","0,2755","0,1","0,08996328","0,275375","0,1","0,2039274","0,275375","0,1","0,08948644","0,275375","0,1","0,09632111","0,275375"
"0,11","0,1246134","0,326125","0,11","0,1292229","0,32625","0,11","0,134786","0,32625","0,11","0,131766","0,326375","0,11","0,1273155","0,326375","0,11","0,1381238","0,32625","0,11","0,1304944","0,326125","0,11","0,2846718","0,326125","0,11","0,1284281","0,326125","0,11","0,1365344","0,326125"
"0,12","0,1468658","0,37675","0,12","0,155131","0,376875","0,12","0,155131","0,377","0,12","0,1527468","0,377","0,12","0,1527468","0,377","0,12","0,1579921","0,377","0,12","0,1508395","0,377","0,12","0,3519058","0,377","0,12","0,1460711","0,377","0,12","0,1587868","0,377"
"0,13","0,123024","0,42725","0,13","0,1246134","0,4275","0,13","0,1252492","0,4275","0,13","0,1217524","0,427625","0,13","0,1268387","0,4275","0,13","0,1262029","0,427625","0,13","0,1217524","0,427625","0,13","0,3760656","0,4275","0,13","0,1134872","0,4275","0,13","0,1328786","0,4275"
"0,14","0,07565816","0,477875","0,14","0,07247925","0,477875","0,14","0,07534027","0,47775","0,14","0,07486343","0,478","0,14","0,07677078","0,478125","0,14","0,07677078","0,478","0,14","0,07295609","0,477875","0,14","0,3824234","0,477875","0,14","0,06341934","0,477875","0,14","0,08885065","0,477875"
"0,15","0,04339218","0,52825","0,15","0,04037221","0,52825","0,15","0,0427564","0,52825","0,15","0,04577637","0,5285","0,15","0,04307429","0,528375","0,15","0,04816055","0,5285","0,15","0,03910065","0,52825","0,15","0,3992716","0,52825","0,15","0,03067652","0,52825","0,15","0,06214778","0,528375"
"0,16","0,03067652","0,5785","0,16","0,02479553","0,57875","0,16","0,02638499","0,57875","0,16","0,03115336","0,5790001","0,16","0,03083547","0,578875","0,16","0,0371933","0,5790001","0,16","0,02193451","0,578875","0,16","0,4234314","0,57875","0,16","0,01335144","0,57875","0,16","0,05070369","0,578875"
"0,17","0,0260671","0,629","0,17","0,01557668","0,6291251","0,17","0,01875559","0,6291251","0,17","0,02590815","0,62925","0,17","0,02908707","0,6291251","0,17","0,03321965","0,62925","0,17","0,01573563","0,6291251","0,17","0,4475912","0,6291251","0,17","0,004132589","0,6291251","0,17","0,04704793","0,6291251"
"0,18","0,02924601","0,6792501","0,18","0,01573563","0,6792501","0,18","0,02272924","0,6792501","0,18","0,03194809","0,6795","0,18","0,03480911","0,6795","0,18","0,03830592","0,6795","0,18","0,020504","0,6793751","0,18","0,474294","0,6793751","0,18","0,004609426","0,6793751","0,18","0,05372365","0,6792501"
"0,19","0,03671646","0,729625","0,19","0,02082189","0,7295001","0,19","0,03306071","0,7295001","0,19","0,04148483","0,72975","0,19","0,04386902","0,72975","0,19","0,04736583","0,729625","0,19","0,02749761","0,7295001","0,19","0,4984538","0,7295001","0,19","0,009218852","0,7295001","0,19","0,06580353","0,7295001"
"0,2","0,03989537","0,7796251","0,2","0,01970927","0,779875","0,2","0,03703435","0,779875","0,2","0,04545848","0,78","0,2","0,04863739","0,78","0,2","0,05149841","0,780125","0,2","0,02749761","0,78","0,2","0,5119641","0,779875","0,2","0,008583069","0,78","0,2","0,07279714","0,779875"
"0,21","0,04021327","0,8298751","0,21","0,0184377","0,83","0,21","0,03751119","0,83","0,21","0,04943212","0,83025","0,21","0,05261103","0,83025","0,21","0,05578995","0,830125","0,21","0,02670288","0,83","0,21","0,5216599","0,83","0,21","0,006516775","0,83","0,21","0,07692973","0,83"
"0,22","0,04545848","0,880125","0,22","0,02320608","0,880125","0,22","0,04259745","0,8800001","0,22","0,05706151","0,880375","0,22","0,06008148","0,880375","0,22","0,06612142","0,880375","0,22","0,03035863","0,880125","0,22","0,5367597","0,8800001","0,22","0,00890096","0,880125","0,22","0,08519491","0,880125"
"0,23","0,0518163","0,93025","0,23","0,02590815","0,93025","0,23","0,04752477","0,930375","0,23","0,0629425","0,9305","0,23","0,06691615","0,930625","0,23","0,07597605","0,9305","0,23","0,03274282","0,93025","0,23","0,5529721","0,93025","0,23","0,01160304","0,93025","0,23","0,09202957","0,93025"
"0,24","0,05499522","0,9802501","0,24","0,02352397","0,9805","0,24","0,04863739","0,9805","0,24","0,06484985","0,98075","0,24","0,07120768","0,980625","0,24","0,08153915","0,98075","0,24","0,03226598","0,9805","0,24","0,5683899","0,9805","0,24","0,01128515","0,9805","0,24","0,09520849","0,9803751"
"0,25","0,05865097","1,030625","0,25","0,02527237","1,030625","0,25","0,0518163","1,030625","0,25","0,06882349","1,03075","0,25","0,07724762","1,030875","0,25","0,08916855","1,030875","0,25","0,035127","1,030625","0,25","0,5903244","1,030625","0,25","0,01176198","1,030625","0,25","0,09997686","1,030625"
"0,26","0,06453196","1,080625","0,26","0,0298818","1,080625","0,26","0,05658467","1,0805","0,26","0,0740687","1,080875","0,26","0,08440018","1,080875","0,26","0,09743372","1,080875","0,26","0,03957748","1,0805","0,26","0,6184578","1,0805","0,26","0,01255671","1,0805","0,26","0,1079241","1,080625"
"0,27","0,06850561","1,13075","0,27","0,02845128","1,130625","0,27","0,05785624","1,13075","0,27","0,07804235","1,130875","0,27","0,08885065","1,131","0,27","0,1014074","1,130875","0,27","0,04180272","1,13075","0,27","0,6451607","1,13075","0,27","0,01080831","1,130875","0,27","0,1165072","1,13075"
"0,28","0,06977717","1,180625","0,28","0,02686183","1,180875","0,28","0,06008148","1,180875","0,28","0,08440018","1,181125","0,28","0,09520849","1,180875","0,28","0,1050631","1,181","0,28","0,04307429","1,181","0,28","0,6723404","1,180875","0,28","0,009377797","1,180875","0,28","0,1292229","1,181"
"0,29","0,07279714","1,23075","0,29","0,03115336","1,230875","0,29","0,06643931","1,230875","0,29","0,09187063","1,231","0,29","0,1063347","1,231125","0,29","0,1133283","1,231","0,29","0,04657109","1,23075","0,29","0,7049243","1,230875","0,29","0,01096725","1,230875","0,29","0,1467069","1,230875"
"0,3","0,07724762","1,281","0,3","0,03401439","1,281","0,3","0,0705719","1,280875","0,3","0,09520849","1,281","0,3","0,116984","1,28125","0,3","0,1206398","1,281","0,3","0,04975001","1,280875","0,3","0,737826","1,280875","0,3","0,01239777","1,280875","0,3","0,1619657","1,280875"
"0,31","0,08090337","1,33075","0,31","0,03321965","1,330875","0,31","0,07041296","1,331","0,31","0,0983874","1,331125","0,31","0,1233419","1,331125","0,31","0,1254082","1,331","0,31","0,05292892","1,331125","0,31","0,7669131","1,331","0,31","0,01207987","1,331","0,31","0,1753171","1,331"
"0,32","0,08630753","1,38075","0,32","0,03671646","1,381","0,32","0,07295609","1,381","0,32","0,1063347","1,38125","0,32","0,1301765","1,381125","0,32","0,1336734","1,381125","0,32","0,05865097","1,381","0,32","0,7985433","1,381125","0,32","0,01573563","1,381","0,32","0,1940727","1,381"
"0,33","0,09202957","1,430875","0,33","0,04037221","1,431125","0,33","0,07756551","1,431","0,33","0,114282","1,43125","0,33","0,1384417","1,43125","0,33","0,1447995","1,431125","0,33","0,06421407","1,431","0,33","0,8319219","1,431","0,33","0,02082189","1,431","0,33","0,2147357","1,431"
"0,34","0,09584427","1,481125","0,34","0,03878276","1,481125","0,34","0,07772446","1,480875","0,34","0,1196861","1,48125","0,34","0,1459122","1,481375","0,34","0,1540184","1,480875","0,34","0,06564458","1,480875","0,34","0,8633931","1,481","0,34","0,02193451","1,480875","0,34","0,2298355","1,481"
"0,35","0,09981791","1,531","0,35","0,03798803","1,531","0,35","0,07851919","1,531125","0,35","0,1284281","1,53125","0,35","0,155131","1,531375","0,35","0,1633962","1,531125","0,35","0,06691615","1,531125","0,35","0,8964539","1,531125","0,35","0,02193451","1,531125","0,35","0,2433459","1,531125"
"0,36","0,1058578","1,58075","0,36","0,0427564","1,58125","0,36","0,08408228","1,581125","0,36","0,1387596","1,58125","0,36","0,1675288","1,581125","0,36","0,1749992","1,58125","0,36","0,07088979","1,581125","0,36","0,9334882","1,581125","0,36","0,02209345","1,581125","0,36","0,2600352","1,581125"
"0,37","0,1111031","1,631125","0,37","0,04593531","1,631125","0,37","0,08869171","1,631125","0,37","0,1436869","1,63125","0,37","0,178655","1,631375","0,37","0,1853307","1,63125","0,37","0,07534027","1,63125","0,37","0,9682973","1,631125","0,37","0,020504","1,631125","0,37","0,2767245","1,631125"
"0,38","0,1153946","1,681125","0,38","0,04704793","1,681125","0,38","0,09044012","1,681125","0,38","0,1482964","1,681375","0,38","0,187397","1,681375","0,38","0,1940727","1,681125","0,38","0,07883707","1,681","0,38","1,000881","1,681125","0,38","0,01923243","1,681125","0,38","0,2937317","1,681"
"0,39","0,1225471","1,731125","0,39","0,05054474","1,731125","0,39","0,09234747","1,73125","0,39","0,1578331","1,73125","0,39","0,1967748","1,731375","0,39","0,2040863","1,731","0,39","0,08249283","1,73125","0,39","1,036008","1,731125","0,39","0,02113978","1,73125","0,39","0,313282","1,73125"
"0,4","0,131766","1,781","0,4","0,05467733","1,78125","0,4","0,09520849","1,78125","0,4","0,1683235","1,781375","0,4","0,2056758","1,78125","0,4","0,2147357","1,78125","0,4","0,08551279","1,78125","0,4","1,070817","1,78125","0,4","0,02161662","1,78125","0,4","0,3315608","1,78125"
"0,41","0,1387596","1,831","0,41","0,05610784","1,83125","0,41","0,0983874","1,83125","0,41","0,1765887","1,831375","0,41","0,2144178","1,83125","0,41","0,2245903","1,83125","0,41","0,08869171","1,831125","0,41","1,099428","1,831125","0,41","0,01970927","1,83125","0,41","0,3452301","1,83125"
"0,42","0,1420975","1,88125","0,42","0,05849202","1,881125","0,42","0,1031558","1,881125","0,42","0,1850128","1,88125","0,42","0,2271334","1,8815","0,42","0,2366702","1,881125","0,42","0,09393692","1,881125","0,42","1,124859","1,881125","0,42","0,01955032","1,881125","0,42","0,3582636","1,881125"
"0,43","0,1444817","1,931125","0,43","0,06167094","1,931125","0,43","0,1074473","1,93125","0,43","0,1940727","1,931375","0,43","0,2417564","1,931375","0,43","0,2512932","1,931125","0,43","0,09822845","1,93125","0,43","1,14886","1,931375","0,43","0,02082189","1,93125","0,43","0,3725688","1,931125"
"0,44","0,1490911","1,981","0,44","0,06135305","1,98125","0,44","0,1090368","1,98125","0,44","0,2036095","1,981375","0,44","0,2539953","1,98125","0,44","0,2643267","1,981375","0,44","0,09950002","1,981125","0,44","1,171748","1,98125","0,44","0,02113978","1,981125","0,44","0,3873507","1,981125"
"0,45","0,1578331","2,031125","0,45","0,06135305","2,031375","0,45","0,111421","2,03125","0,45","0,2150536","2,031375","0,45","0,2644857","2,03125","0,45","0,2754529","2,031375","0,45","0,1018842","2,03125","0,45","1,198133","2,03125","0,45","0,02113978","2,031125","0,45","0,4067421","2,03125"
"0,46","0,1694361","2,08125","0,46","0,0650088","2,08125","0,46","0,1173019","2,081125","0,46","0,2266566","2,081125","0,46","0,2772013","2,081375","0,46","0,2883275","2,081125","0,46","0,1058578","2,081125","0,46","1,232147","2,081","0,46","0,02193451","2,081125","0,46","0,4316966","2,081125"
"0,47","0,1792908","2,131125","0,47","0,06818771","2,13125","0,47","0,1233419","2,13125","0,47","0,2366702","2,131125","0,47","0,2902349","2,131375","0,47","0,3024737","2,13125","0,47","0,1087189","2,13125","0,47","1,270771","2,131375","0,47","0,02209345","2,13125","0,47","0,4563332","2,131375"
"0,48","0,1864433","2,181125","0,48","0,06850561","2,181375","0,48","0,1281102","2,18125","0,48","0,2481143","2,181375","0,48","0,3029505","2,18125","0,48","0,3166199","2,1815","0,48","0,1117388","2,18125","0,48","1,309077","2,18125","0,48","0,02209345","2,18125","0,48","0,480175","2,181125"
"0,49","0,1935959","2,23125","0,49","0,07041296","2,23125","0,49","0,1336734","2,23125","0,49","0,2616247","2,23125","0,49","0,3185272","2,231375","0,49","0,3325144","2,23125","0,49","0,1165072","2,231125","0,49","1,347542","2,23125","0,49","0,02447764","2,23125","0,49","0,5079905","2,231125"
"0,5","0,2031326","2,28125","0,5","0,07454554","2,281375","0,5","0,1416206","2,28125","0,5","0,2746582","2,281125","0,5","0,3363291","2,281375","0,5","0,3507932","2,281375","0,5","0,1222293","2,281125","0,5","1,386801","2,281125","0,5","0,02686183","2,281125","0,5","0,5383492","2,28125"
"0,51","0,2139409","2,331125","0,51","0,07756551","2,33125","0,51","0,1498858","2,331125","0,51","0,2867381","2,331125","0,51","0,3534953","2,331375","0,51","0,3665288","2,33125","0,51","0,1265208","2,33125","0,51","1,421769","2,331125","0,51","0,02686183","2,33125","0,51","0,5685489","2,33125"
"0,52","0,225544","2,381125","0,52","0,07963181","2,3815","0,52","0,1567205","2,381125","0,52","0,2997716","2,381375","0,52","0,3701846","2,38125","0,52","0,3792445","2,381375","0,52","0,1308123","2,38125","0,52","1,449744","2,38125","0,52","0,02717972","2,381375","0,52","0,6019275","2,38125"
"0,53","0,2374649","2,43125","0,53","0,0816981","2,431375","0,53","0,1622836","2,43125","0,53","0,3145536","2,43125","0,53","0,3871918","2,431375","0,53","0,392437","2,431375","0,53","0,1357396","2,43125","0,53","1,475811","2,43125","0,53","0,03083547","2,43125","0,53","0,6397565","2,43125"
"0,54","0,248909","2,481125","0,54","0,08312861","2,481375","0,54","0,1678467","2,481125","0,54","0,3291766","2,48125","0,54","0,4030863","2,48125","0,54","0,4075368","2,48125","0,54","0,1416206","2,481125","0,54","1,50617","2,481125","0,54","0,03480911","2,481","0,54","0,6774266","2,481125"
"0,55","0,2600352","2,531125","0,55","0,08360545","2,531375","0,55","0,175794","2,53125","0,55","0,3447533","2,53125","0,55","0,4194578","2,531375","0,55","0,4239082","2,531375","0,55","0,1479785","2,53125","0,55","1,541138","2,53125","0,55","0,03592173","2,53125","0,55","0,7131894","2,531125"
"0,56","0,272274","2,581","0,56","0,08487701","2,581375","0,56","0,1861254","2,58125","0,56","0,3617605","2,581375","0,56","0,4385312","2,58125","0,56","0,4409154","2,5815","0,56","0,155131","2,58125","0,56","1,57849","2,58125","0,56","0,03465017","2,58125","0,56","0,749429","2,58125"
"0,57","0,2859434","2,631375","0,57","0,08567175","2,63125","0,57","0,1967748","2,631125","0,57","0,3794034","2,631375","0,57","0,4583994","2,631375","0,57","0,4564921","2,631375","0,57","0,1618067","2,63125","0,57","1,616955","2,63125","0,57","0,03465017","2,631125","0,57","0,7858276","2,63125"
"0,58","0,3002485","2,68125","0,58","0,08567175","2,68125","0,58","0,2075831","2,681125","0,58","0,3980001","2,68125","0,58","0,4746119","2,6815","0,58","0,4719099","2,68125","0,58","0,1686414","2,681125","0,58","1,655897","2,681125","0,58","0,03623962","2,681125","0,58","0,8215904","2,681125"
"0,59","0,3148715","2,73125","0,59","0,08678436","2,73125","0,59","0,2191861","2,731125","0,59","0,418663","2,731375","0,59","0,4882813","2,731375","0,59","0,4878044","2,731125","0,59","0,1778603","2,731125","0,59","1,695792","2,731125","0,59","0,03798803","2,731125","0,59","0,8597374","2,731125"
"0,6","0,3277461","2,781125","0,6","0,08996328","2,7815","0,6","0,231425","2,78125","0,6","0,4417101","2,7815","0,6","0,5033811","2,781375","0,6","0,5016327","2,7815","0,6","0,1880328","2,78125","0,6","1,736164","2,78125","0,6","0,03878276","2,781125","0,6","0,8991559","2,78125"
"0,61","0,3387133","2,83125","0,61","0,09504954","2,831375","0,61","0,2422333","2,831125","0,61","0,465552","2,831375","0,61","0,5187988","2,831375","0,61","0,5105336","2,83125","0,61","0,1953443","2,831125","0,61","1,773675","2,831125","0,61","0,03910065","2,831125","0,61","0,9373029","2,831125"
"0,62","0,3490448","2,88125","0,62","0,1007716","2,88125","0,62","0,2533595","2,881125","0,62","0,4885992","2,88125","0,62","0,5302429","2,881375","0,62","0,518322","2,88125","0,62","0,2012253","2,881125","0,62","1,809438","2,881","0,62","0,03957748","2,881","0,62","0,9759267","2,881"
"0,63","0,3619194","2,93125","0,63","0,1058578","2,931375","0,63","0,2660751","2,931125","0,63","0,5116463","2,93125","0,63","0,5362828","2,931375","0,63","0,5254745","2,93125","0,63","0,2067884","2,93125","0,63","1,845837","2,931125","0,63","0,04196167","2,931125","0,63","1,014392","2,931125"
"0,64","0,3773371","2,981125","0,64","0,1079241","2,981375","0,64","0,2806982","2,981125","0,64","0,5362828","2,9815","0,64","0,5375544","2,981375","0,64","0,5280177","2,981375","0,64","0,2123515","2,981125","0,64","1,879692","2,981125","0,64","0,04577637","2,98125","0,64","1,045068","2,981125"
"0,65","0,3911654","3,031125","0,65","0,108242","3,031375","0,65","0,295798","3,031125","0,65","0,5637805","3,031375","0,65","0,5319913","3,031375","0,65","0,5254745","3,0315","0,65","0,2190272","3,03125","0,65","1,910051","3,031125","0,65","0,04863739","3,031125","0,65","1,066208","3,03125"
"0,66","0,4022916","3,081125","0,66","0,1098315","3,081375","0,66","0,3093084","3,081125","0,66","0,5930265","3,08125","0,66","0,521183","3,081375","0,66","0,5187988","3,081375","0,66","0,2269745","3,081","0,66","1,940091","3,081125","0,66","0,0483195","3,081125","0,66","1,088301","3,081"
"0,67","0,4123052","3,131125","0,67","0,1130104","3,131375","0,67","0,3196398","3,131125","0,67","0,6205241","3,13125","0,67","0,5071958","3,131375","0,67","0,5076726","3,13125","0,67","0,2353986","3,13125","0,67","1,971881","3,13125","0,67","0,04593531","3,13125","0,67","1,115799","3,13125"
"0,68","0,4218419","3,181125","0,68","0,1173019","3,1815","0,68","0,3229777","3,181125","0,68","0,647227","3,1815","0,68","0,4893939","3,18125","0,68","0,4913012","3,181375","0,68","0,2441406","3,181125","0,68","2,003829","3,181125","0,68","0,04466375","3,18125","0,68","1,144727","3,181125"
"0,69","0,4301071","3,231375","0,69","0,122865","3,231375","0,69","0,3212293","3,231125","0,69","0,6766319","3,231375","0,69","0,465552","3,231375","0,69","0,4707972","3,23125","0,69","0,2549489","3,231125","0,69","2,037525","3,231125","0,69","0,04593531","3,231125","0,69","1,173337","3,231125"
"0,7","0,4366239","3,28125","0,7","0,1276334","3,28125","0,7","0,3209114","3,281125","0,7","0,7073085","3,281375","0,7","0,4382133","3,2815","0,7","0,4483859","3,2815","0,7","0,2690951","3,281125","0,7","2,074401","3,281125","0,7","0,0483195","3,281125","0,7","1,203537","3,281125"
"0,71","0,4353523","3,331125","0,71","0,1293818","3,331125","0,71","0,3288587","3,33125","0,71","0,7330577","3,331375","0,71","0,4107157","3,331375","0,71","0,4229546","3,331375","0,71","0,2834002","3,33125","0,71","2,113024","3,331125","0,71","0,05022685","3,33125","0,71","1,231035","3,331125"
"0,72","0,4154841","3,381","0,72","0,1320839","3,38125","0,72","0,3436407","3,381125","0,72","0,7484754","3,3815","0,72","0,3825823","3,381375","0,72","0,3943443","3,3815","0,72","0,2973875","3,381125","0,72","2,150377","3,381125","0,72","0,0518163","3,38125","0,72","1,252969","3,38125"
"0,73","0,3752708","3,431125","0,73","0,1368523","3,43125","0,73","0,3609657","3,43125","0,73","0,7518132","3,4315","0,73","0,3519058","3,431375","0,73","0,3627141","3,43125","0,73","0,3121694","3,43125","0,73","2,187411","3,43125","0,73","0,05308787","3,431125","0,73","1,27395","3,431125"
"0,74","0,3253619","3,48125","0,74","0,1416206","3,481125","0,74","0,3762245","3,481","0,74","0,7405281","3,48125","0,74","0,3209114","3,481375","0,74","0,3312429","3,481125","0,74","0,328064","3,481125","0,74","2,225081","3,481125","0,74","0,05467733","3,481","0,74","1,295884","3,481125"
"0,75","0,2740224","3,531","0,75","0,1460711","3,53125","0,75","0,3897349","3,53125","0,75","0,7135074","3,531375","0,75","0,2923012","3,531375","0,75","0,3024737","3,531375","0,75","0,342687","3,53125","0,75","2,262115","3,53125","0,75","0,05785624","3,53125","0,75","1,317342","3,53125"
"0,76","0,2171199","3,580875","0,76","0,1514753","3,581375","0,76","0,4048347","3,58125","0,76","0,6763141","3,5815","0,76","0,2659162","3,58125","0,76","0,2778371","3,5815","0,76","0,3547668","3,581125","0,76","2,301375","3,58125","0,76","0,06087621","3,58125","0,76","1,338005","3,58125"
"0,77","0,1546542","3,631","0,77","0,1562436","3,63125","0,77","0,4229546","3,63125","0,77","0,6349881","3,631375","0,77","0,243028","3,631375","0,77","0,257651","3,631375","0,77","0,3670057","3,63125","0,77","2,346357","3,63125","0,77","0,06262461","3,63125","0,77","1,35835","3,631375"
"0,78","0,09918213","3,6785","0,78","0,1591047","3,68125","0,78","0,442028","3,681125","0,78","0,5931854","3,6815","0,78","0,2261798","3,681375","0,78","0,2406438","3,68125","0,78","0,3801982","3,68125","0,78","2,393723","3,68125","0,78","0,06405512","3,681125","0,78","1,378536","3,681125"
"0,79","0,06246567","3,704","0,79","0,1626015","3,731125","0,79","0,4604658","3,73125","0,79","0,5532901","3,731375","0,79","0,2139409","3,73125","0,79","0,2266566","3,73125","0,79","0,3951391","3,73125","0,79","2,43934","3,73125","0,79","0,06580353","3,731375","0,79","1,399199","3,73125"
"0,8","0,02845128","3,705","0,8","0,1681646","3,78125","0,8","0,4774729","3,781375","0,8","0,5148252","3,7815","0,8","0,2047221","3,78125","0,8","0,216643","3,781375","0,8","0,4096031","3,781375","0,8","2,484639","3,781375","0,8","0,06850561","3,781375","0,8","1,423836","3,781375"
,,,"0,81","0,1746814","3,831375","0,81","0,4933675","3,83125","0,81","0,4739761","3,831375","0,81","0,1999537","3,83125","0,81","0,2104441","3,83125","0,81","0,4226367","3,831375","0,81","2,530893","3,83125","0,81","0,07120768","3,831375","0,81","1,449744","3,831375"
,,,"0,82","0,1813571","3,88125","0,82","0,5105336","3,88125","0,82","0,4289945","3,881375","0,82","0,1993179","3,881375","0,82","0,2067884","3,88125","0,82","0,4348755","3,88125","0,82","2,577305","3,88125","0,82","0,07247925","3,881125","0,82","1,47438","3,88125"
,,,"0,83","0,187397","3,931125","0,83","0,529925","3,931375","0,83","0,3833771","3,931375","0,83","0,1977285","3,9245","0,83","0,2047221","3,93125","0,83","0,4488627","3,931375","0,83","2,623717","3,93125","0,83","0,07216135","3,931375","0,83","1,499812","3,931375"
,,,"0,84","0,1921654","3,98125","0,84","0,5497932","3,981375","0,84","0,3395081","3,9815","0,84","0,1928012","3,937875","0,84","0,2055168","3,98125","0,84","0,4639626","3,98125","0,84","2,66997","3,98125","0,84","0,07216135","3,98125","0,84","1,52874","3,98125"
,,,"0,85","0,1975695","4,031375","0,85","0,5691846","4,031375","0,85","0,2989769","4,0315",,,,"0,85","0,207901","4,03125","0,85","0,4793803","4,031375","0,85","2,715588","4,031375","0,85","0,07486343","4,031375","0,85","1,559416","4,031375"
,,,"0,86","0,2044042","4,08125","0,86","0,5892118","4,081125","0,86","0,2660751","4,081375",,,,"0,86","0,2099673","4,081125","0,86","0,4941622","4,081125","0,86","2,762477","4,081125","0,86","0,07804235","4,08125","0,86","1,591524","4,081125"
,,,"0,87","0,2126694","4,13125","0,87","0,6117821","4,131375","0,87","0,2425512","4,131375",,,,"0,87","0,2120336","4,13125","0,87","0,5076726","4,131375","0,87","2,813339","4,131375","0,87","0,08010864","4,131375","0,87","1,625697","4,13125"
,,,"0,88","0,2202988","4,1815","0,88","0,6356239","4,181375","0,88","0,2245903","4,1815",,,,"0,88","0,2155304","4,181375","0,88","0,5180041","4,181375","0,88","2,864679","4,181375","0,88","0,08153915","4,181375","0,88","1,660029","4,181375"
,,,"0,89","0,2269745","4,231375","0,89","0,6583531","4,231125","0,89","0,2091726","4,231375",,,,"0,89","0,219504","4,23125","0,89","0,5238851","4,23125","0,89","2,91268","4,231125","0,89","0,08328756","4,23125","0,89","1,694838","4,23125"
,,,"0,9","0,2338092","4,281375","0,9","0,6802877","4,28125","0,9","0,1988411","4,281375",,,,"0,9","0,2245903","4,281375","0,9","0,527064","4,28125","0,9","2,958934","4,28125","0,9","0,08567175","4,281125","0,9","1,73076","4,281125"
,,,"0,91","0,2404849","4,33125","0,91","0,7025401","4,33125","0,91","0,1951853","4,33125",,,,"0,91","0,2309481","4,33125","0,91","0,5286534","4,33125","0,91","3,003279","4,33125","0,91","0,08757909","4,33125","0,91","1,767953","4,33125"
,,,"0,92","0,246048","4,381375","0,92","0,7251104","4,381375","0,92","0,196139","4,37225",,,,"0,92","0,2377828","4,381375","0,92","0,5278587","4,381375","0,92","3,040791","4,381375","0,92","0,08996328","4,381375","0,92","1,80467","4,38125"
,,,"0,93","0,2520879","4,431375","0,93","0,749429","4,43125","0,93","0,1935959","4,3825",,,,"0,93","0,2449353","4,431375","0,93","0,5227725","4,43125","0,93","3,069242","4,43125","0,93","0,09266535","4,431125","0,93","1,841545","4,43125"
,,,"0,94","0,2595583","4,48125","0,94","0,7747014","4,481125",,,,,,,"0,94","0,2520879","4,48125","0,94","0,5129178","4,481125","0,94","3,085931","4,481125","0,94","0,09441376","4,481125","0,94","1,880487","4,481125"
,,,"0,95","0,2679825","4,53125","0,95","0,799338","4,53125",,,,,,,"0,95","0,2589226","4,531375","0,95","0,5002022","4,53125","0,95","3,08609","4,53125","0,95","0,09504954","4,53125","0,95","1,921177","4,53125"
,,,"0,96","0,2772013","4,5815","0,96","0,8255641","4,581375",,,,,,,"0,96","0,2643267","4,581375","0,96","0,4866918","4,581375","0,96","3,067652","4,581375","0,96","0,09632111","4,581375","0,96","1,962026","4,581375"
,,,"0,97","0,2857844","4,63125","0,97","0,854969","4,63125",,,,,,,"0,97","0,2684593","4,631375","0,97","0,4746119","4,63125","0,97","3,039519","4,63125","0,97","0,1002947","4,63125","0,97","2,004147","4,63125"
,,,"0,98","0,292937","4,681375","0,98","0,8861224","4,681125",,,,,,,"0,98","0,272274","4,68125","0,98","0,462691","4,681125","0,98","3,013293","4,681125","0,98","0,10554","4,681125","0,98","2,046585","4,681125"
,,,"0,99","0,2992948","4,73125","0,99","0,9177526","4,73125",,,,,,,"0,99","0,275135","4,731375","0,99","0,4491806","4,73125","0,99","2,994537","4,73125","0,99","0,1090368","4,73125","0,99","2,087275","4,731125"
,,,"1","0,3064474","4,781375","1","0,9509723","4,78125",,,,,,,"1","0,2786318","4,781375","1","0,4337629","4,78125","1","2,987385","4,78125","1","0,1098315","4,78125","1","2,126058","4,78125"
,,,"1,01","0,3148715","4,831375","1,01","0,9859403","4,83125",,,,,,,"1,01","0,2843539","4,83125","1,01","0,4178683","4,831125","1,01","2,993107","4,83125","1,01","0,1109441","4,83125","1,01","2,165477","4,831125"
,,,"1,02","0,3237724","4,88125","1,02","1,020114","4,881",,,,,,,"1,02","0,2902349","4,88125","1,02","0,4027685","4,881125","1,02","3,004551","4,881125","1,02","0,1138051","4,881","1,02","2,206961","4,881125"
,,,"1,03","0,3320376","4,93125","1,03","1,05381","4,931125",,,,,,,"1,03","0,292937","4,931375","1,03","0,3881454","4,93125","1,03","3,014088","4,93125","1,03","0,1177788","4,93125","1,03","2,248287","4,93125"
,,,"1,04","0,3391902","4,98125","1,04","1,089096","4,98125",,,,,,,"1,04","0,2934138","4,9815","1,04","0,3736814","4,98125","1,04","3,021717","4,98125","1,04","0,1206398","4,98125","1,04","2,285957","4,98125"
,,,"1,05","0,3460248","5,031375","1,05","1,125654","5,03125",,,,,,,"1,05","0,2945264","5,031375","1,05","0,36033","5,03125","1,05","3,029505","5,03125","1,05","0,122865","5,03125","1,05","2,320449","5,03125"
,,,"1,06","0,351429","5,081375","1,06","1,163165","5,081",,,,,,,"1,06","0,2945264","5,081375","1,06","0,3498395","5,081","1,06","3,034751","5,081125","1,06","0,1257261","5,081","1,06","2,353986","5,081"
,,,"1,07","0,3550847","5,13125","1,07","1,202106","5,131125",,,,,,,"1,07","0,2934138","5,131375","1,07","0,3403028","5,13125","1,07","3,03793","5,131125","1,07","0,1301765","5,13125","1,07","2,38657","5,13125"
,,,"1,08","0,3579458","5,181375","1,08","1,241843","5,18125",,,,,,,"1,08","0,292937","5,181375","1,08","0,3296534","5,18125","1,08","3,039519","5,18125","1,08","0,1328786","5,18125","1,08","2,4182","5,18125"
,,,"1,09","0,3611247","5,23125","1,09","1,279513","5,231125",,,,,,,"1,09","0,2942085","5,231375","1,09","0,3196398","5,231125","1,09","3,039996","5,231125","1,09","0,1325607","5,231125","1,09","2,448559","5,231125"
,,,"1,1","0,3650983","5,281375","1,1","1,311302","5,28125",,,,,,,"1,1","0,2954801","5,281375","1,1","0,3110568","5,281125","1,1","3,039837","5,281125","1,1","0,1331965","5,281125","1,1","2,477169","5,281125"
,,,"1,11","0,3685951","5,33125","1,11","1,33721","5,33125",,,,,,,"1,11","0,2954801","5,331375","1,11","0,3042221","5,33125","1,11","3,041108","5,33125","1,11","0,1368523","5,33125","1,11","2,502918","5,331125"
,,,"1,12","0,3706614","5,381375","1,12","1,363436","5,38125",,,,,,,"1,12","0,2942085","5,3815","1,12","0,2985001","5,38125","1,12","3,043811","5,38125","1,12","0,1427333","5,38125","1,12","2,527237","5,38125"
,,,"1,13","0,3709793","5,43125","1,13","1,397292","5,431125",,,,,,,"1,13","0,2937317","5,431375","1,13","0,2942085","5,431125","1,13","3,045877","5,431125","1,13","0,1490911","5,431125","1,13","2,553463","5,43125"
,,,"1,14","0,3706614","5,48125","1,14","1,43973","5,481",,,,,,,"1,14","0,2950033","5,48125","1,14","0,2918243","5,481","1,14","3,049056","5,481","1,14","0,1554489","5,481","1,14","2,581596","5,481"
,,,"1,15","0,3714561","5,53125","1,15","1,486619","5,53125",,,,,,,"1,15","0,2973875","5,531375","1,15","0,2915064","5,53125","1,15","3,054301","5,53125","1,15","0,1595815","5,53125","1,15","2,610366","5,53125"
,,,"1,16","0,3736814","5,581375","1,16","1,53478","5,58125",,,,,,,"1,16","0,2973875","5,5815","1,16","0,2921422","5,58125","1,16","3,060977","5,58125","1,16","0,1618067","5,58125","1,16","2,639611","5,58125"
,,,"1,17","0,3762245","5,631375","1,17","1,585166","5,631375",,,,,,,"1,17","0,2961159","5,631375","1,17","0,2934138","5,63125","1,17","3,068606","5,63125","1,17","0,1635551","5,63125","1,17","2,668381","5,63125"
,,,"1,18","0,3800392","5,681376","1,18","1,639366","5,681125",,,,,,,"1,18","0,2950033","5,68125","1,18","0,2954801","5,681125","1,18","3,077984","5,681125","1,18","0,1673698","5,681125","1,18","2,696037","5,68125"
,,,"1,19","0,3849665","5,73125","1,19","1,696905","5,73125",,,,,,,"1,19","0,2950033","5,73125","1,19","0,298659","5,731375","1,19","3,086408","5,73125","1,19","0,1707077","5,73125","1,19","2,720356","5,73125"
,,,"1,2","0,3911654","5,781375","1,2","1,755396","5,781375",,,,,,,"1,2","0,2953211","5,7815","1,2","0,3026327","5,781375","1,2","3,09356","5,781375","1,2","0,1737277","5,781375","1,2","2,739906","5,781375"
,,,"1,21","0,3964106","5,83125","1,21","1,814206","5,83125",,,,,,,"1,21","0,2962748","5,831375","1,21","0,3050168","5,83125","1,21","3,100872","5,83125","1,21","0,1770655","5,83125","1,21","2,754052","5,831375"
,,,"1,22","0,3984769","5,88125","1,22","1,873811","5,881125",,,,,,,"1,22","0,2981822","5,88125","1,22","0,3053347","5,88125","1,22","3,108819","5,88125","1,22","0,1808802","5,88125","1,22","2,765656","5,88125"
,,,"1,23","0,3956159","5,931125","1,23","1,934528","5,931376",,,,,,,"1,23","0,3005663","5,931376","1,23","0,3056526","5,931376","1,23","3,117402","5,931376","1,23","0,1842181","5,93125","1,23","2,78155","5,931376"
,,,"1,24","0,3881454","5,98125","1,24","1,995722","5,981375",,,,,,,"1,24","0,301679","5,98125","1,24","0,3072421","5,981375","1,24","3,127734","5,981375","1,24","0,1888275","5,98125","1,24","2,804597","5,98125"
,,,"1,25","0,3794034","6,03125","1,25","2,057711","6,031375",,,,,,,"1,25","0,3013611","6,031375","1,25","0,3105799","6,031375","1,25","3,140132","6,031375","1,25","0,1948674","6,03125","1,25","2,831777","6,031375"
,,,"1,26","0,3720919","6,08125","1,26","2,120495","6,08125",,,,,,,"1,26","0,301679","6,08125","1,26","0,313282","6,081125","1,26","3,152053","6,081125","1,26","0,2009074","6,08125","1,26","2,858003","6,081125"
,,,"1,27","0,3662109","6,131125","1,27","2,181848","6,131375",,,,,,,"1,27","0,3048579","6,13125","1,27","0,3150304","6,131375","1,27","3,162702","6,131375","1,27","0,2056758","6,131375","1,27","2,882481","6,131375"
,,,"1,28","0,3611247","6,181376","1,28","2,241135","6,181376",,,,,,,"1,28","0,3088315","6,181376","1,28","0,3164609","6,181376","1,28","3,173828","6,181376","1,28","0,2104441","6,181376","1,28","2,907117","6,181376"
,,,"1,29","0,3585815","6,23125","1,29","2,301375","6,23125",,,,,,,"1,29","0,3097852","6,231375","1,29","0,3182093","6,23125","1,29","3,185749","6,23125","1,29","0,2142588","6,23125","1,29","2,931118","6,23125"
,,,"1,3","0,3585815","6,28125","1,3","2,36543","6,28125",,,,,,,"1,3","0,3085136","6,28125","1,3","0,3205935","6,28125","1,3","3,19767","6,28125","1,3","0,2174377","6,28125","1,3","2,953212","6,28125"
,,,"1,31","0,3595352","6,331125","1,31","2,43187","6,331375",,,,,,,"1,31","0,3072421","6,331125","1,31","0,3228188","6,331375","1,31","3,209591","6,33125","1,31","0,2222061","6,331375","1,31","2,972444","6,33125"
,,,"1,32","0,3590584","6,381375","1,32","2,499898","6,381375",,,,,,,"1,32","0,3050168","6,381375","1,32","0,3232956","6,381375","1,32","3,220081","6,381375","1,32","0,228246","6,381375","1,32","2,987862","6,381375"
,,,"1,33","0,3577868","6,431376","1,33","2,56904","6,43125",,,,,,,"1,33","0,301679","6,431376","1,33","0,3236135","6,43125","1,33","3,229141","6,43125","1,33","0,2334913","6,43125","1,33","2,99867","6,43125"
,,,"1,34","0,3577868","6,48125","1,34","2,638976","6,481125",,,,,,,"1,34","0,2985001","6,48125","1,34","0,3237724","6,481125","1,34","3,237406","6,481125","1,34","0,2388954","6,481125","1,34","3,004869","6,481"
,,,"1,35","0,3609657","6,53125","1,35","2,709548","6,53125",,,,,,,"1,35","0,2954801","6,531375","1,35","0,3245672","6,53125","1,35","3,246307","6,53125","1,35","0,2457301","6,531375","1,35","3,006458","6,53125"
,,,"1,36","0,365893","6,581375","1,36","2,780755","6,58125",,,,,,,"1,36","0,2907117","6,581375","1,36","0,324885","6,58125","1,36","3,255844","6,581375","1,36","0,2525648","6,581375","1,36","3,004233","6,58125"
,,,"1,37","0,3698667","6,63125","1,37","2,85085","6,63125",,,,,,,"1,37","0,2835592","6,63125","1,37","0,3256798","6,631375","1,37","3,266176","6,63125","1,37","0,2581278","6,631375","1,37","3,0001","6,63125"
,,,"1,38","0,3706614","6,681376","1,38","2,919038","6,681125",,,,,,,"1,38","0,2770424","6,681125","1,38","0,328064","6,68125","1,38","3,278414","6,681125","1,38","0,2628962","6,681125","1,38","2,993743","6,681125"
,,,"1,39","0,3685951","6,73125","1,39","2,98516","6,73125",,,,,,,"1,39","0,272274","6,73125","1,39","0,3301302","6,73125","1,39","3,291925","6,73125","1,39","0,2679825","6,73125","1,39","2,984683","6,731125"
,,,"1,4","0,365893","6,781375","1,4","3,050645","6,78125",,,,,,,"1,4","0,2683004","6,781375","1,4","0,3304482","6,781375","1,4","3,304958","6,78125","1,4","0,2732277","6,781375","1,4","2,972444","6,78125"
,,,"1,41","0,3643036","6,83125","1,41","3,117085","6,83125",,,,,,,"1,41","0,2644857","6,831375","1,41","0,3301302","6,83125","1,41","3,317674","6,83125","1,41","0,2787908","6,83125","1,41","2,954801","6,83125"
,,,"1,42","0,3622373","6,881375","1,42","3,187815","6,881125",,,,,,,"1,42","0,2619425","6,88125","1,42","0,3312429","6,881125","1,42","3,330867","6,881125","1,42","0,283877","6,881125","1,42","2,925555","6,88125"
,,,"1,43","0,3595352","6,93125","1,43","3,26252","6,93125",,,,,,,"1,43","0,2592405","6,931376","1,43","0,3341039","6,93125","1,43","3,344854","6,93125","1,43","0,287056","6,93125","1,43","2,877394","6,93125"
,,,"1,44","0,3563563","6,981375","1,44","3,338337","6,98125",,,,,,,"1,44","0,2555847","6,9815","1,44","0,3379186","6,98125","1,44","3,358682","6,98125","1,44","0,2897581","6,98125","1,44","2,79506","6,98125"
,,,"1,45","0,3519058","7,031375","1,45","3,413995","7,03125",,,,,,,"1,45","0,25177","7,031375","1,45","0,3418922","7,03125","1,45","3,371398","7,03125","1,45","0,2934138","7,03125","1,45","2,664725","7,031126"
,,,"1,46","0,345548","7,081501","1,46","3,489971","7,081125",,,,,,,"1,46","0,2484322","7,081375","1,46","0,3452301","7,081125","1,46","3,383001","7,081","1,46","0,2962748","7,081125","1,46","2,493382","7,081125"
,,,"1,47","0,3399849","7,13125","1,47","3,56547","7,13125",,,,,,,"1,47","0,2457301","7,131375","1,47","0,3460248","7,13125","1,47","3,394922","7,13125","1,47","0,2970695","7,13125","1,47","2,317746","7,13125"
,,,"1,48","0,3371239","7,181376","1,48","3,639221","7,181251",,,,,,,"1,48","0,246048","7,181376","1,48","0,3458659","7,181251","1,48","3,407637","7,181125","1,48","0,2973875","7,181251","1,48","2,173583","7,181251"
,,,"1,49","0,3333092","7,231375","1,49","3,710906","7,231125",,,,,,,"1,49","0,2493858","7,231375","1,49","0,3479322","7,23125","1,49","3,420035","7,23125","1,49","0,2992948","7,231125","1,49","2,069632","7,23125"
,,,"1,5","0,3275871","7,2815","1,5","3,781319","7,281126",,,,,,,"1,5","0,2528826","7,281375","1,5","0,3550847","7,28125","1,5","3,432274","7,281126","1,5","0,3032684","7,28125","1,5","1,995405","7,281126"
,,,"1,51","0,3228188","7,33125","1,51","3,849506","7,331125",,,,,,,"1,51","0,2544721","7,331375","1,51","0,365893","7,33125","1,51","3,444195","7,33125","1,51","0,3077189","7,33125","1,51","1,941363","7,33125"
,,,"1,52","0,3209114","7,381375","1,52","3,915628","7,38125",,,,,,,"1,52","0,2557437","7,3815","1,52","0,377655","7,38125","1,52","3,455321","7,38125","1,52","0,3121694","7,38125","1,52","1,902103","7,38125"
,,,"1,53","0,3201167","7,431376","1,53","3,982703","7,431251",,,,,,,"1,53","0,2587636","7,4315","1,53","0,3897349","7,431251","1,53","3,465176","7,431251","1,53","0,3174146","7,431251","1,53","1,873493","7,431251"
,,,"1,54","0,3205935","7,481375","1,54","4,049937","7,481125",,,,,,,"1,54","0,2621015","7,481125","1,54","0,4016558","7,481","1,54","3,476302","7,481","1,54","0,324885","7,481","1,54","1,852353","7,481"
,,,"1,55","0,3240903","7,53125","1,55","4,113992","7,531126",,,,,,,"1,55","0,2644857","7,53125","1,55","0,4111926","7,531126","1,55","3,488382","7,53125","1,55","0,3355344","7,53125","1,55","1,83471","7,531126"
,,,"1,56","0,3291766","7,581375","1,56","4,173597","7,581",,,,,,,"1,56","0,2667109","7,581375","1,56","0,4159609","7,581","1,56","3,500144","7,581125","1,56","0,3487269","7,581","1,56","1,817385","7,581125"
,,,"1,57","0,3325144","7,631375","1,57","4,230817","7,631125",,,,,,,"1,57","0,2690951","7,631375","1,57","0,4165967","7,631125","1,57","3,509362","7,631125","1,57","0,3619194","7,631125","1,57","1,802603","7,631125"
,,,"1,58","0,3341039","7,681251","1,58","4,286289","7,681",,,,,,,"1,58","0,2719561","7,681251","1,58","0,4150073","7,681","1,58","3,516833","7,681","1,58","0,3738403","7,681","1,58","1,790682","7,681"
,,,"1,59","0,336806","7,731125","1,59","4,339218","7,731125",,,,,,,"1,59","0,2754529","7,731125","1,59","0,4103979","7,731125","1,59","3,522396","7,731125","1,59","0,3840128","7,731125","1,59","1,779556","7,731125"
,,,"1,6","0,339667","7,78125","1,6","4,389445","7,781126",,,,,,,"1,6","0,2779961","7,781375","1,6","0,4007021","7,781126","1,6","3,525734","7,781126","1,6","0,3929138","7,78125","1,6","1,770814","7,781126"
,,,"1,61","0,3418922","7,831376","1,61","4,436334","7,831125",,,,,,,"1,61","0,2806982","7,831376","1,61","0,3879865","7,831125","1,61","3,529231","7,831125","1,61","0,4007021","7,831125","1,61","1,767953","7,831125"
,,,"1,62","0,3444354","7,88125","1,62","4,479249","7,881125",,,,,,,"1,62","0,2846718","7,881125","1,62","0,3749529","7,881001","1,62","3,533681","7,881125","1,62","0,40706","7,881125","1,62","1,769702","7,881001"
,,,"1,63","0,3476143","7,931251","1,63","4,516602","7,931125",,,,,,,"1,63","0,2886454","7,931251","1,63","0,3625552","7,931251","1,63","3,539562","7,931251","1,63","0,4110336","7,931251","1,63","1,772722","7,931251"
,,,"1,64","0,3492037","7,98125","1,64","4,549185","7,981125",,,,,,,"1,64","0,2897581","7,98125","1,64","0,3490448","7,981125","1,64","3,545125","7,981125","1,64","0,4135768","7,981125","1,64","1,77447","7,981125"
,,,"1,65","0,3492037","8,031375","1,65","4,580498","8,031125",,,,,,,"1,65","0,2891223","8,03125","1,65","0,3352165","8,031125","1,65","3,549576","8,03125","1,65","0,4175504","8,031125","1,65","1,77749","8,03125"
,,,"1,66","0,3482501","8,08125","1,66","4,612605","8,081125",,,,,,,"1,66","0,2907117","8,08125","1,66","0,3237724","8,081","1,66","3,553391","8,081","1,66","0,4226367","8,081","1,66","1,781623","8,081125"
,,,"1,67","0,3479322","8,131125","1,67","4,64201","8,131125",,,,,,,"1,67","0,2945264","8,131125","1,67","0,3153483","8,13125","1,67","3,557523","8,13125","1,67","0,4266103","8,13125","1,67","1,785914","8,13125"
,,,"1,68","0,3490448","8,181251","1,68","4,667282","8,181251",,,,,,,"1,68","0,2978643","8,181251","1,68","0,3080368","8,181251","1,68","3,563404","8,181251","1,68","0,4289945","8,181251","1,68","1,78798","8,181251"
,,,"1,69","0,3523827","8,231251","1,69","4,694303","8,231126",,,,,,,"1,69","0,3000895","8,231251","1,69","0,3000895","8,231126","1,69","3,569444","8,231126","1,69","0,4301071","8,231251","1,69","1,788775","8,231251"
,,,"1,7","0,3569921","8,28125","1,7","4,73086","8,28125",,,,,,,"1,7","0,3037453","8,28125","1,7","0,2938906","8,28125","1,7","3,573735","8,281125","1,7","0,4309019","8,281125","1,7","1,787821","8,281125"
,,,"1,71","0,3609657","8,331125","1,71","4,776796","8,33125",,,,,,,"1,71","0,3080368","8,33125","1,71","0,289917","8,33125","1,71","3,576915","8,331125","1,71","0,4321734","8,33125","1,71","1,783053","8,33125"
,,,"1,72","0,363032","8,38125","1,72","4,827341","8,381375",,,,,,,"1,72","0,3105799","8,38125","1,72","0,2881686","8,38125","1,72","3,579776","8,38125","1,72","0,4356702","8,38125","1,72","1,775106","8,38125"
,,,"1,73","0,3657341","8,431376","1,73","4,88011","8,431251",,,,,,,"1,73","0,3121694","8,431376","1,73","0,2891223","8,431251","1,73","3,581365","8,431251","1,73","0,4401207","8,431126","1,73","1,76096","8,431251"
,,,"1,74","0,3701846","8,481251","1,74","4,931927","8,481",,,,,,,"1,74","0,3164609","8,481251","1,74","0,2910296","8,481","1,74","3,580888","8,481","1,74","0,4437765","8,481","1,74","1,733144","8,481"
,,,"1,75","0,3752708","8,531125","1,75","4,980723","8,53125",,,,,,,"1,75","0,3228188","8,531375","1,75","0,2915064","8,53125","1,75","3,578186","8,53125","1,75","0,4460017","8,53125","1,75","1,690229","8,531125"
,,,"1,76","0,3797213","8,581375","1,76","5,027771","8,58125",,,,,,,"1,76","0,3277461","8,581375","1,76","0,292937","8,58125","1,76","3,57453","8,58125","1,76","0,4485448","8,58125","1,76","1,647313","8,58125"
,,,"1,77","0,3852844","8,631375","1,77","5,073865","8,63125",,,,,,,"1,77","0,3293355","8,631375","1,77","0,2969106","8,63125","1,77","3,570874","8,631125","1,77","0,453949","8,631125","1,77","1,622995","8,63125"
,,,"1,78","0,3927549","8,681251","1,78","5,117575","8,681126",,,,,,,"1,78","0,3301302","8,681251","1,78","0,3021558","8,681126","1,78","3,566901","8,681126","1,78","0,4611015","8,681126","1,78","1,61775","8,681126"
,,,"1,79","0,3992716","8,731126","1,79","5,160491","8,731126",,,,,,,"1,79","0,3325144","8,731251","1,79","0,3066063","8,731126","1,79","3,56102","8,731251","1,79","0,4660288","8,731251","1,79","1,620611","8,731251"
,,,"1,8","0,4064242","8,78125","1,8","5,209764","8,78125",,,,,,,"1,8","0,336806","8,781376","1,8","0,3105799","8,78125","1,8","3,553867","8,78125","1,8","0,4668236","8,78125","1,8","1,624107","8,78125"
,,,"1,81","0,4151662","8,83125","1,81","5,273819","8,83125",,,,,,,"1,81","0,3415743","8,83125","1,81","0,3156662","8,831125","1,81","3,547827","8,831125","1,81","0,4663467","8,831125","1,81","1,626174","8,831125"
,,,"1,82","0,4226367","8,88125","1,82","5,356312","8,881125",,,,,,,"1,82","0,3460248","8,881125","1,82","0,322024","8,881125","1,82","3,545125","8,881125","1,82","0,4663467","8,881125","1,82","1,629353","8,881125"
,,,"1,83","0,4258156","8,931251","1,83","5,45454","8,931251",,,,,,,"1,83","0,3498395","8,931251","1,83","0,3285408","8,931251","1,83","3,543854","8,931251","1,83","0,4671415","8,931251","1,83","1,635234","8,931251"
,,,"1,84","0,427405","8,981376","1,84","5,561829","8,981251",,,,,,,"1,84","0,3495216","8,981376","1,84","0,3347397","8,981251","1,84","3,53988","8,981251","1,84","0,4687309","8,981126","1,84","1,643181","8,981251"
,,,"1,85","0,4302661","9,031501","1,85","5,671501","9,03125",,,,,,,"1,85","0,3431638","9,03125","1,85","0,3410975","9,03125","1,85","3,53241","9,031376","1,85","0,471433","9,03125","1,85","1,652082","9,031376"
,,,"1,86","0,4329681","9,081375","1,86","5,780379","9,081125",,,,,,,"1,86","0,3323555","9,08125","1,86","0,3471375","9,081125","1,86","3,522873","9,081125","1,86","0,4754066","9,081125","1,86","1,662413","9,081125"
,,,"1,87","0,4353523","9,13125","1,87","5,888939","9,13125",,,,,,,"1,87","0,3213882","9,13125","1,87","0,3534953","9,131375","1,87","3,512223","9,131125","1,87","0,4806519","9,131375","1,87","1,673857","9,131375"
,,,"1,88","0,4382133","9,1815","1,88","5,99877","9,181251",,,,,,,"1,88","0,3140768","9,181376","1,88","0,3593763","9,181376","1,88","3,500303","9,181251","1,88","0,4849434","9,181251","1,88","1,684666","9,181251"
,,,"1,89","0,439326","9,231376","1,89","6,11194","9,231251",,,,,,,"1,89","0,3077189","9,231251","1,89","0,3646215","9,231126","1,89","3,48711","9,231251","1,89","0,4854202","9,231251","1,89","1,694838","9,231251"
,,,"1,9","0,4404386","9,281376","1,9","6,228924","9,281125",,,,,,,"1,9","0,2992948","9,28125","1,9","0,3693899","9,28125","1,9","3,473123","9,28125","1,9","0,4822413","9,28125","1,9","1,705329","9,28125"
,,,"1,91","0,4405975","9,33125","1,91","6,346385","9,33125",,,,,,,"1,91","0,2873739","9,331375","1,91","0,3725688","9,33125","1,91","3,4585","9,331375","1,91","0,4779498","9,331375","1,91","1,716296","9,331375"
,,,"1,92","0,433286","9,3815","1,92","6,460508","9,381375",,,,,,,"1,92","0,2738635","9,381375","1,92","0,3744761","9,38125","1,92","3,443082","9,381375","1,92","0,4746119","9,38125","1,92","1,725515","9,381375"
,,,"1,93","0,418663","9,4315","1,93","6,570339","9,431251",,,,,,,"1,93","0,263532","9,431376","1,93","0,3760656","9,431376","1,93","3,427029","9,431376","1,93","0,471433","9,431251","1,93","1,732985","9,431376"
,,,"1,94","0,4083315","9,481376","1,94","6,677946","9,481001",,,,,,,"1,94","0,2579689","9,481251","1,94","0,3781319","9,481126","1,94","3,410498","9,481251","1,94","0,4674594","9,481251","1,94","1,740138","9,481126"
,,,"1,95","0,4016558","9,531376","1,95","6,784121","9,531501",,,,,,,"1,95","0,2555847","9,531376","1,95","0,3792445","9,531376","1,95","3,395557","9,531376","1,95","0,4623731","9,531376","1,95","1,748085","9,531376"
,,,"1,96","0,3881454","9,5815","1,96","6,88982","9,58125",,,,,,,"1,96","0,2536774","9,5815","1,96","0,3794034","9,581375","1,96","3,381411","9,58125","1,96","0,4564921","9,581375","1,96","1,756509","9,58125"
,,,"1,97","0,3701846","9,631375","1,97","6,995042","9,631375",,,,,,,"1,97","0,2524058","9,63125","1,97","0,3800392","9,63125","1,97","3,365358","9,631375","1,97","0,4523595","9,63125","1,97","1,764933","9,631375"
,,,"1,98","0,3555616","9,681376","1,98","7,099628","9,681251",,,,,,,"1,98","0,2501806","9,681251","1,98","0,3821055","9,681251","1,98","3,346761","9,681251","1,98","0,4507701","9,681126","1,98","1,773198","9,681126"
,,,"1,99","0,3418922","9,731251","1,99","7,202943","9,731376",,,,,,,"1,99","0,2476374","9,731251","1,99","0,3849665","9,731251","1,99","3,326893","9,731251","1,99","0,4512469","9,731376","1,99","1,779874","9,731251"
,,,"2","0,3275871","9,781376","2","7,30594","9,781376",,,,,,,"2","0,2454122","9,781376","2","0,3852844","9,781501","2","3,305912","9,781501","2","0,4544258","9,781501","2","1,784643","9,781376"
,,,"2,01","0,3185272","9,831375","2,01","7,410844","9,831375",,,,,,,"2,01","0,2446175","9,831375","2,01","0,383695","9,83125","2,01","3,28366","9,83125","2,01","0,4579226","9,831375","2,01","1,787504","9,831375"
,,,"2,02","0,3150304","9,881375","2,02","7,518927","9,88125",,,,,,,"2,02","0,2462069","9,881125","2,02","0,3844897","9,88125","2,02","3,263314","9,881375","2,02","0,4572868","9,88125","2,02","1,788775","9,88125"
,,,"2,03","0,3137589","9,931251","2,03","7,627805","9,931376",,,,,,,"2,03","0,2497037","9,931376","2,03","0,3900528","9,931376","2,03","3,246307","9,9315","2,03","0,4525185","9,931376","2,03","1,786709","9,931376"
,,,"2,04","0,3140768","9,981251","2,04","7,736047","9,981376",,,,,,,"2,04","0,25177","9,981251","2,04","0,3980001","9,981251","2,04","3,228664","9,981251","2,04","0,4469554","9,981251","2,04","1,782417","9,981251"
,,,"2,05","0,3156662","10,03138","2,05","7,843653","10,03125",,,,,,,"2,05","0,2520879","10,03138","2,05","0,4062653","10,03138","2,05","3,206094","10,03138","2,05","0,442187","10,03138","2,05","1,77749","10,03138"
,,,"2,06","0,3150304","10,08125","2,06","7,950942","10,08113",,,,,,,"2,06","0,2539953","10,08125","2,06","0,4135768","10,08113","2,06","3,180186","10,08113","2,06","0,4369418","10,08113","2,06","1,772086","10,08125"
,,,"2,07","0,3145536","10,13113","2,07","8,056641","10,13138",,,,,,,"2,07","0,257651","10,13125","2,07","0,4189809","10,13138","2,07","3,151576","10,13125","2,07","0,4316966","10,13125","2,07","1,764774","10,13138"
,,,"2,08","0,3197988","10,18138","2,08","8,161227","10,18125",,,,,,,"2,08","0,2616247","10,18138","2,08","0,4229546","10,18138","2,08","3,120263","10,18125","2,08","0,4270872","10,18125","2,08","1,753648","10,18125"
,,,"2,09","0,3283819","10,23125","2,09","8,266608","10,23125",,,,,,,"2,09","0,2648036","10,23125","2,09","0,424703","10,23125","2,09","3,087521","10,23113","2,09","0,4239082","10,23113","2,09","1,740615","10,23125"
,,,"2,1","0,3352165","10,28125","2,1","8,373101","10,28113",,,,,,,"2,1","0,2679825","10,28138","2,1","0,4221598","10,28113","2,1","3,057003","10,28113","2,1","0,4229546","10,28113","2,1","1,727581","10,28125"
,,,"2,11","0,3415743","10,33125","2,11","8,478165","10,33125",,,,,,,"2,11","0,2716382","10,33138","2,11","0,4146894","10,33113","2,11","3,028711","10,33125","2,11","0,4213651","10,33125","2,11","1,714388","10,33113"
,,,"2,12","0,3482501","10,38125","2,12","8,583863","10,38125",,,,,,,"2,12","0,2759298","10,38138","2,12","0,4038811","10,38125","2,12","3,001372","10,38125","2,12","0,4183451","10,38125","2,12","1,700401","10,38138"
,,,"2,13","0,3539721","10,43138","2,13","8,696397","10,43125",,,,,,,"2,13","0,2795855","10,43138","2,13","0,3913244","10,43125","2,13","2,97308","10,43125","2,13","0,4170736","10,43125","2,13","1,685778","10,43125"
,,,"2,14","0,3609657","10,48125","2,14","8,816401","10,481",,,,,,,"2,14","0,2834002","10,48125","2,14","0,3773371","10,48113","2,14","2,943357","10,48113","2,14","0,418663","10,48113","2,14","1,669407","10,481"
,,,"2,15","0,3705025","10,53125","2,15","8,936723","10,53125",,,,,,,"2,15","0,2859434","10,5315","2,15","0,3627141","10,53125","2,15","2,911885","10,53113","2,15","0,4197756","10,53125","2,15","1,651128","10,53125"
,,,"2,16","0,3773371","10,58138","2,16","9,051641","10,58125",,,,,,,"2,16","0,287056","10,58138","2,16","0,348409","10,58125","2,16","2,875805","10,58125","2,16","0,4170736","10,58125","2,16","1,631419","10,58125"
,,,"2,17","0,3817876","10,63125","2,17","9,160519","10,63125",,,,,,,"2,17","0,2881686","10,63138","2,17","0,3347397","10,63125","2,17","2,828598","10,63113","2,17","0,4151662","10,63125","2,17","1,610279","10,63125"
,,,"2,18","0,3876686","10,68138","2,18","9,265423","10,68113",,,,,,,"2,18","0,2894402","10,68125","2,18","0,3228188","10,68113","2,18","2,764384","10,68125","2,18","0,4165967","10,68113","2,18","1,584848","10,68113"
,,,"2,19","0,3927549","10,73113","2,19","9,367943","10,73125",,,,,,,"2,19","0,2905528","10,73138","2,19","0,3137589","10,73125","2,19","2,68666","10,73113","2,19","0,4181862","10,73125","2,19","1,54829","10,73113"
,,,"2,2","0,3940264","10,78125","2,2","9,468238","10,78125",,,,,,,"2,2","0,2921422","10,7815","2,2","0,3077189","10,78125","2,2","2,60671","10,78138","2,2","0,4173914","10,78125","2,2","1,4925","10,78138"
,,,"2,21","0,3960927","10,83125","2,21","9,565194","10,83125",,,,,,,"2,21","0,2946854","10,83138","2,21","0,3026327","10,83125","2,21","2,530098","10,83125","2,21","0,415802","10,83125","2,21","1,417001","10,83125"
,,,"2,22","0,4008611","10,88113","2,22","9,658973","10,88113",,,,,,,"2,22","0,2965927","10,88125","2,22","0,2994537","10,88113","2,22","2,45444","10,88113","2,22","0,4143715","10,88113","2,22","1,335303","10,88113"
,,,"2,23","0,4059474","10,93113","2,23","9,748776","10,93125",,,,,,,"2,23","0,2973875","10,93138","2,23","0,3000895","10,93125","2,23","2,374967","10,93125","2,23","0,4135768","10,93125","2,23","1,259327","10,93125"
,,,"2,24","0,4088084","10,98125","2,24","9,836197","10,98125",,,,,,,"2,24","0,2977053","10,9815","2,24","0,3026327","10,98125","2,24","2,289931","10,98125","2,24","0,4138947","10,98125","2,24","1,184146","10,98125"
,,,"2,25","0,409921","11,03125","2,25","9,925365","11,03125",,,,,,,"2,25","0,2978643","11,0315","2,25","0,3056526","11,03125","2,25","2,196153","11,03125","2,25","0,4167557","11,03125","2,25","1,101017","11,03125"
,,,"2,26","0,4107157","11,08125","2,26","10,01787","11,08113",,,,,,,"2,26","0,2981822","11,08138","2,26","0,3080368","11,08113","2,26","2,093633","11,08113","2,26","0,4205704","11,08113","2,26","1,018524","11,08113"
,,,"2,27","0,412782","11,13113","2,27","10,11117","11,13125",,,,,,,"2,27","0,3008842","11,13138","2,27","0,3101031","11,13125","2,27","1,982371","11,13125","2,27","0,4242261","11,13125","2,27","0,9531975","11,13125"
,,,"2,28","0,4165967","11,18138","2,28","10,20145","11,18138",,,,,,,"2,28","0,3048579","11,1815","2,28","0,3121694","11,18125","2,28","1,852353","11,18138","2,28","0,4269282","11,18138","2,28","0,9083748","11,18125"
,,,"2,29","0,4191399","11,23125","2,29","10,28903","11,23113",,,,,,,"2,29","0,3072421","11,23138","2,29","0,3145536","11,23125","2,29","1,681487","11,23125","2,29","0,4281998","11,23125","2,29","0,8765857","11,23125"
,,,"2,3","0,4207293","11,28125","2,3","10,37709","11,28125",,,,,,,"2,3","0,3088315","11,28138","2,3","0,3182093","11,28113","2,3","1,457691","11,28125","2,3","0,4302661","11,28125","2,3","0,8527438","11,28125"
,,,"2,31","0,4234314","11,33125","2,31","10,46705","11,33125",,,,,,,"2,31","0,3101031","11,33138","2,31","0,3232956","11,33138","2,31","1,206716","11,33138","2,31","0,4326502","11,33138","2,31","0,8335114","11,33125"
,,,"2,32","0,427405","11,38125","2,32","10,55765","11,38125",,,,,,,"2,32","0,3108978","11,38138","2,32","0,3288587","11,38138","2,32","0,9822845","11,38138","2,32","0,4342397","11,38138","2,32","0,8153915","11,38138"
,,,"2,33","0,4324913","11,43138","2,33","10,64936","11,43125",,,,,,,"2,33","0,3116926","11,43138","2,33","0,3344218","11,43125","2,33","0,8207957","11,43125","2,33","0,4340807","11,43125","2,33","0,7979075","11,43125"
,,,"2,34","0,4401207","11,48125","2,34","10,74362","11,48113",,,,,,,"2,34","0,3140768","11,48125","2,34","0,3407796","11,48113","2,34","0,7192294","11,481","2,34","0,4329681","11,48113","2,34","0,7826487","11,48113"
,,,"2,35","0,4496574","11,53125","2,35","10,84137","11,53125",,,,,,,"2,35","0,3180504","11,53125","2,35","0,3476143","11,53125","2,35","0,6562869","11,53138","2,35","0,433445","11,53138","2,35","0,7692973","11,53125"
,,,"2,36","0,4576047","11,58138","2,36","10,94007","11,58125",,,,,,,"2,36","0,3205935","11,58138","2,36","0,3538132","11,58125","2,36","0,6113052","11,58113","2,36","0,4361471","11,58125","2,36","0,7573764","11,58125"
,,,"2,37","0,4658699","11,63125","2,37","11,03767","11,63125",,,,,,,"2,37","0,3229777","11,63138","2,37","0,3593763","11,63138","2,37","0,5664825","11,63125","2,37","0,4385312","11,63125","2,37","0,7462502","11,63125"
,,,"2,38","0,4762014","11,68138","2,38","11,13383","11,68113",,,,,,,"2,38","0,3259977","11,68125","2,38","0,3638268","11,68113","2,38","0,4981359","11,68125","2,38","0,439326","11,68113","2,38","0,734965","11,68113"
,,,"2,39","0,4846255","11,73113","2,39","11,22983","11,73125",,,,,,,"2,39","0,3275871","11,73113","2,39","0,3673235","11,73125","2,39","0,3967285","11,73125","2,39","0,4401207","11,73138","2,39","0,7214546","11,73125"
,,,"2,4","0,4920959","11,78138","2,4","11,32743","11,78125",,,,,,,"2,4","0,3259977","11,78138","2,4","0,3701846","11,78125","2,4","0,2867381","11,78138","2,4","0,442028","11,78125","2,4","0,7079442","11,78138"
,,,"2,41","0,5016327","11,83125","2,41","11,42677","11,83125",,,,,,,"2,41","0,3217061","11,83125","2,41","0,3725688","11,83138","2,41","0,1983643","11,83125","2,41","0,445207","11,83125","2,41","0,6952286","11,83138"
,,,"2,42","0,5089442","11,88125","2,42","11,52674","11,88125",,,,,,,"2,42","0,3164609","11,88125","2,42","0,3746351","11,88125","2,42","0,1301765","11,88125","2,42","0,4485448","11,88125","2,42","0,6845792","11,88125"
,,,"2,43","0,5121231","11,93125","2,43","11,62434","11,93125",,,,,,,"2,43","0,3105799","11,93125","2,43","0,3773371","11,93125","2,43","0,07295609","11,92488","2,43","0,4504522","11,93125","2,43","0,6763141","11,93125"
,,,"2,44","0,5175273","11,98125","2,44","11,71859","11,98125",,,,,,,"2,44","0,3040632","11,98138","2,44","0,3800392","11,98125","2,44","0,02908707","11,93963","2,44","0,4491806","11,98125","2,44","0,6690025","11,98113"
,,,"2,45","0,5243619","12,03125","2,45","11,81014","12,03138",,,,,,,"2,45","0,2962748","12,03125","2,45","0,3824234","12,03125",,,,"2,45","0,4460017","12,03125","2,45","0,6594658","12,03125"
,,,"2,46","0,5246798","12,08125","2,46","11,89582","12,08113",,,,,,,"2,46","0,2889633","12,08113","2,46","0,3841718","12,08113",,,,"2,46","0,4429817","12,08113","2,46","0,6492932","12,08113"
,,,"2,47","0,5215009","12,13113","2,47","11,96782","12,13125",,,,,,,"2,47","0,2835592","12,13125","2,47","0,386397","12,13125",,,,"2,47","0,4404386","12,13125","2,47","0,6419818","12,13125"
,,,"2,48","0,5224546","12,18138","2,48","12,02536","12,18125",,,,,,,"2,48","0,2791087","12,18138","2,48","0,3900528","12,18125",,,,"2,48","0,4358292","12,18125","2,48","0,6364186","12,18125"
,,,"2,49","0,5243619","12,23125","2,49","12,07749","12,23113",,,,,,,"2,49","0,2730688","12,23125","2,49","0,3951391","12,23125",,,,"2,49","0,4301071","12,23113","2,49","0,6297429","12,23113"
,,,"2,5","0,5227725","12,28125","2,5","12,13725","12,28113",,,,,,,"2,5","0,266393","12,28113","2,5","0,3999074","12,28113",,,,"2,5","0,4250208","12,28113","2,5","0,6221135","12,28113"
,,,"2,51","0,521183","12,33125","2,51","12,21339","12,33113",,,,,,,"2,51","0,2611478","12,33125","2,51","0,4027685","12,33113",,,,"2,51","0,421524","12,33113","2,51","0,6144841","12,33113"
,,,"2,52","0,5235672","12,38138","2,52","12,3024","12,38125",,,,,,,"2,52","0,2573331","12,38138","2,52","0,4024506","12,38125",,,,"2,52","0,4189809","12,38125","2,52","0,6066958","12,38125"
,,,"2,53","0,5259514","12,43138","2,53","12,39459","12,43113",,,,,,,"2,53","0,2555847","12,4315","2,53","0,4024506","12,43113",,,,"2,53","0,4165967","12,43113","2,53","0,5998611","12,43113"
,,,"2,54","0,5259514","12,48125","2,54","12,47931","12,481",,,,,,,"2,54","0,2555847","12,48138","2,54","0,4056295","12,481",,,,"2,54","0,4134178","12,481","2,54","0,5946159","12,481"
,,,"2,55","0,5264282","12,53138","2,55","12,55051","12,53113",,,,,,,"2,55","0,2573331","12,5315","2,55","0,4138947","12,53113",,,,"2,55","0,4086494","12,53113","2,55","0,5903244","12,53113"
,,,"2,56","0,5280177","12,58138","2,56","12,60773","12,58125",,,,,,,"2,56","0,2597173","12,58138","2,56","0,4250208","12,58125",,,,"2,56","0,40404","12,58125","2,56","0,585556","12,58125"
,,,"2,57","0,5296071","12,63138","2,57","12,65176","12,63113",,,,,,,"2,57","0,2627373","12,63138","2,57","0,4369418","12,63125",,,,"2,57","0,4008611","12,63113","2,57","0,5804698","12,63113"
,,,"2,58","0,5327861","12,68138","2,58","12,68482","12,68113",,,,,,,"2,58","0,2667109","12,68125","2,58","0,4464785","12,68113",,,,"2,58","0,3991127","12,68113","2,58","0,5747477","12,68113"
,,,"2,59","0,535965","12,73125","2,59","12,71439","12,73113",,,,,,,"2,59","0,2708435","12,73125","2,59","0,4496574","12,73113",,,,"2,59","0,3964106","12,73113","2,59","0,5699794","12,73113"
,,,"2,6","0,5381902","12,78138","2,6","12,75015","12,78113",,,,,,,"2,6","0,2735456","12,78138","2,6","0,4472733","12,78113",,,,"2,6","0,3916422","12,78125","2,6","0,5685489","12,78125"
,,,"2,61","0,5367597","12,83138","2,61","12,79449","12,83113",,,,,,,"2,61","0,2764066","12,83138","2,61","0,4405975","12,83113",,,,"2,61","0,3857613","12,83113","2,61","0,5699794","12,83113"
,,,"2,62","0,5230904","12,88138","2,62","12,84234","12,88113",,,,,,,"2,62","0,2814929","12,88125","2,62","0,4313787","12,881",,,,"2,62","0,3821055","12,88113","2,62","0,5707741","12,881"
,,,"2,63","0,4881223","12,93138","2,63","12,89066","12,93113",,,,,,,"2,63","0,2865791","12,93125","2,63","0,4181862","12,93125",,,,"2,63","0,3825823","12,93113","2,63","0,5688667","12,93113"
,,,"2,64","0,4398028","12,98138","2,64","12,93914","12,98113",,,,,,,"2,64","0,2883275","12,98138","2,64","0,4024506","12,98113",,,,"2,64","0,3849665","12,98113","2,64","0,5672773","12,98113"
,,,"2,65","0,3964106","13,0315","2,65","12,98841","13,03125",,,,,,,"2,65","0,2891223","13,03138","2,65","0,3871918","13,03125",,,,"2,65","0,3871918","13,03113","2,65","0,5685489","13,03113"
,,,"2,66","0,3665288","13,0815","2,66","13,03546","13,081",,,,,,,"2,66","0,2921422","13,08138","2,66","0,3709793","13,081",,,,"2,66","0,3879865","13,081","2,66","0,5725225","13,081"
,,,"2,67","0,3490448","13,13125","2,67","13,08028","13,13113",,,,,,,"2,67","0,2965927","13,13138","2,67","0,3527006","13,13125",,,,"2,67","0,3876686","13,13113","2,67","0,5764961","13,13113"
,,,"2,68","0,3379186","13,18138","2,68","13,12494","13,18125",,,,,,,"2,68","0,2994537","13,1815","2,68","0,3355344","13,18125",,,,"2,68","0,3876686","13,18125","2,68","0,5787213","13,18125"
,,,"2,69","0,3296534","13,23138","2,69","13,16786","13,23113",,,,,,,"2,69","0,2992948","13,23138","2,69","0,3232956","13,23113",,,,"2,69","0,3889402","13,23113","2,69","0,5799929","13,23113"
,,,"2,7","0,3253619","13,2815","2,7","13,20505","13,28113",,,,,,,"2,7","0,2985001","13,28138","2,7","0,3145536","13,28113",,,,"2,7","0,3916422","13,28113","2,7","0,5820592","13,28113"
,,,"2,71","0,3240903","13,33125","2,71","13,23493","13,33113",,,,,,,"2,71","0,2994537","13,33138","2,71","0,307401","13,33125",,,,"2,71","0,3948212","13,33125","2,71","0,5842845","13,33125"
,,,"2,72","0,3236135","13,38138","2,72","13,25766","13,38125",,,,,,,"2,72","0,3032684","13,38138","2,72","0,3010432","13,38125",,,,"2,72","0,3991127","13,38113","2,72","0,585556","13,38113"
,,,"2,73","0,3256798","13,43138","2,73","13,27578","13,43125",,,,,,,"2,73","0,3069242","13,43138","2,73","0,2953211","13,43113",,,,"2,73","0,4027685","13,43113","2,73","0,5858739","13,43113"
,,,"2,74","0,3304482","13,48125","2,74","13,28659","13,48113",,,,,,,"2,74","0,3081957","13,48125","2,74","0,289917","13,48113",,,,"2,74","0,4059474","13,48113","2,74","0,5850792","13,481"
,,,"2,75","0,3371239","13,53125","2,75","13,28023","13,53138",,,,,,,"2,75","0,3089905","13,53125","2,75","0,2851486","13,53125",,,,"2,75","0,4103979","13,53125","2,75","0,5831718","13,53125"
,,,"2,76","0,3439585","13,58138","2,76","13,24574","13,58125",,,,,,,"2,76","0,3096263","13,58138","2,76","0,2830823","13,58125",,,,"2,76","0,4151662","13,58125","2,76","0,5803108","13,58125"
,,,"2,77","0,3487269","13,63138","2,77","13,18693","13,63125",,,,,,,"2,77","0,3085136","13,63125","2,77","0,2862612","13,63113",,,,"2,77","0,4199346","13,63113","2,77","0,576814","13,63125"
,,,"2,78","0,3507932","13,68125","2,78","13,12049","13,68125",,,,,,,"2,78","0,3066063","13,68113","2,78","0,2930959","13,681",,,,"2,78","0,4262924","13,68113","2,78","0,5720456","13,68125"
,,,"2,79","0,3539721","13,73125","2,79","13,06009","13,73125",,,,,,,"2,79","0,3061295","13,73113","2,79","0,2992948","13,73125",,,,"2,79","0,433445","13,73125","2,79","0,5668004","13,73125"
,,,"2,8","0,3590584","13,78138","2,8","13,0051","13,78138",,,,,,,"2,8","0,3072421","13,78138","2,8","0,3040632","13,78138",,,,"2,8","0,4401207","13,78125","2,8","0,5629857","13,78138"
,,,"2,81","0,3627141","13,83138","2,81","12,94947","13,83125",,,,,,,"2,81","0,3089905","13,83138","2,81","0,3096263","13,83138",,,,"2,81","0,4460017","13,83125","2,81","0,5609195","13,83138"
,,,"2,82","0,365893","13,88125","2,82","12,88907","13,88125",,,,,,,"2,82","0,3113747","13,88113","2,82","0,3153483","13,88125",,,,"2,82","0,450929","13,88125","2,82","0,5574226","13,88125"
,,,"2,83","0,3706614","13,93125","2,83","12,81404","13,93138",,,,,,,"2,83","0,3129641","13,93125","2,83","0,3204346","13,93138",,,,"2,83","0,4536311","13,93138","2,83","0,5521774","13,93125"
,,,"2,84","0,3754298","13,98125","2,84","12,70517","13,98138",,,,,,,"2,84","0,3129641","13,98125","2,84","0,324885","13,98125",,,,"2,84","0,4547437","13,98125","2,84","0,5466143","13,98125"
,,,"2,85","0,3794034","14,03138","2,85","12,54145","14,03138",,,,,,,"2,85","0,3134409","14,03125","2,85","0,3304482","14,03138",,,,"2,85","0,4563332","14,03125","2,85","0,541846","14,03138"
,,,"2,86","0,383695","14,08125","2,86","12,3175","14,08125",,,,,,,"2,86","0,3150304","14,08125","2,86","0,3364881","14,08113",,,,"2,86","0,4583994","14,08125","2,86","0,538985","14,08113"
,,,"2,87","0,3889402","14,13113","2,87","12,01947","14,13125",,,,,,,"2,87","0,3166199","14,13113","2,87","0,3415743","14,13138",,,,"2,87","0,4587173","14,13138","2,87","0,5373955","14,13138"
,,,"2,88","0,3964106","14,1815","2,88","11,57077","14,18138",,,,,,,"2,88","0,3182093","14,18125","2,88","0,3463427","14,18138",,,,"2,88","0,4580816","14,18125","2,88","0,5354881","14,18138"
,,,"2,89","0,40404","14,23138","2,89","10,85424","14,23125",,,,,,,"2,89","0,3196398","14,23125","2,89","0,3522237","14,23138",,,,"2,89","0,4564921","14,23125","2,89","0,5326271","14,23125"
,,,"2,9","0,409921","14,28125","2,9","9,83429","14,28138",,,,,,,"2,9","0,3213882","14,28138","2,9","0,3590584","14,28125",,,,"2,9","0,4517237","14,28125","2,9","0,5294482","14,28125"
,,,"2,91","0,4126231","14,33125","2,91","8,622806","14,33138",,,,,,,"2,91","0,3225009","14,33125","2,91","0,3650983","14,33125",,,,"2,91","0,445207","14,33138","2,91","0,5275409","14,33125"
,,,"2,92","0,4146894","14,38138","2,92","7,43262","14,38138",,,,,,,"2,92","0,3229777","14,38138","2,92","0,3681183","14,38138",,,,"2,92","0,4417101","14,38138","2,92","0,5254745","14,3815"
,,,"2,93","0,4167557","14,43138","2,93","6,43158","14,43138",,,,,,,"2,93","0,322183","14,43138","2,93","0,3697077","14,43125",,,,"2,93","0,4396439","14,43125","2,93","0,5232493","14,43125"
,,,"2,94","0,418663","14,48138","2,94","5,536715","14,48113",,,,,,,"2,94","0,3213882","14,48125","2,94","0,3730456","14,48113",,,,"2,94","0,4345576","14,48113","2,94","0,5219777","14,48113"
,,,"2,95","0,4199346","14,53125","2,95","4,43538","14,53125",,,,,,,"2,95","0,3225009","14,53138","2,95","0,3773371","14,53138",,,,"2,95","0,427405","14,53138","2,95","0,5207062","14,53138"
,,,"2,96","0,4226367","14,58138","2,96","3,013293","14,58138",,,,,,,"2,96","0,3229777","14,58138","2,96","0,3797213","14,58138",,,,"2,96","0,4223188","14,58138","2,96","0,5180041","14,58125"
,,,"2,97","0,4258156","14,63138","2,97","1,651128","14,63138",,,,,,,"2,97","0,3190041","14,63138","2,97","0,3817876","14,63138",,,,"2,97","0,4202525","14,63138","2,97","0,5168915","14,63138"
,,,"2,98","0,4286766","14,68138","2,98","0,8117358","14,68125",,,,,,,"2,98","0,3121694","14,68125","2,98","0,3852844","14,68125",,,,"2,98","0,418663","14,68113","2,98","0,5172094","14,68125"
,,,"2,99","0,4321734","14,73125","2,99","0,5064011","14,73125",,,,,,,"2,99","0,3050168","14,73125","2,99","0,3881454","14,73125",,,,"2,99","0,4167557","14,73125","2,99","0,515302","14,73125"
,,,"3","0,4369418","14,78138","3","0,4345576","14,78138",,,,,,,"3","0,2970695","14,78138","3","0,3892581","14,78138",,,,"3","0,4138947","14,78138","3","0,5127589","14,78138"
,,,"3,01","0,4417101","14,83138","3,01","0,3940264","14,83125",,,,,,,"3,01","0,289917","14,83138","3,01","0,3900528","14,83113",,,,"3,01","0,4103979","14,83125","3,01","0,5121231","14,83125"
,,,"3,02","0,4477501","14,88138","3,02","0,3482501","14,88113",,,,,,,"3,02","0,2857844","14,88125","3,02","0,392437","14,88125",,,,"3,02","0,4094442","14,88113","3,02","0,512441","14,88113"
,,,"3,03","0,4588763","14,93125","3,03","0,3089905","14,93113",,,,,,,"3,03","0,2835592","14,93138","3,03","0,3956159","14,93125",,,,"3,03","0,4094442","14,93125","3,03","0,5113284","14,93125"
,,,"3,04","0,4730225","14,98125","3,04","0,2846718","14,98113",,,,,,,"3,04","0,2795855","14,9815","3,04","0,3975233","14,98125",,,,"3,04","0,40706","14,98125","3,04","0,5087852","14,98125"
,,,"3,05","0,4858971","15,03138","3,05","0,2772013","15,03125",,,,,,,"3,05","0,2746582","15,03138","3,05","0,3976822","15,03125",,,,"3,05","0,4038811","15,03125","3,05","0,5064011","15,03125"
,,,"3,06","0,4997253","15,08125","3,06","0,2851486","15,081",,,,,,,"3,06","0,2700488","15,08138","3,06","0,398318","15,081",,,,"3,06","0,4038811","15,081","3,06","0,5049706","15,08088"
,,,"3,07","0,5175273","15,13125","3,07","0,3018379","15,13113",,,,,,,"3,07","0,266393","15,13138","3,07","0,4027685","15,13113",,,,"3,07","0,4062653","15,13113","3,07","0,5056064","15,13113"
,,,"3,08","0,5375544","15,18138","3,08","0,319322","15,18113",,,,,,,"3,08","0,2643267","15,18138","3,08","0,4118284","15,18113",,,,"3,08","0,4078547","15,18113","3,08","0,5064011","15,18113"
,,,"3,09","0,5588531","15,23138","3,09","0,3336271","15,23113",,,,,,,"3,09","0,2636909","15,23125","3,09","0,4213651","15,23113",,,,"3,09","0,409921","15,23113","3,09","0,5057653","15,23113"
,,,"3,1","0,5811055","15,28125","3,1","0,3442764","15,281",,,,,,,"3,1","0,2619425","15,28138","3,1","0,4297892","15,28113",,,,"3,1","0,4142126","15,28113","3,1","0,5040169","15,28113"
,,,"3,11","0,60304","15,33113","3,11","0,3534953","15,33113",,,,,,,"3,11","0,2584457","15,33138","3,11","0,4369418","15,33113",,,,"3,11","0,4178683","15,33113","3,11","0,5024274","15,33125"
,,,"3,12","0,6260872","15,38125","3,12","0,3649394","15,38125",,,,,,,"3,12","0,2557437","15,3815","3,12","0,4417101","15,38125",,,,"3,12","0,4202525","15,38138","3,12","0,5021095","15,38125"
,,,"3,13","0,6516774","15,43125","3,13","0,3789266","15,43113",,,,,,,"3,13","0,2541542","15,43138","3,13","0,4412333","15,43125",,,,"3,13","0,424544","15,43113","3,13","0,5017917","15,43113"
,,,"3,14","0,6753604","15,48125","3,14","0,3900528","15,481",,,,,,,"3,14","0,2532005","15,48125","3,14","0,4358292","15,481",,,,"3,14","0,4309019","15,481","3,14","0,500838","15,481"
,,,"3,15","0,6936391","15,53125","3,15","0,3929138","15,53125",,,,,,,"3,15","0,2536774","15,53138","3,15","0,4289945","15,53125",,,,"3,15","0,4361471","15,53125","3,15","0,5000432","15,53125"
,,,"3,16","0,7111232","15,58138","3,16","0,386556","15,58125",,,,,,,"3,16","0,2565384","15,5815","3,16","0,4199346","15,58125",,,,"3,16","0,4385312","15,58125","3,16","0,4986127","15,58125"
,,,"3,17","0,7294019","15,63125","3,17","0,3757477","15,63125",,,,,,,"3,17","0,2613068","15,63138","3,17","0,40706","15,63125",,,,"3,17","0,442028","15,63125","3,17","0,4973412","15,63125"
,,,"3,18","0,7462502","15,68125","3,18","0,365893","15,68113",,,,,,,"3,18","0,2655983","15,68138","3,18","0,3916422","15,68113",,,,"3,18","0,448068","15,68113","3,18","0,4973412","15,68113"
,,,"3,19","0,7624626","15,73113","3,19","0,3587405","15,73125",,,,,,,"3,19","0,2687772","15,73125","3,19","0,3746351","15,73125",,,,"3,19","0,4541079","15,73125","3,19","0,497818","15,73125"
,,,"3,2","0,7783572","15,78138","3,2","0,3523827","15,78138",,,,,,,"3,2","0,272274","15,7815","3,2","0,3563563","15,78138",,,,"3,2","0,4588763","15,78138","3,2","0,4981359","15,78138"
,,,"3,21","0,7898013","15,83125","3,21","0,3442764","15,83125",,,,,,,"3,21","0,2770424","15,83138","3,21","0,3388723","15,83125",,,,"3,21","0,4631678","15,83125","3,21","0,4994074","15,83125"
,,,"3,22","0,7898013","15,88113","3,22","0,3339449","15,88125",,,,,,,"3,22","0,281175","15,88125","3,22","0,3259977","15,88125",,,,"3,22","0,4692078","15,88125","3,22","0,5017917","15,88125"
,,,"3,23","0,7748604","15,93125","3,23","0,3225009","15,9315",,,,,,,"3,23","0,283877","15,93138","3,23","0,3169378","15,93138",,,,"3,23","0,4754066","15,93138","3,23","0,5040169","15,93138"
,,,"3,24","0,743707","15,98125","3,24","0,3121694","15,98125",,,,,,,"3,24","0,2857844","15,98138","3,24","0,3085136","15,98138",,,,"3,24","0,4785856","15,98138","3,24","0,5056064","15,98138"
,,,"3,25","0,6980896","16,03125","3,25","0,3032684","16,03138",,,,,,,"3,25","0,2883275","16,03138","3,25","0,3005663","16,03125",,,,"3,25","0,4785856","16,03138","3,25","0,5060832","16,03138"
,,,"3,26","0,6408691","16,08125","3,26","0,2945264","16,08113",,,,,,,"3,26","0,2921422","16,08125","3,26","0,2938906","16,08113",,,,"3,26","0,4777908","16,08113","3,26","0,5060832","16,08125"
,,,"3,27","0,5771319","16,131","3,27","0,2849897","16,13138",,,,,,,"3,27","0,2962748","16,13138","3,27","0,2891223","16,13138",,,,"3,27","0,4769961","16,13138","3,27","0,5076726","16,13138"
,,,"3,28","0,5140305","16,18125","3,28","0,275135","16,18138",,,,,,,"3,28","0,2997716","16,18138","3,28","0,2875328","16,18138",,,,"3,28","0,4758835","16,18138","3,28","0,5119641","16,18138"
,,,"3,29","0,4520416","16,23125","3,29","0,2651215","16,23125",,,,,,,"3,29","0,3021558","16,23125","3,29","0,2886454","16,23125",,,,"3,29","0,4755656","16,23125","3,29","0,5143483","16,23125"
,,,"3,3","0,3916422","16,28125","3,3","0,2516111","16,28125",,,,,,,"3,3","0,3032684","16,28125","3,3","0,2905528","16,28113",,,,"3,3","0,4763603","16,28113","3,3","0,5135536","16,28113"
,,,"3,31","0,3476143","16,33113","3,31","0,2350807","16,33125",,,,,,,"3,31","0,3037453","16,33125","3,31","0,2921422","16,33138",,,,"3,31","0,4747709","16,33125","3,31","0,5129178","16,33125"
,,,"3,32","0,328064","16,38125","3,32","0,2214114","16,38138",,,,,,,"3,32","0,30454","16,38138","3,32","0,2950033","16,38138",,,,"3,32","0,4700025","16,38138","3,32","0,5156199","16,38138"
,,,"3,33","0,3118515","16,43138","3,33","0,2118746","16,43125",,,,,,,"3,33","0,3056526","16,43125","3,33","0,2994537","16,43125",,,,"3,33","0,4652341","16,43138","3,33","0,5192757","16,43125"
,,,"3,34","0,2953211","16,48125","3,34","0,2028147","16,48112",,,,,,,"3,34","0,3072421","16,48112","3,34","0,3053347","16,48112",,,,"3,34","0,4618963","16,481","3,34","0,5203883","16,48112"
,,,"3,35","0,2978643","16,53125","3,35","0,1935959","16,53125",,,,,,,"3,35","0,3102621","16,53138","3,35","0,3116926","16,53113",,,,"3,35","0,4580816","16,53125","3,35","0,5203883","16,53125"
,,,"3,36","0,3072421","16,58138","3,36","0,1848539","16,57625",,,,,,,"3,36","0,313282","16,58125","3,36","0,3185272","16,58125",,,,"3,36","0,4533132","16,58125","3,36","0,5207062","16,58138"
,,,"3,37","0,3040632","16,63125","3,37","0,1730919","16,593",,,,,,,"3,37","0,3134409","16,63125","3,37","0,3253619","16,63113",,,,"3,37","0,4501343","16,63125","3,37","0,5215009","16,63125"
,,,"3,38","0,3064474","16,68125",,,,,,,,,,"3,38","0,3124873","16,68125","3,38","0,3320376","16,68113",,,,"3,38","0,4493395","16,68113","3,38","0,5208651","16,681"
,,,"3,39","0,3209114","16,73112",,,,,,,,,,"3,39","0,313282","16,73112","3,39","0,3383954","16,73112",,,,"3,39","0,4491806","16,73125","3,39","0,5187988","16,73112"
,,,"3,4","0,328064","16,78125",,,,,,,,,,"3,4","0,316143","16,7815","3,4","0,3442764","16,78125",,,,"3,4","0,4477501","16,78125","3,4","0,515302","16,78125"
,,,"3,41","0,3312429","16,83125",,,,,,,,,,"3,41","0,3190041","16,83125","3,41","0,3492037","16,83125",,,,"3,41","0,4467964","16,83113","3,41","0,5121231","16,83125"
,,,"3,42","0,3466606","16,88125",,,,,,,,,,"3,42","0,322183","16,88125","3,42","0,3538132","16,88113",,,,"3,42","0,4472733","16,88113","3,42","0,5103747","16,88113"
,,,"3,43","0,3611247","16,93138",,,,,,,,,,"3,43","0,3259977","16,93138","3,43","0,3590584","16,93125",,,,"3,43","0,4493395","16,93113","3,43","0,5081494","16,93125"
,,,"3,44","0,3638268","16,98138",,,,,,,,,,"3,44","0,3283819","16,98138","3,44","0,3650983","16,98112",,,,"3,44","0,4507701","16,98125","3,44","0,503699","16,98112"
,,,"3,45","0,3697077","17,03138",,,,,,,,,,"3,45","0,3285408","17,03138","3,45","0,3705025","17,03125",,,,"3,45","0,450929","17,03113","3,45","0,497818","17,03125"
,,,"3,46","0,3813108","17,08138",,,,,,,,,,"3,46","0,3283819","17,08125","3,46","0,3730456","17,08113",,,,"3,46","0,4485448","17,08113","3,46","0,4922549","17,08113"
,,,"3,47","0,3849665","17,13125",,,,,,,,,,"3,47","0,3285408","17,13138","3,47","0,3736814","17,13125",,,,"3,47","0,4456838","17,13125","3,47","0,4882813","17,13125"
,,,"3,48","0,3849665","17,1815",,,,,,,,,,"3,48","0,3275871","17,18138","3,48","0,3744761","17,18125",,,,"3,48","0,4444122","17,18125","3,48","0,4851023","17,18125"
,,,"3,49","0,3937086","17,23138",,,,,,,,,,"3,49","0,3245672","17,23138","3,49","0,3757477","17,23125",,,,"3,49","0,4453659","17,23125","3,49","0,4819234","17,23112"
,,,"3,5","0,4000664","17,2815",,,,,,,,,,"3,5","0,322024","17,28138","3,5","0,3792445","17,28125",,,,"3,5","0,4464785","17,28125","3,5","0,480175","17,28125"
,,,"3,51","0,3960927","17,33125",,,,,,,,,,"3,51","0,3196398","17,33138","3,51","0,3848076","17,33125",,,,"3,51","0,4467964","17,33125","3,51","0,480175","17,33125"
,,,"3,52","0,3940264","17,38138",,,,,,,,,,"3,52","0,3153483","17,3815","3,52","0,3903707","17,38125",,,,"3,52","0,4467964","17,38125","3,52","0,4809698","17,38125"
,,,"3,53","0,3959338","17,43138",,,,,,,,,,"3,53","0,3097852","17,43138","3,53","0,3945033","17,43125",,,,"3,53","0,4472733","17,43125","3,53","0,4809698","17,43125"
,,,"3,54","0,3911654","17,48138",,,,,,,,,,"3,54","0,3037453","17,48125","3,54","0,398318","17,48112",,,,"3,54","0,4475912","17,481","3,54","0,4793803","17,48112"
,,,"3,55","0,3852844","17,53138",,,,,,,,,,"3,55","0,2977053","17,53138","3,55","0,4022916","17,53125",,,,"3,55","0,4472733","17,53125","3,55","0,4782677","17,53125"
,,,"3,56","0,3848076","17,58138",,,,,,,,,,"3,56","0,2921422","17,58138","3,56","0,4059474","17,58113",,,,"3,56","0,4485448","17,58113","3,56","0,480175","17,58125"
,,,"3,57","0,3824234","17,63138",,,,,,,,,,"3,57","0,2883275","17,63138","3,57","0,4088084","17,63125",,,,"3,57","0,4525185","17,63125","3,57","0,4841487","17,63125"
,,,"3,58","0,3746351","17,68138",,,,,,,,,,"3,58","0,2846718","17,68125","3,58","0,409921","17,68113",,,,"3,58","0,45681","17,68125","3,58","0,4866918","17,68113"
,,,"3,59","0,3701846","17,73125",,,,,,,,,,"3,59","0,2795855","17,73125","3,59","0,4094442","17,73125",,,,"3,59","0,4587173","17,73125","3,59","0,4858971","17,73125"
,,,"3,6","0,3697077","17,78138",,,,,,,,,,"3,6","0,2767245","17,78138","3,6","0,4107157","17,78125",,,,"3,6","0,4587173","17,78125","3,6","0,4833539","17,78125"
,,,"3,61","0,3666878","17,83138",,,,,,,,,,"3,61","0,2759298","17,83138","3,61","0,4183451","17,83125",,,,"3,61","0,4595121","17,83125","3,61","0,4798571","17,83113"
,,,"3,62","0,3643036","17,88138",,,,,,,,,,"3,62","0,2746582","17,88113","3,62","0,4302661","17,88113",,,,"3,62","0,4620552","17,88113","3,62","0,4774729","17,88113"
,,,"3,63","0,365893","17,93125",,,,,,,,,,"3,63","0,2719561","17,93125","3,63","0,442028","17,93125",,,,"3,63","0,4658699","17,93125","3,63","0,474294","17,93125"
,,,"3,64","0,3673235","17,98138",,,,,,,,,,"3,64","0,2703667","17,98138","3,64","0,4525185","17,98125",,,,"3,64","0,4695257","17,98125","3,64","0,4642805","17,98113"
,,,"3,65","0,3666878","18,0315",,,,,,,,,,"3,65","0,2690951","18,03138","3,65","0,4628499","18,03125",,,,"3,65","0,471433","18,03125","3,65","0,442028","18,03125"
,,,"3,66","0,3673235","18,08138",,,,,,,,,,"3,66","0,2668699","18,08113","3,66","0,4679362","18,08113",,,,"3,66","0,4706383","18,08113","3,66","0,4130999","18,08125"
,,,"3,67","0,368913","18,13125",,,,,,,,,,"3,67","0,2651215","18,13125","3,67","0,4636447","18,13138",,,,"3,67","0,468413","18,13138","3,67","0,3897349","18,13125"
,,,"3,68","0,3698667","18,18138",,,,,,,,,,"3,68","0,2640088","18,18125","3,68","0,4531542","18,18125",,,,"3,68","0,4658699","18,18125","3,68","0,3762245","18,18125"
,,,"3,69","0,3728867","18,23125",,,,,,,,,,"3,69","0,2636909","18,23125","3,69","0,4401207","18,23113",,,,"3,69","0,4634857","18,23125","3,69","0,3682772","18,23113"
,,,"3,7","0,3773371","18,28138",,,,,,,,,,"3,7","0,2643267","18,28125","3,7","0,424703","18,28125",,,,"3,7","0,4634857","18,28113","3,7","0,3627141","18,28113"
,,,"3,71","0,3805161","18,33113",,,,,,,,,,"3,71","0,2651215","18,33125","3,71","0,4072189","18,33125",,,,"3,71","0,4647573","18,33125","3,71","0,3582636","18,33125"
,,,"3,72","0,3833771","18,38125",,,,,,,,,,"3,72","0,266393","18,38125","3,72","0,3897349","18,38125",,,,"3,72","0,4631678","18,38138","3,72","0,3534953","18,38125"
,,,"3,73","0,3884633","18,43125",,,,,,,,,,"3,73","0,2683004","18,43125","3,73","0,3738403","18,43113",,,,"3,73","0,4595121","18,43113","3,73","0,3498395","18,43125"
,,,"3,74","0,3959338","18,48125",,,,,,,,,,"3,74","0,2716382","18,48125","3,74","0,3585815","18,481",,,,"3,74","0,4572868","18,48113","3,74","0,3490448","18,48113"
,,,"3,75","0,4054705","18,53113",,,,,,,,,,"3,75","0,2764066","18,53138","3,75","0,3436407","18,53125",,,,"3,75","0,4571279","18,53138","3,75","0,3498395","18,53125"
,,,"3,76","0,4165967","18,58125",,,,,,,,,,"3,76","0,2803802","18,58138","3,76","0,3312429","18,58125",,,,"3,76","0,4560153","18,58125","3,76","0,3507932","18,58125"
,,,"3,77","0,4261335","18,63125",,,,,,,,,,"3,77","0,2834002","18,63138","3,77","0,3217061","18,63125",,,,"3,77","0,4552206","18,63125","3,77","0,3515879","18,63125"
,,,"3,78","0,4329681","18,68125",,,,,,,,,,"3,78","0,2859434","18,68125","3,78","0,3140768","18,68113",,,,"3,78","0,4549026","18,68113","3,78","0,3519058","18,68113"
,,,"3,79","0,4398028","18,73113",,,,,,,,,,"3,79","0,2878507","18,73125","3,79","0,3081957","18,73113",,,,"3,79","0,453949","18,73125","3,79","0,3522237","18,73113"
,,,"3,8","0,448068","18,78138",,,,,,,,,,"3,8","0,2883275","18,78138","3,8","0,3037453","18,78125",,,,"3,8","0,4520416","18,78125","3,8","0,35429","18,78125"
,,,"3,81","0,4541079","18,83125",,,,,,,,,,"3,81","0,2891223","18,83125","3,81","0,3000895","18,83113",,,,"3,81","0,4504522","18,83113","3,81","0,3566742","18,83113"
,,,"3,82","0,4564921","18,88125",,,,,,,,,,"3,82","0,2910296","18,88125","3,82","0,2981822","18,88113",,,,"3,82","0,4475912","18,88113","3,82","0,3593763","18,88113"
,,,"3,83","0,4564921","18,93125",,,,,,,,,,"3,83","0,2942085","18,93125","3,83","0,2977053","18,93125",,,,"3,83","0,4436175","18,93125","3,83","0,3622373","18,93125"
,,,"3,84","0,4525185","18,98125",,,,,,,,,,"3,84","0,2989769","18,98138","3,84","0,2977053","18,98125",,,,"3,84","0,4409154","18,98138","3,84","0,3657341","18,98125"
,,,"3,85","0,4445712","19,03138",,,,,,,,,,"3,85","0,3042221","19,03138","3,85","0,2997716","19,03138",,,,"3,85","0,4404386","19,03138","3,85","0,3685951","19,03125"
,,,"3,86","0,4348755","19,08138",,,,,,,,,,"3,86","0,3085136","19,08125","3,86","0,30454","19,08113",,,,"3,86","0,4390081","19,08113","3,86","0,3698667","19,08113"
,,,"3,87","0,4253387","19,13125",,,,,,,,,,"3,87","0,3110568","19,13138","3,87","0,3108978","19,13125",,,,"3,87","0,4377365","19,13125","3,87","0,3725688","19,13138"
,,,"3,88","0,4150073","19,1815",,,,,,,,,,"3,88","0,313282","19,18138","3,88","0,3150304","19,18125",,,,"3,88","0,4385312","19,18125","3,88","0,3762245","19,18125"
,,,"3,89","0,4038811","19,23138",,,,,,,,,,"3,89","0,3145536","19,23125","3,89","0,3180504","19,23125",,,,"3,89","0,4404386","19,23113","3,89","0,3773371","19,23113"
,,,"3,9","0,3916422","19,28138",,,,,,,,,,"3,9","0,3153483","19,28138","3,9","0,3232956","19,28113",,,,"3,9","0,442187","19,28113","3,9","0,3762245","19,28113"
,,,"3,91","0,3765424","19,33125",,,,,,,,,,"3,91","0,3158251","19,33138","3,91","0,3312429","19,33125",,,,"3,91","0,4436175","19,33125","3,91","0,3754298","19,33125"
,,,"3,92","0,36033","19,38138",,,,,,,,,,"3,92","0,3164609","19,38138","3,92","0,3388723","19,38138",,,,"3,92","0,4444122","19,38138","3,92","0,3757477","19,38125"
,,,"3,93","0,3468195","19,4315",,,,,,,,,,"3,93","0,3169378","19,43138","3,93","0,3463427","19,43125",,,,"3,93","0,4444122","19,43125","3,93","0,3762245","19,43125"
,,,"3,94","0,3356934","19,48125",,,,,,,,,,"3,94","0,3196398","19,48125","3,94","0,3534953","19,48113",,,,"3,94","0,4432996","19,48113","3,94","0,3765424","19,48113"
,,,"3,95","0,3264745","19,53125",,,,,,,,,,"3,95","0,3256798","19,53138","3,95","0,3582636","19,53138",,,,"3,95","0,4413923","19,53138","3,95","0,3762245","19,53125"
,,,"3,96","0,3209114","19,58138",,,,,,,,,,"3,96","0,3333092","19,58138","3,96","0,3614426","19,58125",,,,"3,96","0,4385312","19,58138","3,96","0,3757477","19,58125"
,,,"3,97","0,3185272","19,63138",,,,,,,,,,"3,97","0,339667","19,63125","3,97","0,3665288","19,63138",,,,"3,97","0,4358292","19,63125","3,97","0,3757477","19,63125"
,,,"3,98","0,316143","19,68125",,,,,,,,,,"3,98","0,3428459","19,68125","3,98","0,3722509","19,68125",,,,"3,98","0,4345576","19,68113","3,98","0,3749529","19,68125"
,,,"3,99","0,3153483","19,73113",,,,,,,,,,"3,99","0,3442764","19,73125","3,99","0,3765424","19,73125",,,,"3,99","0,4324913","19,73125","3,99","0,3712972","19,73125"
,,,"4","0,3188451","19,78138",,,,,,,,,,"4","0,3458659","19,7815","4","0,3801982","19,78125",,,,"4","0,4289945","19,78138","4","0,365893","19,78138"
,,,"4,01","0,3244082","19,83138",,,,,,,,,,"4,01","0,348409","19,83138","4,01","0,3844897","19,83125",,,,"4,01","0,4269282","19,83125","4,01","0,3611247","19,83125"
,,,"4,02","0,3293355","19,88125",,,,,,,,,,"4,02","0,351429","19,88113","4,02","0,3876686","19,88125",,,,"4,02","0,4254977","19,88113","4,02","0,3574689","19,88125"
,,,"4,03","0,3336271","19,93113",,,,,,,,,,"4,03","0,3530184","19,93138","4,03","0,3900528","19,93125",,,,"4,03","0,4231135","19,93138","4,03","0,3534953","19,93125"
,,,"4,04","0,3360113","19,98125",,,,,,,,,,"4,04","0,3527006","19,98138","4,04","0,3929138","19,98125",,,,"4,04","0,421524","19,98125","4,04","0,3492037","19,98125"
,,,"4,05","0,3372828","20,03138",,,,,,,,,,"4,05","0,351429","20,03138","4,05","0,395298","20,03125",,,,"4,05","0,4218419","20,03125","4,05","0,3463427","20,03125"
,,,"4,06","0,3410975","20,08125",,,,,,,,,,"4,06","0,3487269","20,08125","4,06","0,3964106","20,08113",,,,"4,06","0,421524","20,08113","4,06","0,3439585","20,08113"
,,,"4,07","0,3479322","20,13113",,,,,,,,,,"4,07","0,3452301","20,13125","4,07","0,398318","20,13125",,,,"4,07","0,4183451","20,13125","4,07","0,3423691","20,13125"
,,,"4,08","0,3531774","20,18125",,,,,,,,,,"4,08","0,3407796","20,18138","4,08","0,4007021","20,18125",,,,"4,08","0,4142126","20,18125","4,08","0,3418922","20,18125"
,,,"4,09","0,3566742","20,23125",,,,,,,,,,"4,09","0,3348986","20,23138","4,09","0,4016558","20,23125",,,,"4,09","0,409921","20,23125","4,09","0,3412565","20,23125"
,,,"4,1","0,3622373","20,28138",,,,,,,,,,"4,1","0,3285408","20,28125","4,1","0,4030863","20,28113",,,,"4,1","0,4075368","20,28113","4,1","0,3407796","20,28113"
,,,"4,11","0,3682772","20,33125",,,,,,,,,,"4,11","0,3217061","20,33138","4,11","0,4067421","20,33113",,,,"4,11","0,4083315","20,33113","4,11","0,3410975","20,33113"
,,,"4,12","0,3712972","20,38125",,,,,,,,,,"4,12","0,3137589","20,38138","4,12","0,4094442","20,38125",,,,"4,12","0,409921","20,38138","4,12","0,3415743","20,38138"
,,,"4,13","0,3754298","20,43125",,,,,,,,,,"4,13","0,3053347","20,43138","4,13","0,4088084","20,43125",,,,"4,13","0,4091263","20,43125","4,13","0,3410975","20,43125"
,,,"4,14","0,3829002","20,48125",,,,,,,,,,"4,14","0,2973875","20,48125","4,14","0,409921","20,481",,,,"4,14","0,4080137","20,481","4,14","0,3410975","20,48113"
,,,"4,15","0,3881454","20,53125",,,,,,,,,,"4,15","0,2910296","20,5315","4,15","0,4154841","20,53125",,,,"4,15","0,4103979","20,53113","4,15","0,3428459","20,53125"
,,,"4,16","0,389576","20,58138",,,,,,,,,,"4,16","0,2865791","20,58138","4,16","0,4234314","20,58125",,,,"4,16","0,4150073","20,58125","4,16","0,3447533","20,58125"
,,,"4,17","0,3916422","20,63125",,,,,,,,,,"4,17","0,2822876","20,63138","4,17","0,4310608","20,63113",,,,"4,17","0,4199346","20,63125","4,17","0,3447533","20,63125"
,,,"4,18","0,3956159","20,68138",,,,,,,,,,"4,18","0,2779961","20,68138","4,18","0,4404386","20,68113",,,,"4,18","0,4250208","20,68113","4,18","0,3447533","20,68113"
,,,"4,19","0,3991127","20,73125",,,,,,,,,,"4,19","0,2754529","20,73125","4,19","0,4504522","20,73113",,,,"4,19","0,4294713","20,73113","4,19","0,3466606","20,73113"
,,,"4,2","0,4007021","20,78138",,,,,,,,,,"4,2","0,2762477","20,7815","4,2","0,4560153","20,78125",,,,"4,2","0,433286","20,78125","4,2","0,3492037","20,78125"
,,,"4,21","0,4027685","20,83138",,,,,,,,,,"4,21","0,2791087","20,83138","4,21","0,4533132","20,83125",,,,"4,21","0,4366239","20,83113","4,21","0,3499985","20,83125"
,,,"4,22","0,4075368","20,88125",,,,,,,,,,"4,22","0,281016","20,88138","4,22","0,445207","20,88113",,,,"4,22","0,4404386","20,881","4,22","0,3495216","20,88113"
,,,"4,23","0,4130999","20,93125",,,,,,,,,,"4,23","0,281016","20,93138","4,23","0,4353523","20,93125",,,,"4,23","0,4444122","20,93125","4,23","0,3503164","20,93125"
,,,"4,24","0,4181862","20,98138",,,,,,,,,,"4,24","0,2814929","20,9815","4,24","0,4237493","20,98125",,,,"4,24","0,4496574","20,98125","4,24","0,3523827","20,98125"
,,,"4,25","0,4242261","21,03138",,,,,,,,,,"4,25","0,2851486","21,03138","4,25","0,4078547","21,03125",,,,"4,25","0,4571279","21,03125","4,25","0,3546079","21,03138"
,,,"4,26","0,430584","21,08125",,,,,,,,,,"4,26","0,2913475","21,08138","4,26","0,3879865","21,08113",,,,"4,26","0,4642805","21,08113","4,26","0,3555616","21,08113"
,,,"4,27","0,4366239","21,13125",,,,,,,,,,"4,27","0,2977053","21,13138","4,27","0,3685951","21,13138",,,,"4,27","0,4692078","21,13125","4,27","0,3561974","21,13125"
,,,"4,28","0,4437765","21,18138",,,,,,,,,,"4,28","0,3026327","21,1815","4,28","0,3519058","21,18138",,,,"4,28","0,4731814","21,18138","4,28","0,3577868","21,18138"
,,,"4,29","0,4512469","21,23125",,,,,,,,,,"4,29","0,3066063","21,23125","4,29","0,3376007","21,23125",,,,"4,29","0,4771551","21,23125","4,29","0,36033","21,23125"
,,,"4,3","0,4563332","21,28125",,,,,,,,,,"4,3","0,3101031","21,28138","4,3","0,3253619","21,28125",,,,"4,3","0,4806519","21,28125","4,3","0,3643036","21,28125"
,,,"4,31","0,459671","21,33125",,,,,,,,,,"4,31","0,3126462","21,33138","4,31","0,3169378","21,33125",,,,"4,31","0,4811287","21,33125","4,31","0,3674825","21,33125"
,,,"4,32","0,4636447","21,38138",,,,,,,,,,"4,32","0,3153483","21,38138","4,32","0,3134409","21,38138",,,,"4,32","0,4811287","21,38125","4,32","0,369072","21,38138"
,,,"4,33","0,4679362","21,43125",,,,,,,,,,"4,33","0,3172556","21,43138","4,33","0,3121694","21,43113",,,,"4,33","0,4819234","21,43125","4,33","0,3693899","21,43125"
,,,"4,34","0,4730225","21,48125",,,,,,,,,,"4,34","0,3164609","21,48113","4,34","0,3110568","21,48113",,,,"4,34","0,4825592","21,48113","4,34","0,3693899","21,48113"
,,,"4,35","0,4787445","21,53125",,,,,,,,,,"4,35","0,3150304","21,53125","4,35","0,3102621","21,53125",,,,"4,35","0,480334","21,53138","4,35","0,3685951","21,53125"
,,,"4,36","0,4825592","21,58138",,,,,,,,,,"4,36","0,3164609","21,58138","4,36","0,3110568","21,58125",,,,"4,36","0,4738172","21,58125","4,36","0,3654162","21,58125"
,,,"4,37","0,4865328","21,63125",,,,,,,,,,"4,37","0,3204346","21,63138","4,37","0,3148715","21,63125",,,,"4,37","0,4668236","21,63125","4,37","0,363032","21,63138"
,,,"4,38","0,4905065","21,68125",,,,,,,,,,"4,38","0,3232956","21,68125","4,38","0,3212293","21,68113",,,,"4,38","0,4639626","21,68113","4,38","0,3627141","21,68125"
,,,"4,39","0,4909833","21,73125",,,,,,,,,,"4,39","0,3252029","21,73113","4,39","0,3277461","21,73138",,,,"4,39","0,4652341","21,73125","4,39","0,3625552","21,73138"
,,,"4,4","0,4938444","21,78138",,,,,,,,,,"4,4","0,3267924","21,78138","4,4","0,3339449","21,78138",,,,"4,4","0,4676183","21,78138","4,4","0,3609657","21,78138"
,,,"4,41","0,5033811","21,83138",,,,,,,,,,"4,41","0,3275871","21,83125","4,41","0,3420512","21,83138",,,,"4,41","0,4690488","21,83125","4,41","0,3598531","21,83138"
,,,"4,42","0,5084674","21,88125",,,,,,,,,,"4,42","0,3288587","21,88125","4,42","0,3515879","21,88125",,,,"4,42","0,4706383","21,88125","4,42","0,3590584","21,88125"
,,,"4,43","0,5100568","21,93125",,,,,,,,,,"4,43","0,3317197","21,93125","4,43","0,3590584","21,93138",,,,"4,43","0,4734993","21,93125","4,43","0,3577868","21,93138"
,,,"4,44","0,5167325","21,98125",,,,,,,,,,"4,44","0,3344218","21,98125","4,44","0,3638268","21,98125",,,,"4,44","0,4777908","21,98125","4,44","0,3563563","21,98125"
,,,"4,45","0,5227725","22,03138",,,,,,,,,,"4,45","0,3356934","22,03125","4,45","0,3665288","22,03125",,,,"4,45","0,4822413","22,03125","4,45","0,3563563","22,03125"
,,,"4,46","0,5272229","22,08125",,,,,,,,,,"4,46","0,336806","22,08113","4,46","0,3682772","22,08113",,,,"4,46","0,4851023","22,08113","4,46","0,3566742","22,08113"
,,,"4,47","0,535965","22,13113",,,,,,,,,,"4,47","0,3388723","22,13113","4,47","0,3712972","22,13125",,,,"4,47","0,4865328","22,13138","4,47","0,3554026","22,13138"
,,,"4,48","0,5442302","22,1815",,,,,,,,,,"4,48","0,3410975","22,18138","4,48","0,3770193","22,18125",,,,"4,48","0,4854202","22,18125","4,48","0,3531774","22,18125"
,,,"4,49","0,5493164","22,23125",,,,,,,,,,"4,49","0,3423691","22,23125","4,49","0,3825823","22,23125",,,,"4,49","0,4811287","22,23113","4,49","0,3515879","22,23125"
,,,"4,5","0,5569458","22,28138",,,,,,,,,,"4,5","0,3442764","22,28125","4,5","0,3857613","22,28125",,,,"4,5","0,4758835","22,28125","4,5","0,3499985","22,28113"
,,,"4,51","0,5644162","22,33125",,,,,,,,,,"4,51","0,3460248","22,33138","4,51","0,3879865","22,33125",,,,"4,51","0,4730225","22,33125","4,51","0,3474554","22,33125"
,,,"4,52","0,5675952","22,38138",,,,,,,,,,"4,52","0,3460248","22,3815","4,52","0,3913244","22,38138",,,,"4,52","0,4715919","22,38138","4,52","0,3447533","22,38138"
,,,"4,53","0,5704562","22,43138",,,,,,,,,,"4,53","0,3460248","22,43138","4,53","0,3945033","22,43113",,,,"4,53","0,4700025","22,43113","4,53","0,3428459","22,43125"
,,,"4,54","0,5779266","22,48125",,,,,,,,,,"4,54","0,348409","22,48113","4,54","0,3967285","22,481",,,,"4,54","0,4676183","22,481","4,54","0,3436407","22,481"
,,,"4,55","0,5860329","22,53125",,,,,,,,,,"4,55","0,3531774","22,53138","4,55","0,3987948","22,53113",,,,"4,55","0,4660288","22,53113","4,55","0,3460248","22,53113"
,,,"4,56","0,5927086","22,58138",,,,,,,,,,"4,56","0,3582636","22,58138","4,56","0,4000664","22,58113",,,,"4,56","0,4644394","22,58113","4,56","0,3468195","22,58113"
,,,"4,57","0,6014506","22,63125",,,,,,,,,,"4,57","0,363032","22,63138","4,57","0,4022916","22,631",,,,"4,57","0,4636447","22,63113","4,57","0,345548","22,63113"
,,,"4,58","0,6128947","22,68125",,,,,,,,,,"4,58","0,3657341","22,68125","4,58","0,4059474","22,681",,,,"4,58","0,4634857","22,681","4,58","0,3428459","22,681"
,,,"4,59","0,6225904","22,73125",,,,,,,,,,"4,59","0,3650983","22,73125","4,59","0,4096031","22,731",,,,"4,59","0,4612605","22,731","4,59","0,3379186","22,731"
,,,"4,6","0,6326039","22,78138",,,,,,,,,,"4,6","0,3627141","22,78138","4,6","0,4111926","22,78125",,,,"4,6","0,4564921","22,78125","4,6","0,3339449","22,78113"
,,,"4,61","0,6488164","22,83138",,,,,,,,,,"4,61","0,3609657","22,83125","4,61","0,4126231","22,83113",,,,"4,61","0,4517237","22,83113","4,61","0,3372828","22,83113"
,,,"4,62","0,6683667","22,88138",,,,,,,,,,"4,62","0,3593763","22,88125","4,62","0,4151662","22,881",,,,"4,62","0,4469554","22,881","4,62","0,3387133","22,881"
,,,"4,63","0,685056","22,93125",,,,,,,,,,"4,63","0,3561974","22,93138","4,63","0,4181862","22,93113",,,,"4,63","0,4404386","22,93113","4,63","0,3325144","22,93113"
,,,"4,64","0,7004738","22,98138",,,,,,,,,,"4,64","0,3515879","22,98138","4,64","0,4197756","22,98113",,,,"4,64","0,4321734","22,98125","4,64","0,3312429","22,98113"
,,,"4,65","0,7182757","23,03138",,,,,,,,,,"4,65","0,3474554","23,03138","4,65","0,4205704","23,03113",,,,"4,65","0,4242261","23,03113","4,65","0,3331502","23,03125"
,,,"4,66","0,7375081","23,08138",,,,,,,,,,"4,66","0,3447533","23,08138","4,66","0,4207293","23,08113",,,,"4,66","0,4167557","23,081","4,66","0,3269514","23,081"
,,,"4,67","0,7580121","23,13125",,,,,,,,,,"4,67","0,3423691","23,13138","4,67","0,4231135","23,13125",,,,"4,67","0,4094442","23,13125","4,67","0,3253619","23,13125"
,,,"4,68","0,7812182","23,1815",,,,,,,,,,"4,68","0,3403028","23,18138","4,68","0,4301071","23,18125",,,,"4,68","0,4022916","23,18125","4,68","0,3328323","23,18125"
,,,"4,69","0,8041064","23,23138",,,,,,,,,,"4,69","0,3380775","23,23125","4,69","0,4409154","23,23113",,,,"4,69","0,3968875","23,23113","4,69","0,3301302","23,23113"
,,,"4,7","0,822862","23,28138",,,,,,,,,,"4,7","0,3347397","23,28138","4,7","0,4523595","23,28113",,,,"4,7","0,3951391","23,28125","4,7","0,3236135","23,28113"
,,,"4,71","0,8432071","23,33125",,,,,,,,,,"4,71","0,3301302","23,33125","4,71","0,4604658","23,33125",,,,"4,71","0,3951391","23,33125","4,71","0,3285408","23,33125"
,,,"4,72","0,8686383","23,38125",,,,,,,,,,"4,72","0,3272692","23,38138","4,72","0,4642805","23,38125",,,,"4,72","0,3959338","23,38125","4,72","0,3317197","23,38125"
,,,"4,73","0,8912086","23,43138",,,,,,,,,,"4,73","0,3245672","23,43125","4,73","0,4628499","23,43125",,,,"4,73","0,3975233","23,43125","4,73","0,3315608","23,43125"
,,,"4,74","0,9082158","23,48125",,,,,,,,,,"4,74","0,3205935","23,48125","4,74","0,4556974","23,48113",,,,"4,74","0,3967285","23,48113","4,74","0,3420512","23,48113"
,,,"4,75","0,9258588","23,53125",,,,,,,,,,"4,75","0,3172556","23,53138","4,75","0,4428228","23,53125",,,,"4,75","0,3929138","23,53125","4,75","0,3460248","23,53125"
,,,"4,76","0,9469986","23,58125",,,,,,,,,,"4,76","0,3177325","23,58138","4,76","0,4258156","23,58125",,,,"4,76","0,3889402","23,58125","4,76","0,3355344","23,58125"
,,,"4,77","0,9667079","23,63138",,,,,,,,,,"4,77","0,3201167","23,63138","4,77","0,4080137","23,63125",,,,"4,77","0,3892581","23,63125","4,77","0,3363291","23,63125"
,,,"4,78","0,9835561","23,68125",,,,,,,,,,"4,78","0,3197988","23,68125","4,78","0,3905296","23,68113",,,,"4,78","0,3940264","23,68125","4,78","0,3444354","23,68125"
,,,"4,79","0,9981791","23,73113",,,,,,,,,,"4,79","0,3196398","23,73113","4,79","0,3722509","23,73113",,,,"4,79","0,3999074","23,73125","4,79","0,3380775","23,73138"
,,,"4,8","1,010418","23,78138",,,,,,,,,,"4,8","0,3232956","23,78138","4,8","0,3538132","23,78138",,,,"4,8","0,4046758","23,78125","4,8","0,3347397","23,78125"
,,,"4,81","1,021226","23,83138",,,,,,,,,,"4,81","0,3293355","23,83125","4,81","0,3383954","23,83125",,,,"4,81","0,4075368","23,83125","4,81","0,3428459","23,83113"
,,,"4,82","1,032035","23,88125",,,,,,,,,,"4,82","0,3341039","23,88113","4,82","0,3277461","23,88113",,,,"4,82","0,4102389","23,88113","4,82","0,3410975","23,88113"
,,,"4,83","1,039823","23,93113",,,,,,,,,,"4,83","0,3391902","23,93125","4,83","0,3204346","23,93125",,,,"4,83","0,4135768","23,93125","4,83","0,3352165","23,93138"
,,,"4,84","1,041094","23,98125",,,,,,,,,,"4,84","0,345548","23,98125","4,84","0,3148715","23,98125",,,,"4,84","0,418663","23,98125","4,84","0,3407796","23,98125"
,,,"4,85","1,037598","24,03138",,,,,,,,,,"4,85","0,3511111","24,03113","4,85","0,3113747","24,03138",,,,"4,85","0,4253387","24,03138","4,85","0,3434817","24,03125"
,,,"4,86","1,029491","24,08138",,,,,,,,,,"4,86","0,3546079","24,08113","4,86","0,3085136","24,08113",,,,"4,86","0,4321734","24,08125","4,86","0,3388723","24,08125"
,,,"4,87","1,014074","24,13113",,,,,,,,,,"4,87","0,3566742","24,13125","4,87","0,3056526","24,1315",,,,"4,87","0,4377365","24,13138","4,87","0,3418922","24,13138"
,,,"4,88","0,9870529","24,18138",,,,,,,,,,"4,88","0,3563563","24,18125","4,88","0,3034274","24,18138",,,,"4,88","0,4417101","24,18138","4,88","0,3458659","24,18125"
,,,"4,89","0,9353955","24,23125",,,,,,,,,,"4,89","0,3539721","24,23125","4,89","0,3032684","24,23125",,,,"4,89","0,4448891","24,23125","4,89","0,3420512","24,23125"
,,,"4,9","0,8339882","24,28125",,,,,,,,,,"4,9","0,3522237","24,28125","4,9","0,3058116","24,28113",,,,"4,9","0,4485448","24,28125","4,9","0,3418922","24,28125"
,,,"4,91","0,6818771","24,33125",,,,,,,,,,"4,91","0,3506342","24,33125","4,91","0,3108978","24,33125",,,,"4,91","0,4520416","24,33125","4,91","0,345548","24,33125"
,,,"4,92","0,5286534","24,38138",,,,,,,,,,"4,92","0,3490448","24,38138","4,92","0,3169378","24,38138",,,,"4,92","0,4560153","24,38138","4,92","0,3428459","24,38138"
,,,"4,93","0,4254977","24,43138",,,,,,,,,,"4,93","0,3498395","24,43125","4,93","0,322183","24,43125",,,,"4,93","0,4612605","24,43125","4,93","0,3391902","24,43125"
,,,"4,94","0,3768603","24,48125",,,,,,,,,,"4,94","0,3523827","24,48113","4,94","0,3261566","24,48113",,,,"4,94","0,4666646","24,48113","4,94","0,3407796","24,48113"
,,,"4,95","0,357151","24,53138",,,,,,,,,,"4,95","0,3558795","24,5315","4,95","0,3301302","24,53138",,,,"4,95","0,4698435","24,53138","4,95","0,3418922","24,53125"
,,,"4,96","0,3498395","24,5815",,,,,,,,,,"4,96","0,3590584","24,58138","4,96","0,3352165","24,58125",,,,"4,96","0,4698435","24,58138","4,96","0,3399849","24,58138"
,,,"4,97","0,3476143","24,63125",,,,,,,,,,"4,97","0,363032","24,63138","4,97","0,3403028","24,63125",,,,"4,97","0,4676183","24,63125","4,97","0,3399849","24,63125"
,,,"4,98","0,3482501","24,68138",,,,,,,,,,"4,98","0,3654162","24,68125","4,98","0,3444354","24,68113",,,,"4,98","0,4644394","24,68113","4,98","0,3431638","24,68125"
,,,"4,99","0,3507932","24,73125",,,,,,,,,,"4,99","0,3641447","24,73125","4,99","0,3490448","24,73125",,,,"4,99","0,4603068","24,73125","4,99","0,345548","24,73125"
,,,"5","0,3550847","24,78138",,,,,,,,,,"5","0,3617605","24,78138","5","0,3530184","24,78138",,,,"5","0,4552206","24,78138","5","0,3476143","24,78138"
,,,"5,01","0,3587405","24,83125",,,,,,,,,,"5,01","0,3622373","24,83138","5,01","0,3547668","24,83125",,,,"5,01","0,4501343","24,83113","5,01","0,3499985","24,83125"
,,,"5,02","0,3627141","24,88125",,,,,,,,,,"5,02","0,3643036","24,88113","5,02","0,3561974","24,88125",,,,"5,02","0,445207","24,88113","5,02","0,3495216","24,88125"
,,,"5,03","0,3673235","24,93113",,,,,,,,,,"5,03","0,3650983","24,93138","5,03","0,3595352","24,93125",,,,"5,03","0,4398028","24,93138","5,03","0,3466606","24,93138"
,,,"5,04","0,3709793","24,98138",,,,,,,,,,"5,04","0,3633499","24,98138","5,04","0,3638268","24,98125",,,,"5,04","0,4348755","24,98138","5,04","0,3452301","24,98125"
,,,"5,05","0,3733635","25,03138",,,,,,,,,,"5,05","0,360171","25,0315","5,05","0,3665288","25,03125",,,,"5,05","0,4313787","25,03125","5,05","0,3458659","25,03125"
,,,"5,06","0,3746351","25,08138",,,,,,,,,,"5,06","0,3574689","25,08125","5,06","0,3665288","25,081",,,,"5,06","0,4289945","25,081","5,06","0,3431638","25,08113"
,,,"5,07","0,3738403","25,13125",,,,,,,,,,"5,07","0,3558795","25,13138","5,07","0,3646215","25,13113",,,,"5,07","0,4261335","25,13125","5,07","0,3376007","25,13125"
,,,"5,08","0,3709793","25,1815",,,,,,,,,,"5,08","0,3550847","25,1815","5,08","0,363032","25,18138",,,,"5,08","0,4231135","25,18125","5,08","0,3325144","25,18125"
,,,"5,09","0,3681183","25,23138",,,,,,,,,,"5,09","0,35429","25,2315","5,09","0,3635089","25,23113",,,,"5,09","0,4223188","25,23125","5,09","0,3317197","25,23113"
,,,"5,1","0,365893","25,28138",,,,,,,,,,"5,1","0,35429","25,28138","5,1","0,3665288","25,28125",,,,"5,1","0,4234314","25,28113","5,1","0,3347397","25,28125"
,,,"5,11","0,3649394","25,33125",,,,,,,,,,"5,11","0,3546079","25,33138","5,11","0,3706614","25,33125",,,,"5,11","0,4223188","25,33113","5,11","0,3363291","25,33125"
,,,"5,12","0,3641447","25,38138",,,,,,,,,,"5,12","0,3534953","25,3815","5,12","0,3744761","25,38138",,,,"5,12","0,4194578","25,38125","5,12","0,3364881","25,38125"
,,,"5,13","0,3627141","25,43138",,,,,,,,,,"5,13","0,3507932","25,43138","5,13","0,3781319","25,43125",,,,"5,13","0,4162788","25,43113","5,13","0,3376007","25,43125"
,,,"5,14","0,3609657","25,48125",,,,,,,,,,"5,14","0,348409","25,48125","5,14","0,3809929","25,48113",,,,"5,14","0,4138947","25,48113","5,14","0,3363291","25,481"
,,,"5,15","0,3585815","25,53125",,,,,,,,,,"5,15","0,3466606","25,53138","5,15","0,3817876","25,53125",,,,"5,15","0,4111926","25,53125","5,15","0,3323555","25,53125"
,,,"5,16","0,3563563","25,58138",,,,,,,,,,"5,16","0,3428459","25,5815","5,16","0,3833771","25,58125",,,,"5,16","0,4086494","25,58125","5,16","0,3283819","25,58125"
,,,"5,17","0,3546079","25,63138",,,,,,,,,,"5,17","0,3376007","25,63138","5,17","0,3871918","25,63138",,,,"5,17","0,4072189","25,63125","5,17","0,3244082","25,63113"
,,,"5,18","0,3522237","25,68138",,,,,,,,,,"5,18","0,3317197","25,68138","5,18","0,3913244","25,68113",,,,"5,18","0,4072189","25,68125","5,18","0,3228188","25,68113"
,,,"5,19","0,3492037","25,73113",,,,,,,,,,"5,19","0,3261566","25,73125","5,19","0,3929138","25,73125",,,,"5,19","0,4064242","25,73125","5,19","0,3269514","25,73125"
,,,"5,2","0,3471375","25,78125",,,,,,,,,,"5,2","0,3213882","25,78138","5,2","0,3945033","25,78138",,,,"5,2","0,4048347","25,78138","5,2","0,3259977","25,78125"
,,,"5,21","0,3463427","25,83125",,,,,,,,,,"5,21","0,3180504","25,83138","5,21","0,3972054","25,83125",,,,"5,21","0,4030863","25,83125","5,21","0,3150304","25,83125"
,,,"5,22","0,3463427","25,88113",,,,,,,,,,"5,22","0,3150304","25,88138","5,22","0,4019737","25,88125",,,,"5,22","0,4022916","25,88125","5,22","0,316143","25,88125"
,,,"5,23","0,3471375","25,931",,,,,,,,,,"5,23","0,3113747","25,93138","5,23","0,4091263","25,93138",,,,"5,23","0,4043579","25,93138","5,23","0,3285408","25,93138"
,,,"5,24","0,3490448","25,98113",,,,,,,,,,"5,24","0,3072421","25,98138","5,24","0,4189809","25,98138",,,,"5,24","0,4086494","25,98138","5,24","0,330925","25,98125"
,,,"5,25","0,3515879","26,03125",,,,,,,,,,"5,25","0,3034274","26,03138","5,25","0,4281998","26,03125",,,,"5,25","0,4119873","26,03138","5,25","0,330925","26,03138"
,,,"5,26","0,3522237","26,08113",,,,,,,,,,"5,26","0,3010432","26,08125","5,26","0,4350344","26,08125",,,,"5,26","0,4134178","26,08125","5,26","0,3391902","26,08113"
,,,"5,27","0,3515879","26,13113",,,,,,,,,,"5,27","0,3000895","26,13125","5,27","0,4398028","26,13138",,,,"5,27","0,4135768","26,13138","5,27","0,3376007","26,13125"
,,,"5,28","0,3522237","26,18125",,,,,,,,,,"5,28","0,2992948","26,1815","5,28","0,4412333","26,18125",,,,"5,28","0,4130999","26,18138","5,28","0,3291766","26,18138"
,,,"5,29","0,3527006","26,23113",,,,,,,,,,"5,29","0,2978643","26,23138","5,29","0,4377365","26,23113",,,,"5,29","0,4134178","26,23125","5,29","0,3339449","26,23125"
,,,"5,3","0,3531774","26,28125",,,,,,,,,,"5,3","0,295798","26,28125","5,3","0,4326502","26,28113",,,,"5,3","0,4146894","26,28113","5,3","0,3371239","26,28113"
,,,"5,31","0,3554026","26,33113",,,,,,,,,,"5,31","0,2937317","26,33125","5,31","0,4261335","26,33125",,,,"5,31","0,4154841","26,33113","5,31","0,3291766","26,33125"
,,,"5,32","0,357151","26,38125",,,,,,,,,,"5,32","0,2913475","26,38138","5,32","0,415802","26,38138",,,,"5,32","0,4142126","26,38138","5,32","0,3307661","26,38138"
,,,"5,33","0,3566742","26,43125",,,,,,,,,,"5,33","0,2905528","26,43138","5,33","0,4022916","26,43138",,,,"5,33","0,4119873","26,43125","5,33","0,336806","26,43138"
,,,"5,34","0,357151","26,48125",,,,,,,,,,"5,34","0,2918243","26,48113","5,34","0,3876686","26,48113",,,,"5,34","0,4110336","26,48113","5,34","0,3325144","26,48113"
,,,"5,35","0,3617605","26,53125",,,,,,,,,,"5,35","0,2942085","26,53138","5,35","0,3720919","26,53125",,,,"5,35","0,4107157","26,53125","5,35","0,3364881","26,53125"
,,,"5,36","0,368913","26,58138",,,,,,,,,,"5,36","0,2961159","26,58138","5,36","0,3558795","26,58125",,,,"5,36","0,4110336","26,58125","5,36","0,3479322","26,58125"
,,,"5,37","0,3762245","26,63125",,,,,,,,,,"5,37","0,2994537","26,63125","5,37","0,3431638","26,63125",,,,"5,37","0,412782","26,63125","5,37","0,3431638","26,63125"
,,,"5,38","0,3832181","26,68125",,,,,,,,,,"5,38","0,3053347","26,68113","5,38","0,3355344","26,68113",,,,"5,38","0,4173914","26,68113","5,38","0,3371239","26,68113"
,,,"5,39","0,3892581","26,73125",,,,,,,,,,"5,39","0,3085136","26,73113","5,39","0,3285408","26,73113",,,,"5,39","0,4218419","26,73125","5,39","0,3466606","26,73113"
,,,"5,4","0,3956159","26,78138",,,,,,,,,,"5,4","0,3080368","26,78138","5,4","0,3204346","26,78125",,,,"5,4","0,424703","26,78125","5,4","0,3482501","26,78125"
,,,"5,41","0,4024506","26,83125",,,,,,,,,,"5,41","0,3085136","26,83125","5,41","0,3134409","26,83125",,,,"5,41","0,4266103","26,83113","5,41","0,3395081","26,83113"
,,,"5,42","0,4115105","26,88113",,,,,,,,,,"5,42","0,3121694","26,88125","5,42","0,3093084","26,88113",,,,"5,42","0,4285177","26,88113","5,42","0,342687","26,881"
,,,"5,43","0,4234314","26,93125",,,,,,,,,,"5,43","0,3148715","26,93138","5,43","0,3061295","26,93125",,,,"5,43","0,4302661","26,93125","5,43","0,3463427","26,93113"
,,,"5,44","0,4377365","26,98138",,,,,,,,,,"5,44","0,3156662","26,98138","5,44","0,3042221","26,98113",,,,"5,44","0,4329681","26,98113","5,44","0,3399849","26,98113"
,,,"5,45","0,4525185","27,03138",,,,,,,,,,"5,45","0,3158251","27,03138","5,45","0,3042221","27,03125",,,,"5,45","0,4364649","27,03125","5,45","0,342687","27,03113"
,,,"5,46","0,4674594","27,08138",,,,,,,,,,"5,46","0,3140768","27,08125","5,46","0,3058116","27,081",,,,"5,46","0,4396439","27,081","5,46","0,3522237","27,081"
,,,"5,47","0,4809698","27,13125",,,,,,,,,,"5,47","0,3101031","27,13138","5,47","0,3085136","27,13125",,,,"5,47","0,4409154","27,13125","5,47","0,3503164","27,13125"
,,,"5,48","0,4920959","27,1815",,,,,,,,,,"5,48","0,3085136","27,1815","5,48","0,3126462","27,18125",,,,"5,48","0,4401207","27,18125","5,48","0,3479322","27,18125"
,,,"5,49","0,5017917","27,23125",,,,,,,,,,"5,49","0,3096263","27,23138","5,49","0,3174146","27,23113",,,,"5,49","0,4390081","27,23113","5,49","0,3523827","27,23113"
,,,"5,5","0,5092621","27,28138",,,,,,,,,,"5,5","0,3113747","27,28138","5,5","0,3217061","27,28113",,,,"5,5","0,4401207","27,28113","5,5","0,3498395","27,28113"
,,,"5,51","0,5087852","27,33125",,,,,,,,,,"5,51","0,3126462","27,3315","5,51","0,3253619","27,33113",,,,"5,51","0,4440943","27,33125","5,51","0,3436407","27,33113"
,,,"5,52","0,4970233","27,38138",,,,,,,,,,"5,52","0,313282","27,38138","5,52","0,3283819","27,38113",,,,"5,52","0,4483859","27,38113","5,52","0,345548","27,38125"
,,,"5,53","0,4777908","27,4315",,,,,,,,,,"5,53","0,3129641","27,43138","5,53","0,330925","27,43113",,,,"5,53","0,4520416","27,43113","5,53","0,3463427","27,43125"
,,,"5,54","0,4547437","27,48138",,,,,,,,,,"5,54","0,313282","27,48125","5,54","0,3352165","27,48113",,,,"5,54","0,4536311","27,481","5,54","0,3407796","27,48113"
,,,"5,55","0,4309019","27,53125",,,,,,,,,,"5,55","0,3156662","27,53138","5,55","0,3404617","27,53125",,,,"5,55","0,450929","27,53125","5,55","0,3387133","27,53125"
,,,"5,56","0,40706","27,58138",,,,,,,,,,"5,56","0,319322","27,58138","5,56","0,345548","27,58113",,,,"5,56","0,4448891","27,58125","5,56","0,3404617","27,58113"
,,,"5,57","0,3833771","27,63138",,,,,,,,,,"5,57","0,3213882","27,63138","5,57","0,3490448","27,63125",,,,"5,57","0,4369418","27,63125","5,57","0,3376007","27,63125"
,,,"5,58","0,3627141","27,68138",,,,,,,,,,"5,58","0,322024","27,68125","5,58","0,3530184","27,68113",,,,"5,58","0,4285177","27,68113","5,58","0,3347397","27,68113"
,,,"5,59","0,3466606","27,73125",,,,,,,,,,"5,59","0,3240903","27,73125","5,59","0,3585815","27,73125",,,,"5,59","0,4194578","27,73125","5,59","0,3355344","27,73125"
,,,"5,6","0,3352165","27,78138",,,,,,,,,,"5,6","0,3288587","27,78138","5,6","0,3635089","27,78125",,,,"5,6","0,4115105","27,78125","5,6","0,3341039","27,78125"
,,,"5,61","0,324885","27,8315",,,,,,,,,,"5,61","0,3339449","27,83138","5,61","0,3662109","27,83125",,,,"5,61","0,4035632","27,83113","5,61","0,3315608","27,83125"
,,,"5,62","0,3150304","27,88125",,,,,,,,,,"5,62","0,3380775","27,88125","5,62","0,3674825","27,88113",,,,"5,62","0,3945033","27,88113","5,62","0,3320376","27,88113"
,,,"5,63","0,3069242","27,93125",,,,,,,,,,"5,63","0,3418922","27,93125","5,63","0,3705025","27,93125",,,,"5,63","0,3873507","27,93125","5,63","0,3325144","27,93125"
,,,"5,64","0,3018379","27,98138",,,,,,,,,,"5,64","0,3447533","27,98138","5,64","0,3741582","27,98113",,,,"5,64","0,3844897","27,98125","5,64","0,3291766","27,98125"
,,,"5,65","0,3000895","28,0315",,,,,,,,,,"5,65","0,3479322","28,03125","5,65","0,3773371","28,03125",,,,"5,65","0,3841718","28,03125","5,65","0,3275871","28,03125"
,,,"5,66","0,3005663","28,08125",,,,,,,,,,"5,66","0,3498395","28,08113","5,66","0,3792445","28,08113",,,,"5,66","0,3824234","28,08125","5,66","0,3288587","28,08113"
,,,"5,67","0,3032684","28,13125",,,,,,,,,,"5,67","0,3506342","28,13125","5,67","0,380834","28,13125",,,,"5,67","0,3784498","28,13125","5,67","0,3275871","28,13125"
,,,"5,68","0,3077189","28,18138",,,,,,,,,,"5,68","0,351429","28,18138","5,68","0,3825823","28,18125",,,,"5,68","0,3741582","28,18125","5,68","0,3256798","28,18125"
,,,"5,69","0,3142357","28,23138",,,,,,,,,,"5,69","0,3511111","28,23125","5,69","0,3856023","28,23125",,,,"5,69","0,3720919","28,23113","5,69","0,3259977","28,23113"
,,,"5,7","0,3232956","28,2815",,,,,,,,,,"5,7","0,3466606","28,28125","5,7","0,3889402","28,28113",,,,"5,7","0,3714561","28,28125","5,7","0,3264745","28,28125"
,,,"5,71","0,3315608","28,33125",,,,,,,,,,"5,71","0,3383954","28,33125","5,71","0,3932317","28,33125",,,,"5,71","0,3720919","28,33125","5,71","0,3261566","28,33125"
,,,"5,72","0,3376007","28,38138",,,,,,,,,,"5,72","0,330925","28,38125","5,72","0,3999074","28,38125",,,,"5,72","0,3746351","28,38125","5,72","0,3272692","28,38125"
,,,"5,73","0,3428459","28,43138",,,,,,,,,,"5,73","0,3245672","28,43125","5,73","0,4078547","28,43125",,,,"5,73","0,377655","28,43113","5,73","0,3288587","28,43125"
,,,"5,74","0,3476143","28,48125",,,,,,,,,,"5,74","0,3169378","28,48113","5,74","0,4159609","28,481",,,,"5,74","0,3794034","28,481","5,74","0,3301302","28,481"
,,,"5,75","0,3523827","28,53125",,,,,,,,,,"5,75","0,3101031","28,53125","5,75","0,4223188","28,53125",,,,"5,75","0,3821055","28,53125","5,75","0,3320376","28,53125"
,,,"5,76","0,3574689","28,58125",,,,,,,,,,"5,76","0,3058116","28,58125","5,76","0,4266103","28,58125",,,,"5,76","0,386397","28,58125","5,76","0,3344218","28,58125"
,,,"5,77","0,3633499","28,63138",,,,,,,,,,"5,77","0,3024737","28,63125","5,77","0,4309019","28,63113",,,,"5,77","0,3908475","28,63113","5,77","0,3364881","28,63113"
,,,"5,78","0,3697077","28,68125",,,,,,,,,,"5,78","0,2973875","28,68125","5,78","0,4369418","28,68113",,,,"5,78","0,3943443","28,68113","5,78","0,3371239","28,68113"
,,,"5,79","0,3757477","28,73113",,,,,,,,,,"5,79","0,292937","28,73125","5,79","0,4456838","28,73113",,,,"5,79","0,3968875","28,73113","5,79","0,3363291","28,73113"
,,,"5,8","0,3816287","28,78138",,,,,,,,,,"5,8","0,2915064","28,78138","5,8","0,4541079","28,78125",,,,"5,8","0,3991127","28,78125","5,8","0,3356934","28,78125"
,,,"5,81","0,3873507","28,83125",,,,,,,,,,"5,81","0,2915064","28,83125","5,81","0,4595121","28,83125",,,,"5,81","0,401179","28,83125","5,81","0,3376007","28,83125"
,,,"5,82","0,392437","28,88125",,,,,,,,,,"5,82","0,2907117","28,88125","5,82","0,459671","28,88113",,,,"5,82","0,4022916","28,88113","5,82","0,3391902","28,88125"
,,,"5,83","0,3959338","28,93125",,,,,,,,,,"5,83","0,2886454","28,93138","5,83","0,4547437","28,93125",,,,"5,83","0,4022916","28,93125","5,83","0,3395081","28,93125"
,,,"5,84","0,3980001","28,98125",,,,,,,,,,"5,84","0,2857844","28,98125","5,84","0,4444122","28,98125",,,,"5,84","0,4027685","28,98125","5,84","0,3403028","28,98113"
,,,"5,85","0,3995895","29,03138",,,,,,,,,,"5,85","0,2851486","29,03138","5,85","0,4294713","29,03125",,,,"5,85","0,4043579","29,03125","5,85","0,3410975","29,03138"
,,,"5,86","0,4008611","29,08138",,,,,,,,,,"5,86","0,2867381","29,08138","5,86","0,409921","29,08113",,,,"5,86","0,4062653","29,08113","5,86","0,3407796","29,08113"
,,,"5,87","0,4032453","29,13125",,,,,,,,,,"5,87","0,2862612","29,13138","5,87","0,3879865","29,13138",,,,"5,87","0,4083315","29,13138","5,87","0,3412565","29,13138"
,,,"5,88","0,4078547","29,18138",,,,,,,,,,"5,88","0,2841949","29,18138","5,88","0,3662109","29,18138",,,,"5,88","0,4091263","29,18125","5,88","0,3407796","29,18125"
,,,"5,89","0,4134178","29,23138",,,,,,,,,,"5,89","0,2854665","29,23125","5,89","0,3468195","29,23125",,,,"5,89","0,4086494","29,23125","5,89","0,3372828","29,23125"
,,,"5,9","0,4170736","29,28138",,,,,,,,,,"5,9","0,2881686","29,28125","5,9","0,3312429","29,28125",,,,"5,9","0,4094442","29,28125","5,9","0,3339449","29,28125"
,,,"5,91","0,418663","29,33125",,,,,,,,,,"5,91","0,2883275","29,33125","5,91","0,3185272","29,33138",,,,"5,91","0,4110336","29,33138","5,91","0,3320376","29,33138"
,,,"5,92","0,4202525","29,38138",,,,,,,,,,"5,92","0,2910296","29,38138","5,92","0,3080368","29,38138",,,,"5,92","0,4115105","29,38138","5,92","0,3301302","29,38138"
,,,"5,93","0,4237493","29,4315",,,,,,,,,,"5,93","0,2961159","29,43138","5,93","0,3005663","29,43125",,,,"5,93","0,4110336","29,43125","5,93","0,3296534","29,43138"
,,,"5,94","0,4281998","29,48125",,,,,,,,,,"5,94","0,2965927","29,48125","5,94","0,2965927","29,48125",,,,"5,94","0,4103979","29,48113","5,94","0,3317197","29,48125"
,,,"5,95","0,4340807","29,53125",,,,,,,,,,"5,95","0,2977053","29,53125","5,95","0,2938906","29,53138",,,,"5,95","0,4091263","29,53125","5,95","0,3328323","29,53138"
,,,"5,96","0,4413923","29,58138",,,,,,,,,,"5,96","0,3032684","29,58138","5,96","0,2913475","29,58125",,,,"5,96","0,40706","29,58125","5,96","0,3312429","29,58125"
,,,"5,97","0,4485448","29,63138",,,,,,,,,,"5,97","0,3069242","29,63125","5,97","0,2907117","29,63138",,,,"5,97","0,4072189","29,63138","5,97","0,3312429","29,63138"
,,,"5,98","0,4549026","29,68138",,,,,,,,,,"5,98","0,3072421","29,68113","5,98","0,2937317","29,68125",,,,"5,98","0,4102389","29,68125","5,98","0,3331502","29,68138"
,,,"5,99","0,459671","29,73113",,,,,,,,,,"5,99","0,3089905","29,73125","5,99","0,2977053","29,73138",,,,"5,99","0,4103979","29,73138","5,99","0,3341039","29,73125"
,,,"6","0,462691","29,78138",,,,,,,,,,"6","0,3108978","29,78138","6","0,3002485","29,78138",,,,"6","0,40706","29,78138","6","0,3336271","29,78138"
,,,"6,01","0,4639626","29,83138",,,,,,,,,,"6,01","0,3102621","29,83125","6,01","0,3037453","29,83125",,,,"6,01","0,4038811","29,83138","6,01","0,3325144","29,83125"
,,,"6,02","0,4634857","29,88125",,,,,,,,,,"6,02","0,3116926","29,88125","6,02","0,3089905","29,88125",,,,"6,02","0,4046758","29,88125","6,02","0,3312429","29,88125"
,,,"6,03","0,4591942","29,93113",,,,,,,,,,"6,03","0,3156662","29,93125","6,03","0,3153483","29,93138",,,,"6,03","0,4075368","29,93125","6,03","0,330925","29,93138"
,,,"6,04","0,4501343","29,98125",,,,,,,,,,"6,04","0,3166199","29,98138","6,04","0,322183","29,98125",,,,"6,04","0,409921","29,98125","6,04","0,330925","29,98125"
,,,"6,05","0,4388491","30,03125",,,,,,,,,,"6,05","0,3166199","30,03125","6,05","0,3301302","30,03125",,,,"6,05","0,4119873","30,03125","6,05","0,3307661","30,03125"
,,,"6,06","0,4253387","30,08125",,,,,,,,,,"6,06","0,3196398","30,08113","6,06","0,3379186","30,08113",,,,"6,06","0,4138947","30,081","6,06","0,3312429","30,08113"
,,,"6,07","0,4088084","30,13113",,,,,,,,,,"6,07","0,3217061","30,13125","6,07","0,3436407","30,13125",,,,"6,07","0,4138947","30,13125","6,07","0,3336271","30,13125"
,,,"6,08","0,3900528","30,18125",,,,,,,,,,"6,08","0,3197988","30,18138","6,08","0,3476143","30,18125",,,,"6,08","0,4119873","30,18125","6,08","0,3352165","30,18125"
,,,"6,09","0,3720919","30,23125",,,,,,,,,,"6,09","0,3174146","30,23138","6,09","0,3495216","30,23113",,,,"6,09","0,4080137","30,23113","6,09","0,3347397","30,23113"
,,,"6,1","0,3566742","30,28125",,,,,,,,,,"6,1","0,3180504","30,28125","6,1","0,3507932","30,28113",,,,"6,1","0,4027685","30,28113","6,1","0,3339449","30,281"
,,,"6,11","0,3428459","30,33113",,,,,,,,,,"6,11","0,3185272","30,33138","6,11","0,3539721","30,33113",,,,"6,11","0,3975233","30,33113","6,11","0,3323555","30,33113"
,,,"6,12","0,3317197","30,38125",,,,,,,,,,"6,12","0,3185272","30,3815","6,12","0,360171","30,38125",,,,"6,12","0,3948212","30,38125","6,12","0,3293355","30,38138"
,,,"6,13","0,324885","30,43125",,,,,,,,,,"6,13","0,3204346","30,43138","6,13","0,3646215","30,43125",,,,"6,13","0,3943443","30,43125","6,13","0,3261566","30,43125"
,,,"6,14","0,3217061","30,48113",,,,,,,,,,"6,14","0,3229777","30,48138","6,14","0,3649394","30,481",,,,"6,14","0,3929138","30,481","6,14","0,324885","30,481"
,,,"6,15","0,3201167","30,53113",,,,,,,,,,"6,15","0,3232956","30,53138","6,15","0,3641447","30,53113",,,,"6,15","0,389576","30,53113","6,15","0,3237724","30,53113"
,,,"6,16","0,3196398","30,58125",,,,,,,,,,"6,16","0,3229777","30,58138","6,16","0,3646215","30,58113",,,,"6,16","0,3856023","30,58125","6,16","0,3209114","30,58113"
,,,"6,17","0,3213882","30,63113",,,,,,,,,,"6,17","0,3240903","30,63138","6,17","0,365893","30,63113",,,,"6,17","0,3816287","30,63125","6,17","0,3177325","30,63125"
,,,"6,18","0,3244082","30,68125",,,,,,,,,,"6,18","0,3245672","30,68138","6,18","0,3673235","30,68113",,,,"6,18","0,377814","30,681","6,18","0,3169378","30,68113"
,,,"6,19","0,3256798","30,73125",,,,,,,,,,"6,19","0,3245672","30,73138","6,19","0,3697077","30,73113",,,,"6,19","0,3736814","30,73113","6,19","0,3188451","30,73113"
,,,"6,2","0,3275871","30,78125",,,,,,,,,,"6,2","0,3259977","30,7815","6,2","0,3725688","30,78125",,,,"6,2","0,3693899","30,78125","6,2","0,322024","30,78125"
,,,"6,21","0,3317197","30,83125",,,,,,,,,,"6,21","0,3267924","30,83138","6,21","0,3749529","30,83125",,,,"6,21","0,3662109","30,83113","6,21","0,3237724","30,83113"
,,,"6,22","0,336806","30,88125",,,,,,,,,,"6,22","0,3269514","30,88138","6,22","0,3781319","30,88113",,,,"6,22","0,3665288","30,88113","6,22","0,3240903","30,88113"
,,,"6,23","0,3410975","30,93125",,,,,,,,,,"6,23","0,3288587","30,93138","6,23","0,3825823","30,93125",,,,"6,23","0,3682772","30,93125","6,23","0,3225009","30,93125"
,,,"6,24","0,3452301","30,98125",,,,,,,,,,"6,24","0,330925","30,9815","6,24","0,3873507","30,98125",,,,"6,24","0,369072","30,98125","6,24","0,3196398","30,98125"
,,,"6,25","0,3499985","31,03138",,,,,,,,,,"6,25","0,3288587","31,0315","6,25","0,3921191","31,03125",,,,"6,25","0,368913","31,03125","6,25","0,3156662","31,03138"
,,,"6,26","0,35429","31,08125",,,,,,,,,,"6,26","0,3253619","31,0815","6,26","0,3972054","31,08113",,,,"6,26","0,368913","31,08113","6,26","0,3129641","31,08113"
,,,"6,27","0,3585815","31,13113",,,,,,,,,,"6,27","0,3253619","31,1315","6,27","0,4024506","31,13125",,,,"6,27","0,3693899","31,13125","6,27","0,3116926","31,13125"
,,,"6,28","0,3650983","31,18138",,,,,,,,,,"6,28","0,3261566","31,18138","6,28","0,4078547","31,18125",,,,"6,28","0,3706614","31,18138","6,28","0,3105799","31,18125"
,,,"6,29","0,3728867","31,23125",,,,,,,,,,"6,29","0,3236135","31,23125","6,29","0,4135768","31,23125",,,,"6,29","0,3730456","31,23125","6,29","0,3101031","31,23113"
,,,"6,3","0,3786087","31,28138",,,,,,,,,,"6,3","0,3201167","31,28125","6,3","0,4191399","31,28125",,,,"6,3","0,3765424","31,28125","6,3","0,3124873","31,28125"
,,,"6,31","0,3829002","31,33125",,,,,,,,,,"6,31","0,3174146","31,33125","6,31","0,4229546","31,33125",,,,"6,31","0,3794034","31,33125","6,31","0,3164609","31,33125"
,,,"6,32","0,386397","31,38125",,,,,,,,,,"6,32","0,3142357","31,38138","6,32","0,4262924","31,38125",,,,"6,32","0,3824234","31,38125","6,32","0,3196398","31,38125"
,,,"6,33","0,3900528","31,43138",,,,,,,,,,"6,33","0,3113747","31,43138","6,33","0,4318555","31,43125",,,,"6,33","0,3856023","31,43113","6,33","0,322024","31,43113"
,,,"6,34","0,3935496","31,48125",,,,,,,,,,"6,34","0,3096263","31,48113","6,34","0,4390081","31,48113",,,,"6,34","0,389576","31,481","6,34","0,3244082","31,48113"
,,,"6,35","0,3956159","31,53125",,,,,,,,,,"6,35","0,3072421","31,53125","6,35","0,445207","31,53125",,,,"6,35","0,3948212","31,53138","6,35","0,3261566","31,53138"
,,,"6,36","0,3968875","31,58138",,,,,,,,,,"6,36","0,3037453","31,58138","6,36","0,448068","31,58125",,,,"6,36","0,401179","31,58125","6,36","0,3264745","31,58125"
,,,"6,37","0,3987948","31,63125",,,,,,,,,,"6,37","0,3008842","31,63125","6,37","0,4467964","31,63125",,,,"6,37","0,4072189","31,63113","6,37","0,3245672","31,63125"
,,,"6,38","0,4007021","31,68125",,,,,,,,,,"6,38","0,2978643","31,68113","6,38","0,4398028","31,68113",,,,"6,38","0,4123052","31,68113","6,38","0,3232956","31,68113"
,,,"6,39","0,4000664","31,73113",,,,,,,,,,"6,39","0,2923012","31,73113","6,39","0,4285177","31,73125",,,,"6,39","0,4167557","31,73125","6,39","0,3256798","31,73125"
,,,"6,4","0,3995895","31,78138",,,,,,,,,,"6,4","0,2878507","31,78125","6,4","0,4150073","31,78138",,,,"6,4","0,4194578","31,78138","6,4","0,3301302","31,78125"
,,,"6,41","0,4035632","31,83125",,,,,,,,,,"6,41","0,2878507","31,83125","6,41","0,3984769","31,83125",,,,"6,41","0,4199346","31,83125","6,41","0,3328323","31,83125"
,,,"6,42","0,4103979","31,88125",,,,,,,,,,"6,42","0,2907117","31,88113","6,42","0,3797213","31,88125",,,,"6,42","0,4210472","31,88125","6,42","0,3328323","31,88125"
,,,"6,43","0,4146894","31,93125",,,,,,,,,,"6,43","0,292937","31,93125","6,43","0,3609657","31,93125",,,,"6,43","0,4239082","31,93125","6,43","0,3325144","31,93125"
,,,"6,44","0,4151662","31,98125",,,,,,,,,,"6,44","0,292937","31,98138","6,44","0,3447533","31,98113",,,,"6,44","0,427405","31,98113","6,44","0,3341039","31,98125"
,,,"6,45","0,4162788","32,03138",,,,,,,,,,"6,45","0,2926191","32,03138","6,45","0,3304482","32,03125",,,,"6,45","0,4309019","32,03125","6,45","0,3383954","32,03125"
,,,"6,46","0,4202525","32,08125",,,,,,,,,,"6,46","0,2923012","32,08113","6,46","0,3182093","32,08113",,,,"6,46","0,4345576","32,081","6,46","0,3428459","32,08113"
,,,"6,47","0,4266103","32,13113",,,,,,,,,,"6,47","0,2934138","32,13125","6,47","0,3089905","32,13138",,,,"6,47","0,4369418","32,13138","6,47","0,3458659","32,13138"
,,,"6,48","0,4342397","32,18138",,,,,,,,,,"6,48","0,295798","32,1815","6,48","0,3018379","32,18125",,,,"6,48","0,4380544","32,18125","6,48","0,3479322","32,18125"
,,,"6,49","0,442187","32,23125",,,,,,,,,,"6,49","0,2992948","32,23138","6,49","0,2965927","32,23112",,,,"6,49","0,4398028","32,23125","6,49","0,3482501","32,23125"
,,,"6,5","0,4499753","32,28138",,,,,,,,,,"6,5","0,3018379","32,28125","6,5","0,2934138","32,28125",,,,"6,5","0,442028","32,28113","6,5","0,3468195","32,28125"
,,,"6,51","0,4576047","32,33125",,,,,,,,,,"6,51","0,3021558","32,33125","6,51","0,2913475","32,33125",,,,"6,51","0,4425049","32,33125","6,51","0,3471375","32,33125"
,,,"6,52","0,4674594","32,38138",,,,,,,,,,"6,52","0,3018379","32,38138","6,52","0,2902349","32,38138",,,,"6,52","0,4417101","32,38138","6,52","0,3492037","32,38125"
,,,"6,53","0,4782677","32,43138",,,,,,,,,,"6,53","0,3032684","32,43138","6,53","0,2915064","32,43125",,,,"6,53","0,4429817","32,43125","6,53","0,3507932","32,43125"
,,,"6,54","0,4901886","32,48138",,,,,,,,,,"6,54","0,3056526","32,48112","6,54","0,2945264","32,481",,,,"6,54","0,4460017","32,48112","6,54","0,3511111","32,481"
,,,"6,55","0,5041758","32,53138",,,,,,,,,,"6,55","0,3080368","32,53138","6,55","0,2978643","32,53125",,,,"6,55","0,4483859","32,53125","6,55","0,3498395","32,53113"
,,,"6,56","0,5191167","32,5815",,,,,,,,,,"6,56","0,3110568","32,5815","6,56","0,3026327","32,58125",,,,"6,56","0,4483859","32,58125","6,56","0,348409","32,58125"
,,,"6,57","0,5315145","32,63138",,,,,,,,,,"6,57","0,3150304","32,63138","6,57","0,3088315","32,63125",,,,"6,57","0,4464785","32,63125","6,57","0,3492037","32,63125"
,,,"6,58","0,5399386","32,68138",,,,,,,,,,"6,58","0,3196398","32,68138","6,58","0,3140768","32,68113",,,,"6,58","0,4440943","32,68113","6,58","0,3506342","32,68113"
,,,"6,59","0,5442302","32,73138",,,,,,,,,,"6,59","0,3240903","32,73125","6,59","0,3185272","32,73112",,,,"6,59","0,4405975","32,73112","6,59","0,3499985","32,73112"
,,,"6,6","0,5421638","32,7815",,,,,,,,,,"6,6","0,3275871","32,7815","6,6","0,3244082","32,78125",,,,"6,6","0,4350344","32,78125","6,6","0,3476143","32,78125"
,,,"6,61","0,5315145","32,8315",,,,,,,,,,"6,61","0,3301302","32,83138","6,61","0,3296534","32,83113",,,,"6,61","0,4289945","32,83113","6,61","0,3444354","32,83125"
,,,"6,62","0,5121231","32,88138",,,,,,,,,,"6,62","0,3320376","32,88125","6,62","0,3325144","32,88113",,,,"6,62","0,4242261","32,88113","6,62","0,3410975","32,88113"
,,,"6,63","0,4857381","32,93125",,,,,,,,,,"6,63","0,3333092","32,93125","6,63","0,3341039","32,93125",,,,"6,63","0,4194578","32,93125","6,63","0,3376007","32,93113"
,,,"6,64","0,4549026","32,98138",,,,,,,,,,"6,64","0,3339449","32,98138","6,64","0,3363291","32,98112",,,,"6,64","0,412782","32,98112","6,64","0,3348986","32,98112"
,,,"6,65","0,4231135","33,03138",,,,,,,,,,"6,65","0,3341039","33,03138","6,65","0,3379186","33,03125",,,,"6,65","0,4054705","33,03125","6,65","0,3325144","33,03125"
,,,"6,66","0,3948212","33,08138",,,,,,,,,,"6,66","0,3348986","33,08125","6,66","0,339667","33,08125",,,,"6,66","0,3984769","33,08113","6,66","0,3301302","33,08113"
,,,"6,67","0,3720919","33,13138",,,,,,,,,,"6,67","0,336806","33,13138","6,67","0,3442764","33,13125",,,,"6,67","0,3911654","33,13125","6,67","0,3285408","33,13125"
,,,"6,68","0,3561974","33,1815",,,,,,,,,,"6,68","0,3395081","33,18138","6,68","0,3506342","33,18125",,,,"6,68","0,3840128","33,18125","6,68","0,3291766","33,18125"
,,,"6,69","0,345548","33,23138",,,,,,,,,,"6,69","0,3412565","33,23125","6,69","0,3555616","33,23125",,,,"6,69","0,3797213","33,23112","6,69","0,3299713","33,23125"
,,,"6,7","0,3383954","33,28138",,,,,,,,,,"6,7","0,3428459","33,28138","6,7","0,3595352","33,28113",,,,"6,7","0,377814","33,28125","6,7","0,3317197","33,28125"
,,,"6,71","0,3331502","33,33113",,,,,,,,,,"6,71","0,3447533","33,33138","6,71","0,3635089","33,33125",,,,"6,71","0,3760656","33,33125","6,71","0,3341039","33,33125"
,,,"6,72","0,3299713","33,38138",,,,,,,,,,"6,72","0,3466606","33,38138","6,72","0,3666878","33,38125",,,,"6,72","0,3736814","33,38125","6,72","0,3352165","33,38125"
,,,"6,73","0,328064","33,43138",,,,,,,,,,"6,73","0,348409","33,43138","6,73","0,3697077","33,43125",,,,"6,73","0,3722509","33,43125","6,73","0,3347397","33,43113"
,,,"6,74","0,3288587","33,48112",,,,,,,,,,"6,74","0,3492037","33,48125","6,74","0,3733635","33,48112",,,,"6,74","0,3714561","33,48112","6,74","0,3347397","33,48112"
,,,"6,75","0,3333092","33,53113",,,,,,,,,,"6,75","0,3479322","33,53125","6,75","0,3760656","33,53125",,,,"6,75","0,3722509","33,53125","6,75","0,3352165","33,53125"
,,,"6,76","0,339667","33,58125",,,,,,,,,,"6,76","0,3460248","33,58138","6,76","0,3770193","33,58113",,,,"6,76","0,3749529","33,58125","6,76","0,3352165","33,58125"
,,,"6,77","0,3471375","33,63125",,,,,,,,,,"6,77","0,345548","33,63138","6,77","0,3801982","33,63125",,,,"6,77","0,3792445","33,63125","6,77","0,3347397","33,63125"
,,,"6,78","0,3563563","33,68125",,,,,,,,,,"6,78","0,3460248","33,68125","6,78","0,3868739","33,68113",,,,"6,78","0,3825823","33,68125","6,78","0,3339449","33,68113"
,,,"6,79","0,3670057","33,731",,,,,,,,,,"6,79","0,3460248","33,73125","6,79","0,3932317","33,73125",,,,"6,79","0,3856023","33,73125","6,79","0,3325144","33,73125"
,,,"6,8","0,3765424","33,78125",,,,,,,,,,"6,8","0,3444354","33,78138","6,8","0,3972054","33,78125",,,,"6,8","0,3897349","33,78138","6,8","0,3323555","33,78138"
,,,"6,81","0,3852844","33,83125",,,,,,,,,,"6,81","0,3415743","33,83138","6,81","0,3999074","33,83138",,,,"6,81","0,3943443","33,83125","6,81","0,3336271","33,83125"
,,,"6,82","0,3943443","33,88125",,,,,,,,,,"6,82","0,3363291","33,88125","6,82","0,4035632","33,88125",,,,"6,82","0,3984769","33,88125","6,82","0,3341039","33,88113"
,,,"6,83","0,4019737","33,93113",,,,,,,,,,"6,83","0,3288587","33,93125","6,83","0,4091263","33,93138",,,,"6,83","0,4043579","33,93138","6,83","0,3325144","33,93138"
,,,"6,84","0,4080137","33,98125",,,,,,,,,,"6,84","0,3204346","33,98125","6,84","0,4154841","33,98125",,,,"6,84","0,4118284","33,98138","6,84","0,330925","33,98125"
,,,"6,85","0,4135768","34,03138",,,,,,,,,,"6,85","0,3113747","34,03125","6,85","0,4218419","34,03138",,,,"6,85","0,4178683","34,03125","6,85","0,3307661","34,03138"
,,,"6,86","0,4197756","34,08138",,,,,,,,,,"6,86","0,3029505","34,08113","6,86","0,4262924","34,08125",,,,"6,86","0,4205704","34,08113","6,86","0,3296534","34,08113"
,,,"6,87","0,4266103","34,13113",,,,,,,,,,"6,87","0,2950033","34,13125","6,87","0,4301071","34,13138",,,,"6,87","0,4218419","34,13138","6,87","0,3285408","34,13138"
,,,"6,88","0,433286","34,18138",,,,,,,,,,"6,88","0,2875328","34,18138","6,88","0,4366239","34,18125",,,,"6,88","0,4223188","34,18125","6,88","0,3285408","34,18138"
,,,"6,89","0,4390081","34,23125",,,,,,,,,,"6,89","0,2802213","34,23125","6,89","0,4453659","34,23125",,,,"6,89","0,424544","34,23125","6,89","0,328064","34,23125"
,,,"6,9","0,4440943","34,28138",,,,,,,,,,"6,9","0,2740224","34,28125","6,9","0,4523595","34,28125",,,,"6,9","0,4293124","34,28113","6,9","0,3267924","34,28113"
,,,"6,91","0,448068","34,33125",,,,,,,,,,"6,91","0,2708435","34,33125","6,91","0,4533132","34,33125",,,,"6,91","0,4342397","34,33125","6,91","0,3253619","34,33125"
,,,"6,92","0,4512469","34,38138",,,,,,,,,,"6,92","0,2708435","34,38138","6,92","0,4483859","34,38138",,,,"6,92","0,4377365","34,38138","6,92","0,3261566","34,38138"
,,,"6,93","0,4533132","34,43138",,,,,,,,,,"6,93","0,2719561","34,43138","6,93","0,4380544","34,43125",,,,"6,93","0,4404386","34,43125","6,93","0,3285408","34,43138"
,,,"6,94","0,4541079","34,48125",,,,,,,,,,"6,94","0,2719561","34,48125","6,94","0,4237493","34,48112",,,,"6,94","0,4417101","34,481","6,94","0,3317197","34,48112"
,,,"6,95","0,4544258","34,53138",,,,,,,,,,"6,95","0,272433","34,53138","6,95","0,4064242","34,53125",,,,"6,95","0,4413923","34,53125","6,95","0,3328323","34,53125"
,,,"6,96","0,4549026","34,58138",,,,,,,,,,"6,96","0,2748171","34,58138","6,96","0,3881454","34,58125",,,,"6,96","0,4412333","34,58138","6,96","0,3312429","34,58125"
,,,"6,97","0,4563332","34,63125",,,,,,,,,,"6,97","0,2779961","34,63138","6,97","0,3712972","34,63125",,,,"6,97","0,442187","34,63125","6,97","0,3312429","34,63125"
,,,"6,98","0,4580816","34,68138",,,,,,,,,,"6,98","0,281016","34,68125","6,98","0,3563563","34,68113",,,,"6,98","0,4425049","34,68113","6,98","0,3336271","34,68113"
,,,"6,99","0,4587173","34,73125",,,,,,,,,,"6,99","0,2834002","34,73125","6,99","0,3431638","34,73112",,,,"6,99","0,4404386","34,73112","6,99","0,3355344","34,73112"
,,,"7","0,4572868","34,78138",,,,,,,,,,"7","0,2867381","34,78138","7","0,330925","34,78125",,,,"7","0,4382133","34,78125","7","0,3364881","34,78138"
,,,"7,01","0,4576047","34,83125",,,,,,,,,,"7,01","0,2926191","34,83125","7,01","0,3217061","34,83125",,,,"7,01","0,4377365","34,83113","7,01","0,3383954","34,83113"
,,,"7,02","0,4623731","34,88125",,,,,,,,,,"7,02","0,3005663","34,88125","7,02","0,316143","34,88113",,,,"7,02","0,4377365","34,88113","7,02","0,3444354","34,88113"
,,,"7,03","0,4679362","34,93125",,,,,,,,,,"7,03","0,3080368","34,93138","7,03","0,3124873","34,93113",,,,"7,03","0,4385312","34,93125","7,03","0,3511111","34,93113"
,,,"7,04","0,4719099","34,98125",,,,,,,,,,"7,04","0,3145536","34,9815","7,04","0,3077189","34,98112",,,,"7,04","0,4401207","34,98125","7,04","0,3527006","34,98125"
,,,"7,05","0,4750887","35,03138",,,,,,,,,,"7,05","0,3205935","35,03138","7,05","0,3026327","35,03125",,,,"7,05","0,4401207","35,03125","7,05","0,3538132","35,03125"
,,,"7,06","0,4779498","35,08138",,,,,,,,,,"7,06","0,324885","35,08138","7,06","0,2997716","35,08113",,,,"7,06","0,4369418","35,081","7,06","0,36033","35,081"
,,,"7,07","0,4809698","35,13125",,,,,,,,,,"7,07","0,3277461","35,13138","7,07","0,2992948","35,13125",,,,"7,07","0,4313787","35,13125","7,07","0,3643036","35,13113"
,,,"7,08","0,4833539","35,18138",,,,,,,,,,"7,08","0,3304482","35,1815","7,08","0,3002485","35,18125",,,,"7,08","0,424703","35,18138","7,08","0,3606478","35,18125"
,,,"7,09","0,4858971","35,23125",,,,,,,,,,"7,09","0,3331502","35,23138","7,09","0,3037453","35,23112",,,,"7,09","0,4183451","35,23112","7,09","0,3598531","35,23112"
,,,"7,1","0,4885992","35,28125",,,,,,,,,,"7,1","0,3341039","35,28138","7,1","0,3088315","35,281",,,,"7,1","0,4138947","35,28113","7,1","0,3617605","35,28113"
,,,"7,11","0,4898707","35,33113",,,,,,,,,,"7,11","0,3348986","35,33138","7,11","0,3137589","35,33125",,,,"7,11","0,4091263","35,33125","7,11","0,3585815","35,33125"
,,,"7,12","0,4898707","35,38125",,,,,,,,,,"7,12","0,3371239","35,38138","7,12","0,3174146","35,38125",,,,"7,12","0,4032453","35,38125","7,12","0,3566742","35,38125"
,,,"7,13","0,4878044","35,43138",,,,,,,,,,"7,13","0,3388723","35,43138","7,13","0,322024","35,43113",,,,"7,13","0,3980001","35,43125","7,13","0,3585815","35,43113"
,,,"7,14","0,483036","35,48125",,,,,,,,,,"7,14","0,3391902","35,48125","7,14","0,3275871","35,481",,,,"7,14","0,3943443","35,481","7,14","0,3563563","35,481"
,,,"7,15","0,4762014","35,53125",,,,,,,,,,"7,15","0,3395081","35,53138","7,15","0,3331502","35,53125",,,,"7,15","0,3900528","35,53125","7,15","0,3546079","35,53138"
,,,"7,16","0,4660288","35,58138",,,,,,,,,,"7,16","0,3403028","35,5815","7,16","0,336806","35,58125",,,,"7,16","0,3848076","35,58125","7,16","0,3587405","35,58125"
,,,"7,17","0,4517237","35,63125",,,,,,,,,,"7,17","0,3407796","35,63138","7,17","0,3410975","35,63125",,,,"7,17","0,3801982","35,63125","7,17","0,3606478","35,63125"
,,,"7,18","0,4337629","35,68125",,,,,,,,,,"7,18","0,3395081","35,68125","7,18","0,3463427","35,68113",,,,"7,18","0,3770193","35,68113","7,18","0,3569921","35,68113"
,,,"7,19","0,4146894","35,73112",,,,,,,,,,"7,19","0,3364881","35,73125","7,19","0,351429","35,73125",,,,"7,19","0,3741582","35,73138","7,19","0,3554026","35,73125"
,,,"7,2","0,395298","35,78138",,,,,,,,,,"7,2","0,3336271","35,7815","7,2","0,3550847","35,78138",,,,"7,2","0,3706614","35,78125","7,2","0,3538132","35,78138"
,,,"7,21","0,3754298","35,83138",,,,,,,,,,"7,21","0,3328323","35,8315","7,21","0,3574689","35,83125",,,,"7,21","0,3678004","35,83125","7,21","0,3471375","35,83125"
,,,"7,22","0,3566742","35,88125",,,,,,,,,,"7,22","0,3355344","35,88138","7,22","0,3609657","35,88113",,,,"7,22","0,3649394","35,88113","7,22","0,3415743","35,88125"
,,,"7,23","0,3415743","35,93125",,,,,,,,,,"7,23","0,3379186","35,93138","7,23","0,365893","35,93138",,,,"7,23","0,3614426","35,93125","7,23","0,339667","35,93125"
,,,"7,24","0,3307661","35,98138",,,,,,,,,,"7,24","0,3379186","35,98138","7,24","0,3714561","35,98125",,,,"7,24","0,3598531","35,98125","7,24","0,336806","35,98138"
,,,"7,25","0,3236135","36,03138",,,,,,,,,,"7,25","0,3371239","36,03125","7,25","0,3762245","36,03125",,,,"7,25","0,3606478","36,03125","7,25","0,3328323","36,03138"
,,,"7,26","0,3213882","36,08125",,,,,,,,,,"7,26","0,3364881","36,08113","7,26","0,3797213","36,08125",,,,"7,26","0,3609657","36,08113","7,26","0,3312429","36,08113"
,,,"7,27","0,3236135","36,13113",,,,,,,,,,"7,27","0,336806","36,13125","7,27","0,3832181","36,13138",,,,"7,27","0,3595352","36,13138","7,27","0,3307661","36,13138"
,,,"7,28","0,3269514","36,18138",,,,,,,,,,"7,28","0,3376007","36,18138","7,28","0,386397","36,18138",,,,"7,28","0,3585815","36,18138","7,28","0,3312429","36,18138"
,,,"7,29","0,3304482","36,23125",,,,,,,,,,"7,29","0,3380775","36,23125","7,29","0,389576","36,23125",,,,"7,29","0,3587405","36,23125","7,29","0,3341039","36,23125"
,,,"7,3","0,3336271","36,28125",,,,,,,,,,"7,3","0,3372828","36,28125","7,3","0,3927549","36,28113",,,,"7,3","0,3614426","36,28113","7,3","0,3380775","36,28125"
,,,"7,31","0,336806","36,33125",,,,,,,,,,"7,31","0,3364881","36,33113","7,31","0,3980001","36,33125",,,,"7,31","0,3666878","36,33125","7,31","0,3388723","36,33125"
,,,"7,32","0,3407796","36,38138",,,,,,,,,,"7,32","0,3356934","36,38125","7,32","0,4054705","36,38138",,,,"7,32","0,3728867","36,38138","7,32","0,3379186","36,38138"
,,,"7,33","0,3466606","36,43125",,,,,,,,,,"7,33","0,3348986","36,43125","7,33","0,4119873","36,43125",,,,"7,33","0,3781319","36,43125","7,33","0,3376007","36,43125"
,,,"7,34","0,3546079","36,48125",,,,,,,,,,"7,34","0,3352165","36,48125","7,34","0,4154841","36,48112",,,,"7,34","0,3821055","36,48112","7,34","0,3360113","36,48112"
,,,"7,35","0,3635089","36,53125",,,,,,,,,,"7,35","0,3371239","36,53125","7,35","0,418663","36,53125",,,,"7,35","0,3849665","36,53125","7,35","0,3323555","36,53125"
,,,"7,36","0,3733635","36,58138",,,,,,,,,,"7,36","0,3371239","36,58138","7,36","0,4226367","36,58125",,,,"7,36","0,386397","36,58138","7,36","0,3301302","36,58125"
,,,"7,37","0,3824234","36,63125",,,,,,,,,,"7,37","0,3323555","36,63138","7,37","0,4269282","36,63125",,,,"7,37","0,3892581","36,63125","7,37","0,3315608","36,63113"
,,,"7,38","0,3889402","36,68138",,,,,,,,,,"7,38","0,3252029","36,68113","7,38","0,433286","36,68113",,,,"7,38","0,3948212","36,68113","7,38","0,3339449","36,68113"
,,,"7,39","0,3940264","36,73125",,,,,,,,,,"7,39","0,3201167","36,73125","7,39","0,4401207","36,73112",,,,"7,39","0,4008611","36,73112","7,39","0,3372828","36,73125"
,,,"7,4","0,3995895","36,78138",,,,,,,,,,"7,4","0,3164609","36,78138","7,4","0,4440943","36,78138",,,,"7,4","0,4054705","36,78125","7,4","0,3439585","36,78138"
,,,"7,41","0,4064242","36,83138",,,,,,,,,,"7,41","0,3121694","36,83125","7,41","0,4448891","36,83125",,,,"7,41","0,4091263","36,83125","7,41","0,3499985","36,83113"
,,,"7,42","0,4142126","36,88125",,,,,,,,,,"7,42","0,3081957","36,88125","7,42","0,445207","36,88113",,,,"7,42","0,4135768","36,88113","7,42","0,3534953","36,88113"
,,,"7,43","0,4213651","36,93125",,,,,,,,,,"7,43","0,3042221","36,93125","7,43","0,4456838","36,93125",,,,"7,43","0,4175504","36,93125","7,43","0,3555616","36,93125"
,,,"7,44","0,4261335","36,98138",,,,,,,,,,"7,44","0,2992948","36,98138","7,44","0,4483859","36,98112",,,,"7,44","0,4205704","36,98112","7,44","0,3566742","36,98125"
,,,"7,45","0,4278819","37,03138",,,,,,,,,,"7,45","0,2945264","37,03138","7,45","0,4523595","37,03125",,,,"7,45","0,4237493","37,03125","7,45","0,3558795","37,03113"
,,,"7,46","0,4278819","37,08138",,,,,,,,,,"7,46","0,2918243","37,08138","7,46","0,4531542","37,08113",,,,"7,46","0,4277229","37,081","7,46","0,3554026","37,08113"
,,,"7,47","0,4278819","37,13125",,,,,,,,,,"7,47","0,2907117","37,13138","7,47","0,4469554","37,13125",,,,"7,47","0,4321734","37,13125","7,47","0,35429","37,13125"
,,,"7,48","0,4294713","37,1815",,,,,,,,,,"7,48","0,2902349","37,18138","7,48","0,4350344","37,18125",,,,"7,48","0,4366239","37,18125","7,48","0,3511111","37,18125"
,,,"7,49","0,4326502","37,23138",,,,,,,,,,"7,49","0,2886454","37,23125","7,49","0,4197756","37,23125",,,,"7,49","0,4390081","37,23112","7,49","0,3468195","37,23125"
,,,"7,5","0,4372597","37,28138",,,,,,,,,,"7,5","0,2851486","37,28138","7,5","0,4019737","37,28125",,,,"7,5","0,4405975","37,28113","7,5","0,3450712","37,28125"
,,,"7,51","0,4412333","37,33125",,,,,,,,,,"7,51","0,281175","37,33138","7,51","0,3829002","37,33125",,,,"7,51","0,4425049","37,33113","7,51","0,3444354","37,33125"
,,,"7,52","0,445207","37,38138",,,,,,,,,,"7,52","0,2799034","37,38138","7,52","0,3633499","37,38125",,,,"7,52","0,4429817","37,38125","7,52","0,3447533","37,38125"
,,,"7,53","0,4507701","37,43138",,,,,,,,,,"7,53","0,2818108","37,4315","7,53","0,3447533","37,43125",,,,"7,53","0,4412333","37,43113","7,53","0,3460248","37,43125"
,,,"7,54","0,4556974","37,48125",,,,,,,,,,"7,54","0,2857844","37,48138","7,54","0,3283819","37,481",,,,"7,54","0,4396439","37,48112","7,54","0,3458659","37,481"
,,,"7,55","0,4579226","37,53125",,,,,,,,,,"7,55","0,2897581","37,53138","7,55","0,3158251","37,53113",,,,"7,55","0,4405975","37,53113","7,55","0,3434817","37,53113"
,,,"7,56","0,4588763","37,58138",,,,,,,,,,"7,56","0,2918243","37,5815","7,56","0,3077189","37,58113",,,,"7,56","0,442187","37,581","7,56","0,3410975","37,58113"
,,,"7,57","0,4631678","37,63138",,,,,,,,,,"7,57","0,2918243","37,63125","7,57","0,3029505","37,631",,,,"7,57","0,4412333","37,63113","7,57","0,3404617","37,63113"
,,,"7,58","0,4700025","37,68125",,,,,,,,,,"7,58","0,2910296","37,68125","7,58","0,3013611","37,681",,,,"7,58","0,4372597","37,68113","7,58","0,339667","37,68113"
,,,"7,59","0,4779498","37,73125",,,,,,,,,,"7,59","0,2915064","37,73113","7,59","0,3013611","37,73113",,,,"7,59","0,4310608","37,73113","7,59","0,3380775","37,73125"
,,,"7,6","0,4878044","37,78138",,,,,,,,,,"7,6","0,2950033","37,78138","7,6","0,3010432","37,78125",,,,"7,6","0,4239082","37,78125","7,6","0,3371239","37,78125"
,,,"7,61","0,5000432","37,83125",,,,,,,,,,"7,61","0,2989769","37,83138","7,61","0,3010432","37,83125",,,,"7,61","0,4159609","37,83125","7,61","0,3356934","37,83125"
,,,"7,62","0,5132357","37,88125",,,,,,,,,,"7,62","0,3029505","37,88113","7,62","0,3026327","37,88113",,,,"7,62","0,4075368","37,88113","7,62","0,3333092","37,88113"
,,,"7,63","0,5272229","37,93125",,,,,,,,,,"7,63","0,3072421","37,93125","7,63","0,3066063","37,93125",,,,"7,63","0,3976822","37,93125","7,63","0,3317197","37,93125"
,,,"7,64","0,5423228","37,98138",,,,,,,,,,"7,64","0,3096263","37,98138","7,64","0,3129641","37,98113",,,,"7,64","0,3881454","37,98125","7,64","0,3325144","37,98125"
,,,"7,65","0,5582173","38,03138",,,,,,,,,,"7,65","0,3089905","38,03138","7,65","0,3204346","38,03125",,,,"7,65","0,3794034","38,03125","7,65","0,3356934","38,03125"
,,,"7,66","0,5752246","38,08125",,,,,,,,,,"7,66","0,3089905","38,08125","7,66","0,3259977","38,08113",,,,"7,66","0,3705025","38,08113","7,66","0,3391902","38,08113"
,,,"7,67","0,5946159","38,13113",,,,,,,,,,"7,67","0,3113747","38,13125","7,67","0,3283819","38,13125",,,,"7,67","0,3622373","38,13125","7,67","0,3412565","38,13138"
,,,"7,68","0,6144841","38,18125",,,,,,,,,,"7,68","0,3140768","38,18138","7,68","0,3299713","38,18125",,,,"7,68","0,357151","38,18125","7,68","0,3423691","38,18125"
,,,"7,69","0,6313324","38,23125",,,,,,,,,,"7,69","0,3156662","38,23125","7,69","0,3333092","38,23125",,,,"7,69","0,3550847","38,23113","7,69","0,3423691","38,23125"
,,,"7,7","0,6464322","38,28125",,,,,,,,,,"7,7","0,3172556","38,28125","7,7","0,3399849","38,28125",,,,"7,7","0,35429","38,28125","7,7","0,3407796","38,28113"
,,,"7,71","0,6623268","38,33113",,,,,,,,,,"7,71","0,3190041","38,33138","7,71","0,3474554","38,33125",,,,"7,71","0,3550847","38,33125","7,71","0,3372828","38,33125"
,,,"7,72","0,6769498","38,38125",,,,,,,,,,"7,72","0,3201167","38,38138","7,72","0,3534953","38,38125",,,,"7,72","0,357151","38,38138","7,72","0,3360113","38,38125"
,,,"7,73","0,6888707","38,43138",,,,,,,,,,"7,73","0,3209114","38,43138","7,73","0,3582636","38,43125",,,,"7,73","0,3598531","38,43125","7,73","0,3391902","38,43113"
,,,"7,74","0,6988843","38,48125",,,,,,,,,,"7,74","0,322183","38,48125","7,74","0,3611247","38,481",,,,"7,74","0,3622373","38,481","7,74","0,3431638","38,48113"
,,,"7,75","0,7084211","38,53125",,,,,,,,,,"7,75","0,3244082","38,53138","7,75","0,3622373","38,53125",,,,"7,75","0,3638268","38,53125","7,75","0,3452301","38,53125"
,,,"7,76","0,7163684","38,58138",,,,,,,,,,"7,76","0,3245672","38,58138","7,76","0,3627141","38,58125",,,,"7,76","0,3657341","38,58125","7,76","0,3474554","38,58125"
,,,"7,77","0,7208188","38,63113",,,,,,,,,,"7,77","0,3225009","38,63138","7,77","0,3650983","38,63113",,,,"7,77","0,3698667","38,63113","7,77","0,3522237","38,63113"
,,,"7,78","0,7243156","38,68125",,,,,,,,,,"7,78","0,3217061","38,68125","7,78","0,3698667","38,68113",,,,"7,78","0,3765424","38,68113","7,78","0,3563563","38,68113"
,,,"7,79","0,731945","38,73125",,,,,,,,,,"7,79","0,3236135","38,73125","7,79","0,3744761","38,73125",,,,"7,79","0,3829002","38,73125","7,79","0,3585815","38,73113"
,,,"7,8","0,7470449","38,78125",,,,,,,,,,"7,8","0,3264745","38,78138","7,8","0,3762245","38,78125",,,,"7,8","0,3873507","38,78125","7,8","0,3606478","38,78138"
,,,"7,81","0,769933","38,83125",,,,,,,,,,"7,81","0,3288587","38,83125","7,81","0,3762245","38,83113",,,,"7,81","0,3916422","38,83113","7,81","0,3622373","38,83125"
,,,"7,82","0,7994969","38,88125",,,,,,,,,,"7,82","0,3301302","38,88113","7,82","0,377655","38,88125",,,,"7,82","0,3967285","38,88113","7,82","0,3617605","38,88113"
,,,"7,83","0,8347829","38,93113",,,,,,,,,,"7,83","0,3299713","38,93125","7,83","0,3801982","38,93125",,,,"7,83","0,4019737","38,93125","7,83","0,3609657","38,93125"
,,,"7,84","0,872612","38,98138",,,,,,,,,,"7,84","0,3288587","38,98125","7,84","0,3833771","38,98125",,,,"7,84","0,40706","38,98125","7,84","0,3617605","38,98125"
,,,"7,85","0,9113948","39,03138",,,,,,,,,,"7,85","0,3269514","39,03138","7,85","0,3857613","39,03125",,,,"7,85","0,4119873","39,03125","7,85","0,3627141","39,03125"
,,,"7,86","0,9492238","39,08125",,,,,,,,,,"7,86","0,3252029","39,08125","7,86","0,3879865","39,08113",,,,"7,86","0,4165967","39,08113","7,86","0,3635089","39,08113"
,,,"7,87","0,9859403","39,13125",,,,,,,,,,"7,87","0,3256798","39,13125","7,87","0,3903707","39,13138",,,,"7,87","0,4218419","39,13138","7,87","0,3641447","39,13125"
,,,"7,88","1,022021","39,1815",,,,,,,,,,"7,88","0,3288587","39,18138","7,88","0,3937086","39,18125",,,,"7,88","0,4270872","39,18125","7,88","0,3643036","39,18138"
,,,"7,89","1,058578","39,23138",,,,,,,,,,"7,89","0,3325144","39,23125","7,89","0,3987948","39,23125",,,,"7,89","0,4310608","39,23125","7,89","0,3633499","39,23125"
,,,"7,9","1,093547","39,28138",,,,,,,,,,"7,9","0,3339449","39,28125","7,9","0,4043579","39,28125",,,,"7,9","0,4345576","39,28125","7,9","0,3614426","39,28125"
,,,"7,91","1,123746","39,33125",,,,,,,,,,"7,91","0,3331502","39,33125","7,91","0,4091263","39,33138",,,,"7,91","0,4372597","39,33125","7,91","0,357151","39,33125"
,,,"7,92","1,146475","39,38138",,,,,,,,,,"7,92","0,3325144","39,38138","7,92","0,4135768","39,38125",,,,"7,92","0,4404386","39,38125","7,92","0,3511111","39,38125"
,,,"7,93","1,164277","39,4315",,,,,,,,,,"7,93","0,3325144","39,43138","7,93","0,4191399","39,43125",,,,"7,93","0,4432996","39,43125","7,93","0,3450712","39,43125"
,,,"7,94","1,179059","39,48125",,,,,,,,,,"7,94","0,3307661","39,48125","7,94","0,4253387","39,48113",,,,"7,94","0,4461606","39,48113","7,94","0,3407796","39,48113"
,,,"7,95","1,193365","39,53125",,,,,,,,,,"7,95","0,3272692","39,53138","7,95","0,4294713","39,53138",,,,"7,95","0,4483859","39,53138","7,95","0,336806","39,53138"
,,,"7,96","1,207987","39,58138",,,,,,,,,,"7,96","0,3236135","39,58138","7,96","0,4326502","39,58125",,,,"7,96","0,4496574","39,58125","7,96","0,3325144","39,58125"
,,,"7,97","1,22118","39,63138",,,,,,,,,,"7,97","0,3190041","39,63138","7,97","0,4369418","39,63125",,,,"7,97","0,4512469","39,63125","7,97","0,3293355","39,63125"
,,,"7,98","1,233896","39,68138",,,,,,,,,,"7,98","0,3137589","39,68125","7,98","0,442187","39,68113",,,,"7,98","0,4528364","39,68125","7,98","0,3285408","39,68113"
,,,"7,99","1,247724","39,73113",,,,,,,,,,"7,99","0,3081957","39,73113","7,99","0,4464785","39,73125",,,,"7,99","0,4531542","39,73138","7,99","0,3285408","39,73138"
,,,"8","1,263777","39,78138",,,,,,,,,,"8","0,3034274","39,78138","8","0,4475912","39,78138",,,,"8","0,4520416","39,78138","8","0,3283819","39,78138"
,,,"8,01","1,28444","39,83125",,,,,,,,,,"8,01","0,3000895","39,83125","8,01","0,4444122","39,83125",,,,"8,01","0,4515648","39,83138","8,01","0,3288587","39,83138"
,,,"8,02","1,310984","39,88125",,,,,,,,,,"8,02","0,2978643","39,88125","8,02","0,4366239","39,88125",,,,"8,02","0,4523595","39,88125","8,02","0,3283819","39,88125"
,,,"8,03","1,341661","39,93125",,,,,,,,,,"8,03","0,2950033","39,93138","8,03","0,4253387","39,93138",,,,"8,03","0,4536311","39,93138","8,03","0,3267924","39,93138"
,,,"8,04","1,371702","39,98138",,,,,,,,,,"8,04","0,2891223","39,98138","8,04","0,4110336","39,98125",,,,"8,04","0,4552206","39,98125","8,04","0,3264745","39,98138"
,,,"8,05","1,398404","40,03138",,,,,,,,,,"8,05","0,281016","40,03125","8,05","0,3943443","40,03138",,,,"8,05","0,4560153","40,03138","8,05","0,3285408","40,03125"
,,,"8,06","1,421134","40,08125",,,,,,,,,,"8,06","0,2740224","40,08113","8,06","0,377655","40,08113",,,,"8,06","0,4563332","40,08113","8,06","0,3293355","40,08125"
,,,"8,07","1,443386","40,13113",,,,,,,,,,"8,07","0,2708435","40,13125","8,07","0,3641447","40,13125",,,,"8,07","0,4560153","40,13125","8,07","0,3285408","40,13138"
,,,"8,08","1,468023","40,18138",,,,,,,,,,"8,08","0,2703667","40,18125","8,08","0,3530184","40,18125",,,,"8,08","0,4547437","40,18125","8,08","0,3283819","40,18125"
,,,"8,09","1,492659","40,23125",,,,,,,,,,"8,09","0,2695719","40,23125","8,09","0,3415743","40,23125",,,,"8,09","0,4512469","40,23125","8,09","0,3283819","40,23113"
,,,"8,1","1,514912","40,28125",,,,,,,,,,"8,1","0,2684593","40,28138","8,1","0,330925","40,28113",,,,"8,1","0,4461606","40,28113","8,1","0,3285408","40,28113"
,,,"8,11","1,535416","40,33125",,,,,,,,,,"8,11","0,2687772","40,33138","8,11","0,3237724","40,33113",,,,"8,11","0,4417101","40,33113","8,11","0,3296534","40,33113"
,,,"8,12","1,555443","40,38125",,,,,,,,,,"8,12","0,272274","40,38138","8,12","0,3188451","40,38138",,,,"8,12","0,4372597","40,38125","8,12","0,3320376","40,38125"
,,,"8,13","1,575788","40,43125",,,,,,,,,,"8,13","0,2764066","40,43138","8,13","0,3134409","40,43125",,,,"8,13","0,4313787","40,43125","8,13","0,3355344","40,43125"
,,,"8,14","1,593272","40,48125",,,,,,,,,,"8,14","0,2794266","40,48125","8,14","0,3102621","40,481",,,,"8,14","0,4234314","40,481","8,14","0,3391902","40,48113"
,,,"8,15","1,601537","40,53125",,,,,,,,,,"8,15","0,2818108","40,53138","8,15","0,3101031","40,53125",,,,"8,15","0,4142126","40,53125","8,15","0,3415743","40,53125"
,,,"8,16","1,590411","40,58125",,,,,,,,,,"8,16","0,2846718","40,58138","8,16","0,3096263","40,58125",,,,"8,16","0,4043579","40,58125","8,16","0,3410975","40,58125"
,,,"8,17","1,525879","40,63125",,,,,,,,,,"8,17","0,2875328","40,63138","8,17","0,3093084","40,63125",,,,"8,17","0,3959338","40,63125","8,17","0,339667","40,63125"
,,,"8,18","1,348337","40,68125",,,,,,,,,,"8,18","0,2902349","40,68138","8,18","0,3116926","40,68113",,,,"8,18","0,3905296","40,68113","8,18","0,3404617","40,68113"
,,,"8,19","1,050313","40,73125",,,,,,,,,,"8,19","0,2930959","40,73138","8,19","0,3148715","40,73125",,,,"8,19","0,3871918","40,73113","8,19","0,3431638","40,73113"
,,,"8,2","0,7383029","40,78138",,,,,,,,,,"8,2","0,2954801","40,7815","8,2","0,3174146","40,78125",,,,"8,2","0,3840128","40,78125","8,2","0,3460248","40,78125"
,,,"8,21","0,5315145","40,83125",,,,,,,,,,"8,21","0,2961159","40,8315","8,21","0,322024","40,83125",,,,"8,21","0,3805161","40,83113","8,21","0,3487269","40,83125"
,,,"8,22","0,4409154","40,88113",,,,,,,,,,"8,22","0,2961159","40,88125","8,22","0,3288587","40,88113",,,,"8,22","0,3768603","40,88113","8,22","0,3519058","40,88113"
,,,"8,23","0,4091263","40,93113",,,,,,,,,,"8,23","0,2985001","40,93138","8,23","0,3347397","40,93125",,,,"8,23","0,3725688","40,93113","8,23","0,3546079","40,93125"
,,,"8,24","0,3968875","40,98125",,,,,,,,,,"8,24","0,3021558","40,9815","8,24","0,3391902","40,98125",,,,"8,24","0,3693899","40,98125","8,24","0,3554026","40,98125"
,,,"8,25","0,3932317","41,03125",,,,,,,,,,"8,25","0,3040632","41,0315","8,25","0,3444354","41,03125",,,,"8,25","0,3697077","41,03125","8,25","0,3563563","41,03125"
,,,"8,26","0,3937086","41,08125",,,,,,,,,,"8,26","0,3053347","41,08138","8,26","0,3490448","41,08113",,,,"8,26","0,3725688","41,081","8,26","0,3590584","41,08113"
,,,"8,27","0,3960927","41,13113",,,,,,,,,,"8,27","0,3096263","41,13138","8,27","0,3515879","41,13125",,,,"8,27","0,3746351","41,13125","8,27","0,3622373","41,13125"
,,,"8,28","0,4008611","41,18138",,,,,,,,,,"8,28","0,3153483","41,1815","8,28","0,35429","41,18138",,,,"8,28","0,3744761","41,18138","8,28","0,3611247","41,18125"
,,,"8,29","0,4078547","41,23125",,,,,,,,,,"8,29","0,3209114","41,23125","8,29","0,3577868","41,23125",,,,"8,29","0,3738403","41,23125","8,29","0,3561974","41,23125"
,,,"8,3","0,4154841","41,28138",,,,,,,,,,"8,3","0,3245672","41,28125","8,3","0,36033","41,28125",,,,"8,3","0,3762245","41,28125","8,3","0,3515879","41,28113"
,,,"8,31","0,4237493","41,33125",,,,,,,,,,"8,31","0,3261566","41,33138","8,31","0,3625552","41,33125",,,,"8,31","0,3797213","41,33125","8,31","0,3492037","41,33138"
,,,"8,32","0,433445","41,38138",,,,,,,,,,"8,32","0,3252029","41,3815","8,32","0,365893","41,38125",,,,"8,32","0,3813108","41,38125","8,32","0,3463427","41,38138"
,,,"8,33","0,4432996","41,43138",,,,,,,,,,"8,33","0,3237724","41,43138","8,33","0,3706614","41,43125",,,,"8,33","0,3817876","41,43125","8,33","0,3436407","41,43125"
,,,"8,34","0,4515648","41,48125",,,,,,,,,,"8,34","0,324885","41,48125","8,34","0,3754298","41,48113",,,,"8,34","0,3841718","41,48113","8,34","0,342687","41,48113"
,,,"8,35","0,4580816","41,53125",,,,,,,,,,"8,35","0,3277461","41,53125","8,35","0,3805161","41,53138",,,,"8,35","0,3881454","41,53138","8,35","0,3412565","41,53125"
,,,"8,36","0,4631678","41,58125",,,,,,,,,,"8,36","0,3304482","41,58138","8,36","0,383695","41,58125",,,,"8,36","0,3913244","41,58125","8,36","0,3391902","41,58125"
,,,"8,37","0,4647573","41,63125",,,,,,,,,,"8,37","0,3323555","41,63138","8,37","0,3856023","41,63125",,,,"8,37","0,3943443","41,63125","8,37","0,3387133","41,63125"
,,,"8,38","0,4604658","41,68138",,,,,,,,,,"8,38","0,3336271","41,68125","8,38","0,3884633","41,68113",,,,"8,38","0,398318","41,68113","8,38","0,3387133","41,68125"
,,,"8,39","0,4499753","41,73113",,,,,,,,,,"8,39","0,3352165","41,73113","8,39","0,3921191","41,73113",,,,"8,39","0,4024506","41,73113","8,39","0,3376007","41,73125"
,,,"8,4","0,4337629","41,78138",,,,,,,,,,"8,4","0,3372828","41,78138","8,4","0,3964106","41,78138",,,,"8,4","0,4064242","41,78138","8,4","0,336806","41,78125"
,,,"8,41","0,4143715","41,83125",,,,,,,,,,"8,41","0,339667","41,83125","8,41","0,4014969","41,83125",,,,"8,41","0,4103979","41,83125","8,41","0,3379186","41,83125"
,,,"8,42","0,3967285","41,88125",,,,,,,,,,"8,42","0,3415743","41,88125","8,42","0,40706","41,88125",,,,"8,42","0,4142126","41,88125","8,42","0,3376007","41,88125"
,,,"8,43","0,3848076","41,93125",,,,,,,,,,"8,43","0,3428459","41,93125","8,43","0,4118284","41,93138",,,,"8,43","0,415802","41,93138","8,43","0,3356934","41,93125"
,,,"8,44","0,3768603","41,98125",,,,,,,,,,"8,44","0,3436407","41,98125","8,44","0,4154841","41,98125",,,,"8,44","0,4162788","41,98125","8,44","0,3344218","41,98113"
,,,"8,45","0,3705025","42,03138",,,,,,,,,,"8,45","0,342687","42,03138","8,45","0,4175504","42,03125",,,,"8,45","0,4167557","42,03125","8,45","0,3320376","42,03125"
,,,"8,46","0,3646215","42,08113",,,,,,,,,,"8,46","0,3407796","42,08125","8,46","0,4191399","42,08113",,,,"8,46","0,4183451","42,08113","8,46","0,3293355","42,08113"
,,,"8,47","0,3606478","42,13125",,,,,,,,,,"8,47","0,3388723","42,13113","8,47","0,4234314","42,13138",,,,"8,47","0,4210472","42,13138","8,47","0,3293355","42,13125"
,,,"8,48","0,3582636","42,18138",,,,,,,,,,"8,48","0,3371239","42,18138","8,48","0,4313787","42,18125",,,,"8,48","0,4234314","42,18125","8,48","0,3317197","42,18125"
,,,"8,49","0,357151","42,23125",,,,,,,,,,"8,49","0,3325144","42,23138","8,49","0,4405975","42,23113",,,,"8,49","0,424703","42,23113","8,49","0,3336271","42,23113"
,,,"8,5","0,3574689","42,28125",,,,,,,,,,"8,5","0,3253619","42,28138","8,5","0,4483859","42,281",,,,"8,5","0,4281998","42,28113","8,5","0,3355344","42,28113"
,,,"8,51","0,3569921","42,33125",,,,,,,,,,"8,51","0,3164609","42,33125","8,51","0,4525185","42,33125",,,,"8,51","0,4337629","42,33113","8,51","0,3388723","42,33113"
,,,"8,52","0,3555616","42,38138",,,,,,,,,,"8,52","0,307401","42,38138","8,52","0,453949","42,38125",,,,"8,52","0,4385312","42,38113","8,52","0,3431638","42,38125"
,,,"8,53","0,3563563","42,43138",,,,,,,,,,"8,53","0,3000895","42,4315","8,53","0,4549026","42,43125",,,,"8,53","0,4405975","42,43113","8,53","0,345548","42,43125"
,,,"8,54","0,3609657","42,48125",,,,,,,,,,"8,54","0,2950033","42,48125","8,54","0,4556974","42,481",,,,"8,54","0,4412333","42,481","8,54","0,3466606","42,48113"
,,,"8,55","0,3665288","42,53138",,,,,,,,,,"8,55","0,2918243","42,5315","8,55","0,4555384","42,53125",,,,"8,55","0,4412333","42,53125","8,55","0,3452301","42,53113"
,,,"8,56","0,3709793","42,58138",,,,,,,,,,"8,56","0,287056","42,58138","8,56","0,4525185","42,58125",,,,"8,56","0,4405975","42,58113","8,56","0,3418922","42,58125"
,,,"8,57","0,3744761","42,63125",,,,,,,,,,"8,57","0,2806982","42,63138","8,57","0,4464785","42,63113",,,,"8,57","0,4417101","42,63113","8,57","0,3403028","42,63113"
,,,"8,58","0,3768603","42,68138",,,,,,,,,,"8,58","0,2754529","42,68138","8,58","0,4361471","42,68113",,,,"8,58","0,4444122","42,68113","8,58","0,342687","42,68113"
,,,"8,59","0,3784498","42,73125",,,,,,,,,,"8,59","0,2727509","42,73138","8,59","0,4213651","42,73113",,,,"8,59","0,4448891","42,73113","8,59","0,3447533","42,73113"
,,,"8,6","0,3801982","42,78138",,,,,,,,,,"8,6","0,2716382","42,78138","8,6","0,4038811","42,78125",,,,"8,6","0,4429817","42,78125","8,6","0,3458659","42,78125"
,,,"8,61","0,383695","42,83125",,,,,,,,,,"8,61","0,2703667","42,83138","8,61","0,3860792","42,83125",,,,"8,61","0,4404386","42,83113","8,61","0,3482501","42,83113"
,,,"8,62","0,3879865","42,88125",,,,,,,,,,"8,62","0,2695719","42,88125","8,62","0,3693899","42,88113",,,,"8,62","0,4377365","42,88113","8,62","0,351429","42,881"
,,,"8,63","0,3911654","42,93125",,,,,,,,,,"8,63","0,2706846","42,93125","8,63","0,3534953","42,93113",,,,"8,63","0,4348755","42,93113","8,63","0,3523827","42,93125"
,,,"8,64","0,3935496","42,98138",,,,,,,,,,"8,64","0,2730688","42,98138","8,64","0,3399849","42,98113",,,,"8,64","0,4313787","42,98125","8,64","0,3530184","42,98113"
,,,"8,65","0,3967285","43,0315",,,,,,,,,,"8,65","0,2764066","43,0315","8,65","0,3301302","43,03113",,,,"8,65","0,4269282","43,03113","8,65","0,3546079","43,03113"
,,,"8,66","0,4019737","43,08138",,,,,,,,,,"8,66","0,2803802","43,08125","8,66","0,322183","43,081",,,,"8,66","0,4207293","43,08113","8,66","0,3539721","43,08113"
,,,"8,67","0,409921","43,13125",,,,,,,,,,"8,67","0,2841949","43,13138","8,67","0,3148715","43,13125",,,,"8,67","0,4151662","43,13125","8,67","0,3511111","43,13113"
,,,"8,68","0,4189809","43,1815",,,,,,,,,,"8,68","0,2867381","43,18138","8,68","0,3088315","43,18125",,,,"8,68","0,4107157","43,18125","8,68","0,348409","43,18125"
,,,"8,69","0,4277229","43,23138",,,,,,,,,,"8,69","0,2883275","43,23138","8,69","0,3050168","43,23113",,,,"8,69","0,4059474","43,23113","8,69","0,345548","43,23113"
,,,"8,7","0,4374186","43,2815",,,,,,,,,,"8,7","0,2897581","43,28138","8,7","0,3050168","43,28113",,,,"8,7","0,4014969","43,28113","8,7","0,342687","43,28113"
,,,"8,71","0,4483859","43,33138",,,,,,,,,,"8,71","0,2915064","43,33125","8,71","0,3085136","43,33125",,,,"8,71","0,398318","43,33125","8,71","0,3412565","43,33125"
,,,"8,72","0,4580816","43,3815",,,,,,,,,,"8,72","0,2934138","43,38138","8,72","0,3134409","43,38125",,,,"8,72","0,3967285","43,38125","8,72","0,3415743","43,38125"
,,,"8,73","0,465552","43,4315",,,,,,,,,,"8,73","0,295798","43,43138","8,73","0,3188451","43,43125",,,,"8,73","0,3945033","43,43125","8,73","0,3423691","43,43125"
,,,"8,74","0,4723867","43,48138",,,,,,,,,,"8,74","0,298659","43,48113","8,74","0,3240903","43,48113",,,,"8,74","0,3908475","43,48113","8,74","0,3442764","43,48113"
,,,"8,75","0,4809698","43,53125",,,,,,,,,,"8,75","0,3021558","43,53125","8,75","0,3291766","43,53125",,,,"8,75","0,3856023","43,53138","8,75","0,3452301","43,53125"
,,,"8,76","0,491778","43,58138",,,,,,,,,,"8,76","0,3050168","43,58125","8,76","0,3325144","43,58113",,,,"8,76","0,3797213","43,58113","8,76","0,3434817","43,58125"
,,,"8,77","0,5013148","43,63125",,,,,,,,,,"8,77","0,307401","43,63138","8,77","0,3376007","43,63125",,,,"8,77","0,3768603","43,63125","8,77","0,342687","43,63125"
,,,"8,78","0,5073547","43,68125",,,,,,,,,,"8,78","0,3096263","43,68125","8,78","0,345548","43,68113",,,,"8,78","0,377814","43,68113","8,78","0,3460248","43,68113"
,,,"8,79","0,5111694","43,73113",,,,,,,,,,"8,79","0,3105799","43,73113","8,79","0,35429","43,73125",,,,"8,79","0,3801982","43,73138","8,79","0,3487269","43,73113"
,,,"8,8","0,5127589","43,78138",,,,,,,,,,"8,8","0,3105799","43,78138","8,8","0,36033","43,78125",,,,"8,8","0,3833771","43,78138","8,8","0,3476143","43,78138"
,,,"8,81","0,5103747","43,83125",,,,,,,,,,"8,81","0,3105799","43,83125","8,81","0,3643036","43,83125",,,,"8,81","0,3879865","43,83125","8,81","0,3466606","43,83125"
,,,"8,82","0,5025864","43,88125",,,,,,,,,,"8,82","0,3121694","43,88125","8,82","0,368913","43,88125",,,,"8,82","0,3921191","43,88125","8,82","0,3471375","43,88125"
,,,"8,83","0,4901886","43,93113",,,,,,,,,,"8,83","0,3142357","43,93125","8,83","0,3746351","43,93125",,,,"8,83","0,3959338","43,93125","8,83","0,3474554","43,93138"
,,,"8,84","0,4734993","43,98125",,,,,,,,,,"8,84","0,3153483","43,98125","8,84","0,3789266","43,98125",,,,"8,84","0,4000664","43,98125","8,84","0,3471375","43,98125"
,,,"8,85","0,4533132","44,03138",,,,,,,,,,"8,85","0,3148715","44,03125","8,85","0,3813108","44,03138",,,,"8,85","0,4046758","44,03125","8,85","0,3479322","44,03125"
,,,"8,86","0,4316966","44,08125",,,,,,,,,,"8,86","0,3153483","44,08113","8,86","0,383695","44,08125",,,,"8,86","0,4078547","44,08125","8,86","0,3495216","44,08113"
,,,"8,87","0,4119873","44,13113",,,,,,,,,,"8,87","0,3174146","44,13125","8,87","0,386556","44,1315",,,,"8,87","0,4103979","44,1315","8,87","0,351429","44,13138"
,,,"8,88","0,395298","44,18125",,,,,,,,,,"8,88","0,3190041","44,18138","8,88","0,3879865","44,18138",,,,"8,88","0,4126231","44,18138","8,88","0,3531774","44,18138"
,,,"8,89","0,3813108","44,23125",,,,,,,,,,"8,89","0,3196398","44,23125","8,89","0,386397","44,23125",,,,"8,89","0,4126231","44,23125","8,89","0,3531774","44,23125"
,,,"8,9","0,3706614","44,28138",,,,,,,,,,"8,9","0,3225009","44,28138","8,9","0,3856023","44,28125",,,,"8,9","0,4123052","44,28125","8,9","0,3515879","44,28125"
,,,"8,91","0,3646215","44,33125",,,,,,,,,,"8,91","0,3275871","44,33138","8,91","0,3881454","44,33138",,,,"8,91","0,4143715","44,33138","8,91","0,351429","44,33138"
,,,"8,92","0,3633499","44,38125",,,,,,,,,,"8,92","0,3317197","44,38125","8,92","0,3916422","44,38138",,,,"8,92","0,4183451","44,38138","8,92","0,3523827","44,38138"
,,,"8,93","0,3643036","44,43138",,,,,,,,,,"8,93","0,3323555","44,43125","8,93","0,3940264","44,43138",,,,"8,93","0,4237493","44,43125","8,93","0,3523827","44,43125"
,,,"8,94","0,365893","44,48125",,,,,,,,,,"8,94","0,3320376","44,48125","8,94","0,3959338","44,48113",,,,"8,94","0,4286766","44,48113","8,94","0,3531774","44,48113"
,,,"8,95","0,3682772","44,53138",,,,,,,,,,"8,95","0,3347397","44,53138","8,95","0,3984769","44,53125",,,,"8,95","0,4313787","44,53125","8,95","0,3550847","44,53138"
,,,"8,96","0,3720919","44,58138",,,,,,,,,,"8,96","0,3383954","44,58125","8,96","0,4003843","44,58138",,,,"8,96","0,4310608","44,58138","8,96","0,3531774","44,58138"
,,,"8,97","0,3762245","44,63138",,,,,,,,,,"8,97","0,3412565","44,63138","8,97","0,4024506","44,63125",,,,"8,97","0,4310608","44,63125","8,97","0,3492037","44,63125"
,,,"8,98","0,3786087","44,68138",,,,,,,,,,"8,98","0,3436407","44,68125","8,98","0,4075368","44,68113",,,,"8,98","0,433445","44,68113","8,98","0,3498395","44,68125"
,,,"8,99","0,3805161","44,73125",,,,,,,,,,"8,99","0,3474554","44,73125","8,99","0,412782","44,73125",,,,"8,99","0,4369418","44,73125","8,99","0,3522237","44,73125"
,,,"9","0,3849665","44,78138",,,,,,,,,,"9","0,3523827","44,7815","9","0,4170736","44,78138",,,,"9","0,4388491","44,78138","9","0,3506342","44,78125"
,,,"9,01","0,3903707","44,83138",,,,,,,,,,"9,01","0,3550847","44,83138","9,01","0,4221598","44,83125",,,,"9,01","0,439326","44,83125","9,01","0,3476143","44,83125"
,,,"9,02","0,3940264","44,88125",,,,,,,,,,"9,02","0,3555616","44,88125","9,02","0,4293124","44,88113",,,,"9,02","0,4396439","44,88113","9,02","0,3466606","44,88113"
,,,"9,03","0,3960927","44,93125",,,,,,,,,,"9,03","0,3558795","44,93138","9,03","0,4361471","44,93125",,,,"9,03","0,4398028","44,93125","9,03","0,3460248","44,93125"
,,,"9,04","0,3984769","44,98125",,,,,,,,,,"9,04","0,3555616","44,98138","9,04","0,4417101","44,98125",,,,"9,04","0,442028","44,98125","9,04","0,3463427","44,98125"
,,,"9,05","0,4003843","45,03138",,,,,,,,,,"9,05","0,3546079","45,03138","9,05","0,4460017","45,03125",,,,"9,05","0,4472733","45,03125","9,05","0,3479322","45,03125"
,,,"9,06","0,4014969","45,08125",,,,,,,,,,"9,06","0,351429","45,08138","9,06","0,4483859","45,081",,,,"9,06","0,4512469","45,081","9,06","0,3463427","45,081"
,,,"9,07","0,4032453","45,13125",,,,,,,,,,"9,07","0,3466606","45,13138","9,07","0,4496574","45,13113",,,,"9,07","0,4469554","45,13125","9,07","0,3428459","45,13113"
,,,"9,08","0,4064242","45,18138",,,,,,,,,,"9,08","0,3410975","45,18138","9,08","0,4528364","45,18125",,,,"9,08","0,4377365","45,18125","9,08","0,3428459","45,18125"
,,,"9,09","0,4088084","45,23138",,,,,,,,,,"9,09","0,3356934","45,23125","9,09","0,4555384","45,23113",,,,"9,09","0,4326502","45,23113","9,09","0,3442764","45,23113"
,,,"9,1","0,4107157","45,28138",,,,,,,,,,"9,1","0,3299713","45,28138","9,1","0,4541079","45,281",,,,"9,1","0,4318555","45,28113","9,1","0,342687","45,28113"
,,,"9,11","0,4134178","45,33125",,,,,,,,,,"9,11","0,3236135","45,33138","9,11","0,4493395","45,33113",,,,"9,11","0,4302661","45,33113","9,11","0,3423691","45,33113"
,,,"9,12","0,4159609","45,38125",,,,,,,,,,"9,12","0,3177325","45,38138","9,12","0,4436175","45,38125",,,,"9,12","0,4297892","45,38113","9,12","0,345548","45,38125"
,,,"9,13","0,4175504","45,43138",,,,,,,,,,"9,13","0,3145536","45,43138","9,13","0,4350344","45,43113",,,,"9,13","0,4301071","45,43113","9,13","0,3476143","45,43113"
,,,"9,14","0,4197756","45,48125",,,,,,,,,,"9,14","0,3126462","45,48138","9,14","0,4242261","45,481",,,,"9,14","0,4270872","45,481","9,14","0,3471375","45,481"
,,,"9,15","0,4229546","45,53113",,,,,,,,,,"9,15","0,3105799","45,53138","9,15","0,4123052","45,53125",,,,"9,15","0,4223188","45,53125","9,15","0,3482501","45,53125"
,,,"9,16","0,4253387","45,58125",,,,,,,,,,"9,16","0,3080368","45,5815","9,16","0,3987948","45,58113",,,,"9,16","0,4183451","45,58125","9,16","0,348409","45,58113"
,,,"9,17","0,427405","45,63113",,,,,,,,,,"9,17","0,3053347","45,6315","9,17","0,3825823","45,63113",,,,"9,17","0,4151662","45,63125","9,17","0,3466606","45,63125"
,,,"9,18","0,4316966","45,68125",,,,,,,,,,"9,18","0,3032684","45,68138","9,18","0,3665288","45,68113",,,,"9,18","0,4135768","45,68113","9,18","0,3474554","45,68113"
,,,"9,19","0,4382133","45,73113",,,,,,,,,,"9,19","0,3042221","45,73125","9,19","0,3522237","45,73125",,,,"9,19","0,4134178","45,73125","9,19","0,3506342","45,73125"
,,,"9,2","0,4437765","45,78138",,,,,,,,,,"9,2","0,3089905","45,7815","9,2","0,3410975","45,78125",,,,"9,2","0,4083315","45,78138","9,2","0,3522237","45,78125"
,,,"9,21","0,4460017","45,83125",,,,,,,,,,"9,21","0,3145536","45,83138","9,21","0,3336271","45,83125",,,,"9,21","0,4030863","45,83125","9,21","0,3547668","45,83125"
,,,"9,22","0,4453659","45,88113",,,,,,,,,,"9,22","0,3185272","45,88125","9,22","0,3288587","45,88125",,,,"9,22","0,40404","45,88113","9,22","0,360171","45,88113"
,,,"9,23","0,4460017","45,93125",,,,,,,,,,"9,23","0,3205935","45,93138","9,23","0,3259977","45,93125",,,,"9,23","0,3980001","45,93138","9,23","0,363032","45,93125"
,,,"9,24","0,4501343","45,98125",,,,,,,,,,"9,24","0,3201167","45,9815","9,24","0,3256798","45,98138",,,,"9,24","0,3856023","45,98125","9,24","0,3638268","45,98125"
,,,"9,25","0,4544258","46,03125",,,,,,,,,,"9,25","0,3177325","46,03138","9,25","0,3275871","46,03138",,,,"9,25","0,3892581","46,03125","9,25","0,3657341","46,03138"
,,,"9,26","0,45681","46,08125",,,,,,,,,,"9,26","0,3169378","46,08125","9,26","0,3307661","46,08113",,,,"9,26","0,395298","46,08113","9,26","0,3670057","46,08125"
,,,"9,27","0,4591942","46,13113",,,,,,,,,,"9,27","0,3174146","46,13138","9,27","0,3352165","46,13138",,,,"9,27","0,3817876","46,13138","9,27","0,3665288","46,13138"
,,,"9,28","0,4647573","46,18125",,,,,,,,,,"9,28","0,3185272","46,18138","9,28","0,3407796","46,18138",,,,"9,28","0,3765424","46,18138","9,28","0,365893","46,18138"
,,,"9,29","0,4731814","46,23125",,,,,,,,,,"9,29","0,3205935","46,23125","9,29","0,3460248","46,23125",,,,"9,29","0,3900528","46,23125","9,29","0,3643036","46,23138"
,,,"9,3","0,480175","46,28113",,,,,,,,,,"9,3","0,3236135","46,28125","9,3","0,3519058","46,28113",,,,"9,3","0,389576","46,28113","9,3","0,36033","46,28125"
,,,"9,31","0,483036","46,33113",,,,,,,,,,"9,31","0,3237724","46,33113","9,31","0,3579458","46,33113",,,,"9,31","0,3762245","46,33125","9,31","0,3561974","46,33125"
,,,"9,32","0,4827181","46,38125",,,,,,,,,,"9,32","0,3212293","46,38138","9,32","0,3635089","46,38138",,,,"9,32","0,3809929","46,38125","9,32","0,3558795","46,38138"
,,,"9,33","0,4795392","46,43125",,,,,,,,,,"9,33","0,319322","46,43125","9,33","0,368913","46,43125",,,,"9,33","0,3919601","46,43125","9,33","0,3574689","46,43125"
,,,"9,34","0,4723867","46,48113",,,,,,,,,,"9,34","0,3204346","46,48113","9,34","0,3749529","46,48113",,,,"9,34","0,3873507","46,48113","9,34","0,3587405","46,48113"
,,,"9,35","0,4611015","46,53113",,,,,,,,,,"9,35","0,3232956","46,53125","9,35","0,3809929","46,53125",,,,"9,35","0,3844897","46,53125","9,35","0,3593763","46,53113"
,,,"9,36","0,4483859","46,58138",,,,,,,,,,"9,36","0,3264745","46,58125","9,36","0,3860792","46,58125",,,,"9,36","0,3919601","46,58125","9,36","0,3569921","46,58125"
,,,"9,37","0,4337629","46,63125",,,,,,,,,,"9,37","0,3285408","46,63125","9,37","0,3908475","46,63125",,,,"9,37","0,3919601","46,63113","9,37","0,3530184","46,63125"
,,,"9,38","0,4159609","46,68138",,,,,,,,,,"9,38","0,3288587","46,68125","9,38","0,3959338","46,681",,,,"9,38","0,3887812","46,681","9,38","0,3507932","46,681"
,,,"9,39","0,3960927","46,73125",,,,,,,,,,"9,39","0,3283819","46,73113","9,39","0,398318","46,73113",,,,"9,39","0,3976822","46,73113","9,39","0,3479322","46,73113"
,,,"9,4","0,3786087","46,78125",,,,,,,,,,"9,4","0,3285408","46,78138","9,4","0,3976822","46,78125",,,,"9,4","0,4043579","46,78125","9,4","0,3434817","46,78125"
,,,"9,41","0,3643036","46,83138",,,,,,,,,,"9,41","0,3288587","46,83138","9,41","0,3967285","46,83113",,,,"9,41","0,3980001","46,83113","9,41","0,3420512","46,83125"
,,,"9,42","0,3527006","46,88138",,,,,,,,,,"9,42","0,3283819","46,88125","9,42","0,3967285","46,88113",,,,"9,42","0,4003843","46,88113","9,42","0,3428459","46,88113"
,,,"9,43","0,3423691","46,93125",,,,,,,,,,"9,43","0,3277461","46,93125","9,43","0,3972054","46,93113",,,,"9,43","0,4142126","46,93125","9,43","0,3412565","46,93125"
,,,"9,44","0,3336271","46,98125",,,,,,,,,,"9,44","0,3269514","46,98138","9,44","0,3987948","46,98125",,,,"9,44","0,4165967","46,98125","9,44","0,3403028","46,98113"
,,,"9,45","0,3277461","47,03138",,,,,,,,,,"9,45","0,3256798","47,03138","9,45","0,401179","47,03125",,,,"9,45","0,4130999","47,03113","9,45","0,3412565","47,03125"
,,,"9,46","0,3259977","47,08138",,,,,,,,,,"9,46","0,3253619","47,08125","9,46","0,4027685","47,08113",,,,"9,46","0,4205704","47,08113","9,46","0,3412565","47,08113"
,,,"9,47","0,3264745","47,13125",,,,,,,,,,"9,47","0,3272692","47,13138","9,47","0,4051526","47,13125",,,,"9,47","0,4278819","47,13125","9,47","0,3418922","47,13125"
,,,"9,48","0,3277461","47,18138",,,,,,,,,,"9,48","0,3299713","47,1815","9,48","0,4080137","47,18125",,,,"9,48","0,4261335","47,18113","9,48","0,3471375","47,18125"
,,,"9,49","0,3296534","47,23138",,,,,,,,,,"9,49","0,3320376","47,23138","9,49","0,4102389","47,23113",,,,"9,49","0,4286766","47,23113","9,49","0,3511111","47,23113"
,,,"9,5","0,3333092","47,28138",,,,,,,,,,"9,5","0,3336271","47,28125","9,5","0,4115105","47,28113",,,,"9,5","0,4366239","47,28113","9,5","0,3495216","47,28125"
,,,"9,51","0,3387133","47,33125",,,,,,,,,,"9,51","0,3355344","47,33138","9,51","0,4143715","47,33125",,,,"9,51","0,4382133","47,33125","9,51","0,3463427","47,33125"
,,,"9,52","0,3452301","47,38138",,,,,,,,,,"9,52","0,3379186","47,3815","9,52","0,4194578","47,38113",,,,"9,52","0,4377365","47,38125","9,52","0,3471375","47,38125"
,,,"9,53","0,3523827","47,43138",,,,,,,,,,"9,53","0,3404617","47,4315","9,53","0,4254977","47,43125",,,,"9,53","0,4429817","47,43125","9,53","0,3490448","47,43125"
,,,"9,54","0,36033","47,48138",,,,,,,,,,"9,54","0,342687","47,48125","9,54","0,4313787","47,48113",,,,"9,54","0,4437765","47,48113","9,54","0,3498395","47,48113"
,,,"9,55","0,368913","47,53138",,,,,,,,,,"9,55","0,3439585","47,53125","9,55","0,4361471","47,53125",,,,"9,55","0,4390081","47,53125","9,55","0,3515879","47,53125"
,,,"9,56","0,3762245","47,5815",,,,,,,,,,"9,56","0,3447533","47,58138","9,56","0,439326","47,58125",,,,"9,56","0,4404386","47,58125","9,56","0,3534953","47,58125"
,,,"9,57","0,3829002","47,63138",,,,,,,,,,"9,57","0,3447533","47,63138","9,57","0,442028","47,63125",,,,"9,57","0,4445712","47,63125","9,57","0,3523827","47,63125"
,,,"9,58","0,3884633","47,68138",,,,,,,,,,"9,58","0,3428459","47,68138","9,58","0,445207","47,68113",,,,"9,58","0,4401207","47,68125","9,58","0,3534953","47,68125"
,,,"9,59","0,3919601","47,73125",,,,,,,,,,"9,59","0,339667","47,73113","9,59","0,4475912","47,73125",,,,"9,59","0,4345576","47,73125","9,59","0,3577868","47,73125"
,,,"9,6","0,3951391","47,78138",,,,,,,,,,"9,6","0,3355344","47,78138","9,6","0,4493395","47,78125",,,,"9,6","0,4372597","47,78125","9,6","0,360171","47,78125"
,,,"9,61","0,3991127","47,83138",,,,,,,,,,"9,61","0,3312429","47,83138","9,61","0,4523595","47,83125",,,,"9,61","0,4374186","47,83125","9,61","0,3609657","47,83125"
,,,"9,62","0,4019737","47,88125",,,,,,,,,,"9,62","0,3288587","47,88125","9,62","0,4556974","47,88125",,,,"9,62","0,4297892","47,88113","9,62","0,363032","47,88113"
,,,"9,63","0,4043579","47,93125",,,,,,,,,,"9,63","0,3261566","47,93113","9,63","0,4576047","47,93125",,,,"9,63","0,4250208","47,93125","9,63","0,3650983","47,93125"
,,,"9,64","0,40706","47,98138",,,,,,,,,,"9,64","0,3204346","47,98125","9,64","0,45681","47,98125",,,,"9,64","0,4231135","47,98125","9,64","0,3633499","47,98113"
,,,"9,65","0,4102389","48,0315",,,,,,,,,,"9,65","0,3110568","48,03125","9,65","0,4528364","48,03125",,,,"9,65","0,4151662","48,03125","9,65","0,3582636","48,03125"
,,,"9,66","0,4126231","48,08138",,,,,,,,,,"9,66","0,3010432","48,08113","9,66","0,4429817","48,08113",,,,"9,66","0,4056295","48,08113","9,66","0,35429","48,08125"
,,,"9,67","0,4150073","48,13125",,,,,,,,,,"9,67","0,2930959","48,13125","9,67","0,4289945","48,13138",,,,"9,67","0,401179","48,13125","9,67","0,3519058","48,13125"
,,,"9,68","0,4167557","48,18138",,,,,,,,,,"9,68","0,2875328","48,18138","9,68","0,415802","48,18125",,,,"9,68","0,395298","48,18125","9,68","0,348409","48,18125"
,,,"9,69","0,4181862","48,23125",,,,,,,,,,"9,69","0,2830823","48,23125","9,69","0,4038811","48,23125",,,,"9,69","0,3871918","48,23125","9,69","0,3466606","48,23125"
,,,"9,7","0,4199346","48,28138",,,,,,,,,,"9,7","0,2795855","48,28125","9,7","0,3897349","48,28113",,,,"9,7","0,3844897","48,28125","9,7","0,3460248","48,28113"
,,,"9,71","0,4218419","48,33113",,,,,,,,,,"9,71","0,2778371","48,33138","9,71","0,3730456","48,33125",,,,"9,71","0,3848076","48,33125","9,71","0,3418922","48,33125"
,,,"9,72","0,4237493","48,38125",,,,,,,,,,"9,72","0,2775192","48,38138","9,72","0,3574689","48,38125",,,,"9,72","0,380834","48,38125","9,72","0,3376007","48,38125"
,,,"9,73","0,4254977","48,43125",,,,,,,,,,"9,73","0,278314","48,43125","9,73","0,3463427","48,43125",,,,"9,73","0,3760656","48,43125","9,73","0,3387133","48,43125"
,,,"9,74","0,4278819","48,48125",,,,,,,,,,"9,74","0,2806982","48,48125","9,74","0,3383954","48,48113",,,,"9,74","0,3744761","48,481","9,74","0,339667","48,48113"
,,,"9,75","0,4301071","48,53113",,,,,,,,,,"9,75","0,2835592","48,53138","9,75","0,330925","48,53125",,,,"9,75","0,3709793","48,53125","9,75","0,3363291","48,53125"
,,,"9,76","0,4321734","48,58138",,,,,,,,,,"9,76","0,2865791","48,58138","9,76","0,3245672","48,58125",,,,"9,76","0,3654162","48,58125","9,76","0,3347397","48,58125"
,,,"9,77","0,4348755","48,63125",,,,,,,,,,"9,77","0,2897581","48,63138","9,77","0,3205935","48,63125",,,,"9,77","0,3646215","48,63125","9,77","0,3364881","48,63125"
,,,"9,78","0,439326","48,68113",,,,,,,,,,"9,78","0,2934138","48,68125","9,78","0,3190041","48,68113",,,,"9,78","0,3662109","48,68113","9,78","0,3371239","48,68113"
,,,"9,79","0,4440943","48,73125",,,,,,,,,,"9,79","0,295798","48,73138","9,79","0,3190041","48,73125",,,,"9,79","0,365893","48,73113","9,79","0,3372828","48,73125"
,,,"9,8","0,4491806","48,78125",,,,,,,,,,"9,8","0,2977053","48,78138","9,8","0,3205935","48,78125",,,,"9,8","0,3665288","48,78125","9,8","0,339667","48,78125"
,,,"9,81","0,453949","48,83125",,,,,,,,,,"9,81","0,2994537","48,83125","9,81","0,322024","48,83125",,,,"9,81","0,3685951","48,83125","9,81","0,3410975","48,83125"
,,,"9,82","0,4576047","48,88125",,,,,,,,,,"9,82","0,3021558","48,88125","9,82","0,3236135","48,88113",,,,"9,82","0,3681183","48,88113","9,82","0,3423691","48,88113"
,,,"9,83","0,4599889","48,93125",,,,,,,,,,"9,83","0,3058116","48,93138","9,83","0,3267924","48,93138",,,,"9,83","0,3681183","48,93125","9,83","0,3463427","48,93125"
,,,"9,84","0,4599889","48,98125",,,,,,,,,,"9,84","0,3101031","48,98138","9,84","0,330925","48,98125",,,,"9,84","0,3720919","48,98125","9,84","0,3503164","48,98125"
,,,"9,85","0,4576047","49,03138",,,,,,,,,,"9,85","0,3134409","49,03138","9,85","0,336806","49,03125",,,,"9,85","0,3749529","49,03125","9,85","0,3530184","49,03125"
,,,"9,86","0,4515648","49,08138",,,,,,,,,,"9,86","0,316143","49,08125","9,86","0,3436407","49,08113",,,,"9,86","0,3752708","49,08113","9,86","0,3563563","49,081"
,,,"9,87","0,4432996","49,13125",,,,,,,,,,"9,87","0,319322","49,13125","9,87","0,3506342","49,13138",,,,"9,87","0,377655","49,13138","9,87","0,3593763","49,13125"
,,,"9,88","0,4345576","49,18138",,,,,,,,,,"9,88","0,322024","49,18138","9,88","0,3555616","49,18138",,,,"9,88","0,3805161","49,18138","9,88","0,3598531","49,18138"
,,,"9,89","0,4242261","49,23125",,,,,,,,,,"9,89","0,3244082","49,23125","9,89","0,3593763","49,23125",,,,"9,89","0,3789266","49,23125","9,89","0,3614426","49,23125"
,,,"9,9","0,4107157","49,28125",,,,,,,,,,"9,9","0,3264745","49,28125","9,9","0,3633499","49,28113",,,,"9,9","0,3792445","49,28125","9,9","0,365893","49,28113"
,,,"9,91","0,3948212","49,33125",,,,,,,,,,"9,91","0,328064","49,33138","9,91","0,3681183","49,33125",,,,"9,91","0,3844897","49,33138","9,91","0,3678004","49,33125"
,,,"9,92","0,3792445","49,38138",,,,,,,,,,"9,92","0,328064","49,38125","9,92","0,3720919","49,38138",,,,"9,92","0,3884633","49,38125","9,92","0,3665288","49,38125"
,,,"9,93","0,3650983","49,43138",,,,,,,,,,"9,93","0,3275871","49,43138","9,93","0,3744761","49,43125",,,,"9,93","0,3889402","49,43125","9,93","0,3681183","49,43125"
,,,"9,94","0,3531774","49,48125",,,,,,,,,,"9,94","0,3277461","49,48125","9,94","0,3760656","49,48113",,,,"9,94","0,3911654","49,48113","9,94","0,3701846","49,481"
,,,"9,95","0,3423691","49,53125",,,,,,,,,,"9,95","0,3283819","49,53138","9,95","0,377814","49,53138",,,,"9,95","0,3945033","49,53138","9,95","0,368913","49,53138"
,,,"9,96","0,3325144","49,58138",,,,,,,,,,"9,96","0,3283819","49,58138","9,96","0,3786087","49,58125",,,,"9,96","0,3948212","49,58125","9,96","0,3665288","49,58138"
,,,"9,97","0,324885","49,63138",,,,,,,,,,"9,97","0,328064","49,63138","9,97","0,3800392","49,63138",,,,"9,97","0,3959338","49,63138","9,97","0,3646215","49,63138"
,,,"9,98","0,3217061","49,68113",,,,,,,,,,"9,98","0,328064","49,68125","9,98","0,3824234","49,68125",,,,"9,98","0,401179","49,68125","9,98","0,3619194","49,68125"
,,,"9,99","0,3245672","49,73113",,,,,,,,,,"9,99","0,3277461","49,73125","9,99","0,3856023","49,73125",,,,"9,99","0,4046758","49,73125","9,99","0,3598531","49,73138"
,,,"10","0,3312429","49,78138",,,,,,,,,,"10","0,328064","49,78138","10","0,3881454","49,78138",,,,"10","0,4038811","49,78138","10","0,3582636","49,78138"
,,,"10,01","0,336806","49,83138",,,,,,,,,,"10,01","0,3296534","49,83125","10,01","0,3905296","49,83125",,,,"10,01","0,4046758","49,83125","10,01","0,3547668","49,83125"
,,,"10,02","0,3423691","49,88125",,,,,,,,,,"10,02","0,3328323","49,88125","10,02","0,3935496","49,88113",,,,"10,02","0,4086494","49,88125","10,02","0,3507932","49,88113"
,,,"10,03","0,3495216","49,93125",,,,,,,,,,"10,03","0,3347397","49,93138","10,03","0,3968875","49,93138",,,,"10,03","0,4110336","49,93138","10,03","0,3495216","49,93125"
,,,"10,04","0,3558795","49,98125",,,,,,,,,,"10,04","0,3344218","49,98138","10,04","0,4000664","49,98125",,,,"10,04","0,4130999","49,98125","10,04","0,3490448","49,98125"
,,,"10,05","0,3619194","50,03138",,,,,,,,,,"10,05","0,3333092","50,03138","10,05","0,4035632","50,03125",,,,"10,05","0,4178683","50,03125","10,05","0,3482501","50,03125"
,,,"10,06","0,3693899","50,08125",,,,,,,,,,"10,06","0,3328323","50,08125","10,06","0,4072189","50,08113",,,,"10,06","0,4213651","50,08113","10,06","0,3490448","50,08113"
,,,"10,07","0,3781319","50,13113",,,,,,,,,,"10,07","0,3328323","50,13125","10,07","0,4091263","50,13138",,,,"10,07","0,4207293","50,13125","10,07","0,3495216","50,13125"
,,,"10,08","0,3876686","50,18138",,,,,,,,,,"10,08","0,3328323","50,1815","10,08","0,4086494","50,18138",,,,"10,08","0,4213651","50,18125","10,08","0,3468195","50,18138"
,,,"10,09","0,3972054","50,23125",,,,,,,,,,"10,09","0,3328323","50,23125","10,09","0,4102389","50,23125",,,,"10,09","0,4261335","50,23113","10,09","0,3431638","50,23113"
,,,"10,1","0,4056295","50,28125",,,,,,,,,,"10,1","0,3333092","50,28138","10,1","0,4151662","50,28113",,,,"10,1","0,4316966","50,28113","10,1","0,3415743","50,28113"
,,,"10,11","0,4110336","50,33125",,,,,,,,,,"10,11","0,3328323","50,33138","10,11","0,4202525","50,33113",,,,"10,11","0,4337629","50,33113","10,11","0,3407796","50,33113"
,,,"10,12","0,4151662","50,38125",,,,,,,,,,"10,12","0,330925","50,38138","10,12","0,4231135","50,38125",,,,"10,12","0,4337629","50,38125","10,12","0,3403028","50,38125"
,,,"10,13","0,4207293","50,43125",,,,,,,,,,"10,13","0,3277461","50,43138","10,13","0,4253387","50,43125",,,,"10,13","0,4350344","50,43125","10,13","0,3418922","50,43125"
,,,"10,14","0,4262924","50,48125",,,,,,,,,,"10,14","0,3256798","50,48125","10,14","0,4281998","50,481",,,,"10,14","0,4369418","50,48113","10,14","0,3442764","50,48113"
,,,"10,15","0,4302661","50,53125",,,,,,,,,,"10,15","0,3253619","50,5315","10,15","0,4301071","50,53113",,,,"10,15","0,4388491","50,53113","10,15","0,3447533","50,53113"
,,,"10,16","0,4337629","50,58138",,,,,,,,,,"10,16","0,3261566","50,58138","10,16","0,4294713","50,58125",,,,"10,16","0,4413923","50,58113","10,16","0,3460248","50,58125"
,,,"10,17","0,4366239","50,63113",,,,,,,,,,"10,17","0,3256798","50,63138","10,17","0,427405","50,63125",,,,"10,17","0,4444122","50,63125","10,17","0,3495216","50,63125"
,,,"10,18","0,4366239","50,68125",,,,,,,,,,"10,18","0,3232956","50,68125","10,18","0,424703","50,68113",,,,"10,18","0,4445712","50,68113","10,18","0,3523827","50,68113"
,,,"10,19","0,4337629","50,73125",,,,,,,,,,"10,19","0,3188451","50,73125","10,19","0,4213651","50,73113",,,,"10,19","0,442028","50,73113","10,19","0,3546079","50,73113"
,,,"10,2","0,4313787","50,78138",,,,,,,,,,"10,2","0,3134409","50,7815","10,2","0,4167557","50,78125",,,,"10,2","0,4369418","50,78125","10,2","0,3587405","50,78125"
,,,"10,21","0,4301071","50,83125",,,,,,,,,,"10,21","0,3093084","50,83138","10,21","0,4086494","50,83125",,,,"10,21","0,4278819","50,83125","10,21","0,3627141","50,83113"
,,,"10,22","0,4293124","50,88125",,,,,,,,,,"10,22","0,3058116","50,88138","10,22","0,3964106","50,88113",,,,"10,22","0,4175504","50,88113","10,22","0,3633499","50,88113"
,,,"10,23","0,4294713","50,93125",,,,,,,,,,"10,23","0,3021558","50,9315","10,23","0,3840128","50,93125",,,,"10,23","0,409921","50,93125","10,23","0,3619194","50,93113"
,,,"10,24","0,4302661","50,98125",,,,,,,,,,"10,24","0,2977053","50,9815","10,24","0,3736814","50,98125",,,,"10,24","0,4027685","50,98125","10,24","0,36033","50,98113"
,,,"10,25","0,4309019","51,03138",,,,,,,,,,"10,25","0,2945264","51,0315","10,25","0,3635089","51,03113",,,,"10,25","0,3937086","51,03125","10,25","0,3579458","51,03125"
,,,"10,26","0,4302661","51,08125",,,,,,,,,,"10,26","0,2934138","51,08138","10,26","0,3522237","51,081",,,,"10,26","0,3852844","51,08113","10,26","0,3550847","51,08113"
,,,"10,27","0,4301071","51,13125",,,,,,,,,,"10,27","0,2945264","51,13138","10,27","0,342687","51,13125",,,,"10,27","0,3792445","51,13125","10,27","0,35429","51,13113"
,,,"10,28","0,4294713","51,18138",,,,,,,,,,"10,28","0,2969106","51,1815","10,28","0,3360113","51,18125",,,,"10,28","0,3730456","51,18138","10,28","0,3547668","51,18125"
,,,"10,29","0,4278819","51,23125",,,,,,,,,,"10,29","0,2989769","51,23125","10,29","0,3301302","51,23113",,,,"10,29","0,3673235","51,23125","10,29","0,3550847","51,23125"
,,,"10,3","0,4261335","51,28138",,,,,,,,,,"10,3","0,3000895","51,28138","10,3","0,3240903","51,28125",,,,"10,3","0,3638268","51,28125","10,3","0,3555616","51,28113"
,,,"10,31","0,4242261","51,33125",,,,,,,,,,"10,31","0,2997716","51,33138","10,31","0,3188451","51,33138",,,,"10,31","0,363032","51,33138","10,31","0,3555616","51,33138"
,,,"10,32","0,4221598","51,38138",,,,,,,,,,"10,32","0,298659","51,38138","10,32","0,3156662","51,38125",,,,"10,32","0,3625552","51,38138","10,32","0,3534953","51,38138"
,,,"10,33","0,4197756","51,43138",,,,,,,,,,"10,33","0,2969106","51,43138","10,33","0,3150304","51,43125",,,,"10,33","0,3625552","51,43113","10,33","0,3506342","51,43125"
,,,"10,34","0,4181862","51,48125",,,,,,,,,,"10,34","0,2954801","51,48113","10,34","0,3150304","51,48113",,,,"10,34","0,3622373","51,48113","10,34","0,3492037","51,48113"
,,,"10,35","0,4181862","51,53125",,,,,,,,,,"10,35","0,2950033","51,53125","10,35","0,3148715","51,53138",,,,"10,35","0,3619194","51,53125","10,35","0,348409","51,53138"
,,,"10,36","0,4194578","51,58138",,,,,,,,,,"10,36","0,295798","51,58138","10,36","0,3158251","51,58113",,,,"10,36","0,3646215","51,58125","10,36","0,3458659","51,58125"
,,,"10,37","0,4223188","51,63125",,,,,,,,,,"10,37","0,2989769","51,63138","10,37","0,319322","51,63138",,,,"10,37","0,371774","51,63138","10,37","0,3428459","51,63138"
,,,"10,38","0,4258156","51,68125",,,,,,,,,,"10,38","0,3021558","51,68125","10,38","0,3236135","51,68113",,,,"10,38","0,377814","51,68125","10,38","0,3407796","51,68125"
,,,"10,39","0,4281998","51,73125",,,,,,,,,,"10,39","0,3032684","51,73113","10,39","0,3259977","51,73125",,,,"10,39","0,3800392","51,73125","10,39","0,3388723","51,73125"
,,,"10,4","0,4301071","51,78138",,,,,,,,,,"10,4","0,3040632","51,78138","10,4","0,3264745","51,78138",,,,"10,4","0,3824234","51,78138","10,4","0,3380775","51,78138"
,,,"10,41","0,4316966","51,83138",,,,,,,,,,"10,41","0,3056526","51,83138","10,41","0,3277461","51,83125",,,,"10,41","0,3873507","51,83125","10,41","0,3387133","51,83125"
,,,"10,42","0,4313787","51,88125",,,,,,,,,,"10,42","0,3069242","51,88125","10,42","0,330925","51,88125",,,,"10,42","0,3921191","51,88125","10,42","0,3391902","51,88125"
,,,"10,43","0,4285177","51,93125",,,,,,,,,,"10,43","0,3069242","51,93125","10,43","0,3364881","51,93125",,,,"10,43","0,395298","51,93125","10,43","0,3388723","51,93125"
,,,"10,44","0,424544","51,98138",,,,,,,,,,"10,44","0,3061295","51,98125","10,44","0,3434817","51,98125",,,,"10,44","0,398318","51,98125","10,44","0,339667","51,98125"
,,,"10,45","0,418663","52,03138",,,,,,,,,,"10,45","0,3053347","52,03125","10,45","0,3498395","52,03125",,,,"10,45","0,4007021","52,03125","10,45","0,3415743","52,03125"
,,,"10,46","0,4103979","52,08125",,,,,,,,,,"10,46","0,3050168","52,08113","10,46","0,3534953","52,08113",,,,"10,46","0,4019737","52,08125","10,46","0,3423691","52,08113"
,,,"10,47","0,4000664","52,13125",,,,,,,,,,"10,47","0,3069242","52,13125","10,47","0,3547668","52,13125",,,,"10,47","0,4035632","52,13125","10,47","0,3420512","52,13125"
,,,"10,48","0,3884633","52,18138",,,,,,,,,,"10,48","0,3102621","52,18138","10,48","0,3558795","52,18125",,,,"10,48","0,4059474","52,18125","10,48","0,342687","52,18125"
,,,"10,49","0,3754298","52,23125",,,,,,,,,,"10,49","0,3129641","52,23138","10,49","0,3574689","52,23125",,,,"10,49","0,40706","52,23125","10,49","0,3428459","52,23125"
,,,"10,5","0,3633499","52,28138",,,,,,,,,,"10,5","0,3134409","52,28138","10,5","0,3593763","52,28125",,,,"10,5","0,4083315","52,28125","10,5","0,3420512","52,28113"
,,,"10,51","0,3539721","52,33138",,,,,,,,,,"10,51","0,3129641","52,33138","10,51","0,3617605","52,33125",,,,"10,51","0,4123052","52,33113","10,51","0,342687","52,33125"
,,,"10,52","0,3476143","52,38138",,,,,,,,,,"10,52","0,3124873","52,38138","10,52","0,3646215","52,38125",,,,"10,52","0,4175504","52,38138","10,52","0,345548","52,38138"
,,,"10,53","0,3434817","52,43138",,,,,,,,,,"10,53","0,3129641","52,43138","10,53","0,3681183","52,43125",,,,"10,53","0,4197756","52,43125","10,53","0,3490448","52,43125"
,,,"10,54","0,3407796","52,48125",,,,,,,,,,"10,54","0,3156662","52,48125","10,54","0,3714561","52,481",,,,"10,54","0,4205704","52,481","10,54","0,3538132","52,481"
,,,"10,55","0,3387133","52,53125",,,,,,,,,,"10,55","0,3205935","52,53138","10,55","0,3741582","52,53113",,,,"10,55","0,4231135","52,53113","10,55","0,3582636","52,53113"
,,,"10,56","0,3376007","52,58138",,,,,,,,,,"10,56","0,3253619","52,58138","10,56","0,3762245","52,58113",,,,"10,56","0,4254977","52,58113","10,56","0,3574689","52,58113"
,,,"10,57","0,3403028","52,63125",,,,,,,,,,"10,57","0,3277461","52,63125","10,57","0,3786087","52,63113",,,,"10,57","0,4262924","52,63113","10,57","0,3534953","52,631"
,,,"10,58","0,3466606","52,68138",,,,,,,,,,"10,58","0,3296534","52,68125","10,58","0,3824234","52,681",,,,"10,58","0,4285177","52,681","10,58","0,3547668","52,681"
,,,"10,59","0,3531774","52,73125",,,,,,,,,,"10,59","0,3323555","52,73125","10,59","0,386556","52,731",,,,"10,59","0,4318555","52,731","10,59","0,36033","52,73113"
,,,"10,6","0,3598531","52,78138",,,,,,,,,,"10,6","0,3336271","52,78138","10,6","0,3908475","52,78125",,,,"10,6","0,433286","52,78125","10,6","0,3635089","52,78125"
,,,"10,61","0,3685951","52,83138",,,,,,,,,,"10,61","0,3336271","52,83138","10,61","0,395298","52,83113",,,,"10,61","0,4316966","52,83113","10,61","0,3649394","52,83113"
,,,"10,62","0,3794034","52,88125",,,,,,,,,,"10,62","0,3339449","52,88138","10,62","0,3999074","52,881",,,,"10,62","0,4301071","52,88113","10,62","0,3665288","52,881"
,,,"10,63","0,3900528","52,93138",,,,,,,,,,"10,63","0,3347397","52,93138","10,63","0,40404","52,93113",,,,"10,63","0,4313787","52,93125","10,63","0,3646215","52,93113"
,,,"10,64","0,4003843","52,98138",,,,,,,,,,"10,64","0,3363291","52,98138","10,64","0,4072189","52,98113",,,,"10,64","0,4369418","52,98113","10,64","0,3590584","52,98125"
,,,"10,65","0,4096031","53,03138",,,,,,,,,,"10,65","0,3387133","53,03138","10,65","0,4103979","53,03125",,,,"10,65","0,4444122","53,03125","10,65","0,3558795","53,03125"
,,,"10,66","0,4181862","53,08138",,,,,,,,,,"10,66","0,3410975","53,08138","10,66","0,4138947","53,081",,,,"10,66","0,4469554","53,081","10,66","0,360171","53,08113"
,,,"10,67","0,4277229","53,13125",,,,,,,,,,"10,67","0,3436407","53,13138","10,67","0,4183451","53,13125",,,,"10,67","0,4472733","53,13125","10,67","0,3681183","53,13125"
,,,"10,68","0,4374186","53,1815",,,,,,,,,,"10,68","0,3474554","53,1815","10,68","0,4239082","53,18125",,,,"10,68","0,4504522","53,18125","10,68","0,3693899","53,18125"
,,,"10,69","0,4448891","53,23138",,,,,,,,,,"10,69","0,3503164","53,23138","10,69","0,4286766","53,23125",,,,"10,69","0,4501343","53,23113","10,69","0,3638268","53,23113"
,,,"10,7","0,4504522","53,28138",,,,,,,,,,"10,7","0,3515879","53,28125","10,7","0,4324913","53,28125",,,,"10,7","0,442028","53,28125","10,7","0,3633499","53,28125"
,,,"10,71","0,4555384","53,33125",,,,,,,,,,"10,71","0,3515879","53,33125","10,71","0,4356702","53,33113",,,,"10,71","0,4326502","53,33125","10,71","0,3678004","53,33125"
,,,"10,72","0,4603068","53,38138",,,,,,,,,,"10,72","0,3490448","53,38125","10,72","0,4385312","53,38125",,,,"10,72","0,4254977","53,38125","10,72","0,3657341","53,38125"
,,,"10,73","0,4634857","53,43138",,,,,,,,,,"10,73","0,3434817","53,43138","10,73","0,4412333","53,43125",,,,"10,73","0,4178683","53,43113","10,73","0,3574689","53,43125"
,,,"10,74","0,4674594","53,48125",,,,,,,,,,"10,74","0,3379186","53,48125","10,74","0,4405975","53,48113",,,,"10,74","0,4119873","53,48113","10,74","0,3522237","53,48113"
,,,"10,75","0,4727046","53,53125",,,,,,,,,,"10,75","0,3341039","53,53138","10,75","0,4345576","53,53138",,,,"10,75","0,4091263","53,53138","10,75","0,3474554","53,53138"
,,,"10,76","0,4777908","53,58138",,,,,,,,,,"10,76","0,3291766","53,58138","10,76","0,424544","53,58125",,,,"10,76","0,4043579","53,58125","10,76","0,3391902","53,58125"
,,,"10,77","0,4819234","53,63138",,,,,,,,,,"10,77","0,3205935","53,63125","10,77","0,4126231","53,63125",,,,"10,77","0,3987948","53,63125","10,77","0,3356934","53,63125"
,,,"10,78","0,4858971","53,68125",,,,,,,,,,"10,78","0,3105799","53,68125","10,78","0,3995895","53,68113",,,,"10,78","0,3960927","53,68113","10,78","0,3372828","53,68113"
,,,"10,79","0,4882813","53,731",,,,,,,,,,"10,79","0,3018379","53,73125","10,79","0,3860792","53,73125",,,,"10,79","0,3929138","53,73125","10,79","0,3347397","53,73125"
,,,"10,8","0,4897118","53,78125",,,,,,,,,,"10,8","0,2965927","53,78138","10,8","0,3733635","53,78138",,,,"10,8","0,386397","53,78125","10,8","0,330925","53,78138"
,,,"10,81","0,4930496","53,83125",,,,,,,,,,"10,81","0,2950033","53,83125","10,81","0,3617605","53,83125",,,,"10,81","0,3797213","53,83125","10,81","0,3352165","53,83125"
,,,"10,82","0,4981359","53,88113",,,,,,,,,,"10,82","0,295798","53,88113","10,82","0,3507932","53,88113",,,,"10,82","0,3744761","53,88113","10,82","0,339667","53,88113"
,,,"10,83","0,5005201","53,93125",,,,,,,,,,"10,83","0,295798","53,93125","10,83","0,3391902","53,93125",,,,"10,83","0,3682772","53,93138","10,83","0,3363291","53,93125"
,,,"10,84","0,5005201","53,98125",,,,,,,,,,"10,84","0,2926191","53,98125","10,84","0,328064","53,98125",,,,"10,84","0,3625552","53,98138","10,84","0,3312429","53,98125"
,,,"10,85","0,5025864","54,03125",,,,,,,,,,"10,85","0,2889633","54,03125","10,85","0,3204346","54,03138",,,,"10,85","0,360171","54,03138","10,85","0,3312429","54,03138"
,,,"10,86","0,5071958","54,08125",,,,,,,,,,"10,86","0,2873739","54,08113","10,86","0,316143","54,08125",,,,"10,86","0,3582636","54,08125","10,86","0,3317197","54,08125"
,,,"10,87","0,5100568","54,13113",,,,,,,,,,"10,87","0,2883275","54,13125","10,87","0,3137589","54,13125",,,,"10,87","0,3546079","54,13138","10,87","0,3323555","54,13138"
,,,"10,88","0,5127589","54,18138",,,,,,,,,,"10,88","0,2907117","54,18138","10,88","0,3129641","54,18138",,,,"10,88","0,351429","54,18125","10,88","0,3352165","54,18138"
,,,"10,89","0,5160968","54,23125",,,,,,,,,,"10,89","0,2930959","54,23125","10,89","0,3145536","54,23125",,,,"10,89","0,3511111","54,23125","10,89","0,3380775","54,23125"
,,,"10,9","0,5175273","54,28125",,,,,,,,,,"10,9","0,2938906","54,28125","10,9","0,3177325","54,28125",,,,"10,9","0,3523827","54,28125","10,9","0,3379186","54,28125"
,,,"10,91","0,5159378","54,33125",,,,,,,,,,"10,91","0,2950033","54,33125","10,91","0,3205935","54,33138",,,,"10,91","0,3555616","54,33138","10,91","0,3372828","54,33125"
,,,"10,92","0,5129178","54,38138",,,,,,,,,,"10,92","0,2981822","54,38138","10,92","0,3237724","54,38138",,,,"10,92","0,360171","54,3815","10,92","0,339667","54,38138"
,,,"10,93","0,5089442","54,43138",,,,,,,,,,"10,93","0,3034274","54,43138","10,93","0,3275871","54,43125",,,,"10,93","0,3646215","54,43125","10,93","0,3431638","54,43125"
,,,"10,94","0,5032222","54,48138",,,,,,,,,,"10,94","0,3088315","54,48125","10,94","0,3320376","54,48113",,,,"10,94","0,3698667","54,48113","10,94","0,3463427","54,48113"
,,,"10,95","0,4962285","54,53125",,,,,,,,,,"10,95","0,3140768","54,53138","10,95","0,336806","54,53125",,,,"10,95","0,3765424","54,53125","10,95","0,3498395","54,53125"
,,,"10,96","0,4873276","54,58138",,,,,,,,,,"10,96","0,3180504","54,58125","10,96","0,3404617","54,58138",,,,"10,96","0,3809929","54,58125","10,96","0,3506342","54,58138"
,,,"10,97","0,4738172","54,63125",,,,,,,,,,"10,97","0,3201167","54,63125","10,97","0,3436407","54,63138",,,,"10,97","0,3825823","54,63125","10,97","0,3487269","54,63125"
,,,"10,98","0,4583994","54,68138",,,,,,,,,,"10,98","0,3204346","54,68113","10,98","0,3492037","54,68125",,,,"10,98","0,3852844","54,68125","10,98","0,3490448","54,68113"
,,,"10,99","0,4472733","54,73125",,,,,,,,,,"10,99","0,3205935","54,73125","10,99","0,3561974","54,73125",,,,"10,99","0,3908475","54,73125","10,99","0,3506342","54,73125"
,,,"11","0,4425049","54,78138",,,,,,,,,,"11","0,3209114","54,78138","11","0,3617605","54,78138",,,,"11","0,3964106","54,78138","11","0,3507932","54,78138"
,,,"11,01","0,4425049","54,83138",,,,,,,,,,"11,01","0,319322","54,83125","11,01","0,3649394","54,83125",,,,"11,01","0,401179","54,83125","11,01","0,3503164","54,83125"
,,,"11,02","0,4460017","54,88125",,,,,,,,,,"11,02","0,3174146","54,88125","11,02","0,3674825","54,88113",,,,"11,02","0,4072189","54,88113","11,02","0,3511111","54,88113"
,,,"11,03","0,4531542","54,93125",,,,,,,,,,"11,03","0,3177325","54,93138","11,03","0,3705025","54,93138",,,,"11,03","0,4135768","54,93138","11,03","0,3515879","54,93125"
,,,"11,04","0,4612605","54,98138",,,,,,,,,,"11,04","0,3169378","54,9815","11,04","0,3722509","54,98138",,,,"11,04","0,4178683","54,98125","11,04","0,3507932","54,98125"
,,,"11,05","0,4695257","55,03138",,,,,,,,,,"11,05","0,3145536","55,03138","11,05","0,3738403","55,03125",,,,"11,05","0,4218419","55,03125","11,05","0,3511111","55,03125"
,,,"11,06","0,4762014","55,08138",,,,,,,,,,"11,06","0,3134409","55,08138","11,06","0,3757477","55,08113",,,,"11,06","0,4261335","55,08113","11,06","0,3534953","55,08113"
,,,"11,07","0,4771551","55,13125",,,,,,,,,,"11,07","0,3142357","55,13138","11,07","0,3768603","55,13125",,,,"11,07","0,4294713","55,13125","11,07","0,357151","55,13125"
,,,"11,08","0,4676183","55,1815",,,,,,,,,,"11,08","0,3145536","55,18138","11,08","0,3765424","55,18125",,,,"11,08","0,4324913","55,18125","11,08","0,3598531","55,18125"
,,,"11,09","0,4507701","55,23138",,,,,,,,,,"11,09","0,3142357","55,23138","11,09","0,3781319","55,23113",,,,"11,09","0,4364649","55,23113","11,09","0,3609657","55,23113"
,,,"11,1","0,4321734","55,28138",,,,,,,,,,"11,1","0,316143","55,28138","11,1","0,3824234","55,28113",,,,"11,1","0,4390081","55,28113","11,1","0,3614426","55,28125"
,,,"11,11","0,4135768","55,33113",,,,,,,,,,"11,11","0,3185272","55,33125","11,11","0,386397","55,33125",,,,"11,11","0,4388491","55,33125","11,11","0,36033","55,33113"
,,,"11,12","0,3951391","55,38138",,,,,,,,,,"11,12","0,3190041","55,3815","11,12","0,3892581","55,38125",,,,"11,12","0,4398028","55,38125","11,12","0,3582636","55,38125"
,,,"11,13","0,3789266","55,43125",,,,,,,,,,"11,13","0,3182093","55,43138","11,13","0,3919601","55,43113",,,,"11,13","0,4460017","55,43125","11,13","0,3569921","55,43113"
,,,"11,14","0,3670057","55,48113",,,,,,,,,,"11,14","0,3190041","55,48125","11,14","0,3935496","55,481",,,,"11,14","0,4523595","55,481","11,14","0,3574689","55,481"
,,,"11,15","0,3590584","55,53125",,,,,,,,,,"11,15","0,3212293","55,53138","11,15","0,3932317","55,53125",,,,"11,15","0,4515648","55,53125","11,15","0,3582636","55,53113"
,,,"11,16","0,3523827","55,58138",,,,,,,,,,"11,16","0,322183","55,5815","11,16","0,3932317","55,58125",,,,"11,16","0,4477501","55,58125","11,16","0,3587405","55,58125"
,,,"11,17","0,3476143","55,63138",,,,,,,,,,"11,17","0,3229777","55,63138","11,17","0,3967285","55,63125",,,,"11,17","0,4491806","55,63125","11,17","0,36033","55,63125"
,,,"11,18","0,3463427","55,68138",,,,,,,,,,"11,18","0,3236135","55,68138","11,18","0,4016558","55,68113",,,,"11,18","0,4501343","55,68113","11,18","0,3625552","55,68113"
,,,"11,19","0,3466606","55,73113",,,,,,,,,,"11,19","0,3232956","55,73125","11,19","0,4054705","55,73125",,,,"11,19","0,4448891","55,73125","11,19","0,3646215","55,73125"
,,,"11,2","0,3471375","55,78125",,,,,,,,,,"11,2","0,3229777","55,7815","11,2","0,4080137","55,78125",,,,"11,2","0,4413923","55,78138","11,2","0,365893","55,78125"
,,,"11,21","0,3506342","55,83125",,,,,,,,,,"11,21","0,324885","55,83138","11,21","0,4119873","55,83125",,,,"11,21","0,4413923","55,83125","11,21","0,3649394","55,83113"
,,,"11,22","0,357151","55,88125",,,,,,,,,,"11,22","0,328064","55,88138","11,22","0,4167557","55,88125",,,,"11,22","0,4366239","55,88125","11,22","0,3638268","55,88113"
,,,"11,23","0,3635089","55,93113",,,,,,,,,,"11,23","0,3323555","55,93138","11,23","0,4218419","55,93138",,,,"11,23","0,4285177","55,93125","11,23","0,363032","55,93138"
,,,"11,24","0,3681183","55,98113",,,,,,,,,,"11,24","0,3371239","55,98138","11,24","0,4270872","55,98125",,,,"11,24","0,4226367","55,98125","11,24","0,3617605","55,98125"
,,,"11,25","0,3714561","56,03125",,,,,,,,,,"11,25","0,3415743","56,03138","11,25","0,4310608","56,03138",,,,"11,25","0,4146894","56,03125","11,25","0,3585815","56,03138"
,,,"11,26","0,3736814","56,08125",,,,,,,,,,"11,26","0,3431638","56,08113","11,26","0,433445","56,08125",,,,"11,26","0,4054705","56,08113","11,26","0,3566742","56,08125"
,,,"11,27","0,3741582","56,13113",,,,,,,,,,"11,27","0,3431638","56,13138","11,27","0,4340807","56,13138",,,,"11,27","0,4007021","56,13138","11,27","0,3561974","56,13138"
,,,"11,28","0,3754298","56,18125",,,,,,,,,,"11,28","0,3428459","56,18138","11,28","0,4318555","56,18125",,,,"11,28","0,3960927","56,18138","11,28","0,3546079","56,18138"
,,,"11,29","0,377814","56,23113",,,,,,,,,,"11,29","0,3420512","56,23125","11,29","0,4266103","56,23125",,,,"11,29","0,386397","56,23125","11,29","0,3515879","56,23125"
,,,"11,3","0,3809929","56,28125",,,,,,,,,,"11,3","0,3388723","56,28125","11,3","0,4199346","56,28113",,,,"11,3","0,377655","56,28113","11,3","0,3498395","56,28125"
,,,"11,31","0,3848076","56,33113",,,,,,,,,,"11,31","0,3347397","56,33125","11,31","0,4126231","56,33125",,,,"11,31","0,3722509","56,33125","11,31","0,3482501","56,33138"
,,,"11,32","0,3884633","56,38125",,,,,,,,,,"11,32","0,3307661","56,38138","11,32","0,4032453","56,38138",,,,"11,32","0,3650983","56,38138","11,32","0,3468195","56,38138"
,,,"11,33","0,3916422","56,43138",,,,,,,,,,"11,33","0,3264745","56,43125","11,33","0,3913244","56,43125",,,,"11,33","0,3579458","56,43125","11,33","0,3452301","56,43125"
,,,"11,34","0,3964106","56,48125",,,,,,,,,,"11,34","0,322024","56,48113","11,34","0,377655","56,48113",,,,"11,34","0,3555616","56,48113","11,34","0,3436407","56,48113"
,,,"11,35","0,4046758","56,53138",,,,,,,,,,"11,35","0,3182093","56,53138","11,35","0,3633499","56,53125",,,,"11,35","0,3555616","56,53125","11,35","0,342687","56,53125"
,,,"11,36","0,4115105","56,58125",,,,,,,,,,"11,36","0,3150304","56,58138","11,36","0,3492037","56,58125",,,,"11,36","0,3531774","56,58125","11,36","0,3428459","56,58125"
,,,"11,37","0,4143715","56,63125",,,,,,,,,,"11,37","0,3113747","56,63138","11,37","0,3372828","56,63113",,,,"11,37","0,3522237","56,63113","11,37","0,3444354","56,63125"
,,,"11,38","0,4178683","56,68125",,,,,,,,,,"11,38","0,3066063","56,68125","11,38","0,3288587","56,68113",,,,"11,38","0,3539721","56,68113","11,38","0,345548","56,68113"
,,,"11,39","0,4253387","56,73125",,,,,,,,,,"11,39","0,3013611","56,73125","11,39","0,3232956","56,73125",,,,"11,39","0,3558795","56,73113","11,39","0,3458659","56,73113"
,,,"11,4","0,4345576","56,78138",,,,,,,,,,"11,4","0,2961159","56,7815","11,4","0,3190041","56,78125",,,,"11,4","0,3577868","56,78125","11,4","0,3471375","56,78125"
,,,"11,41","0,4429817","56,83125",,,,,,,,,,"11,41","0,2923012","56,83125","11,41","0,3158251","56,83113",,,,"11,41","0,3606478","56,83113","11,41","0,3487269","56,83113"
,,,"11,42","0,4517237","56,88125",,,,,,,,,,"11,42","0,2913475","56,88125","11,42","0,3134409","56,88113",,,,"11,42","0,3622373","56,88113","11,42","0,3487269","56,88113"
,,,"11,43","0,4607836","56,93125",,,,,,,,,,"11,43","0,2915064","56,93138","11,43","0,3116926","56,93125",,,,"11,43","0,3633499","56,93113","11,43","0,3474554","56,93113"
,,,"11,44","0,4687309","56,98138",,,,,,,,,,"11,44","0,2905528","56,98138","11,44","0,3116926","56,98125",,,,"11,44","0,3682772","56,98125","11,44","0,3458659","56,98125"
,,,"11,45","0,4766782","57,03138",,,,,,,,,,"11,45","0,2886454","57,03138","11,45","0,3145536","57,03125",,,,"11,45","0,3741582","57,03125","11,45","0,345548","57,03125"
,,,"11,46","0,4858971","57,08138",,,,,,,,,,"11,46","0,2886454","57,08138","11,46","0,3177325","57,081",,,,"11,46","0,3768603","57,081","11,46","0,345548","57,08113"
,,,"11,47","0,4965464","57,13125",,,,,,,,,,"11,47","0,2910296","57,13138","11,47","0,3197988","57,13113",,,,"11,47","0,3800392","57,13113","11,47","0,3452301","57,13125"
,,,"11,48","0,5100568","57,18138",,,,,,,,,,"11,48","0,2953211","57,18138","11,48","0,3228188","57,18125",,,,"11,48","0,386556","57,18125","11,48","0,3458659","57,18113"
,,,"11,49","0,5278587","57,23125",,,,,,,,,,"11,49","0,3000895","57,23138","11,49","0,3283819","57,231",,,,"11,49","0,3919601","57,23113","11,49","0,3479322","57,23113"
,,,"11,5","0,5470912","57,28138",,,,,,,,,,"11,5","0,3040632","57,28138","11,5","0,3355344","57,281",,,,"11,5","0,3959338","57,28113","11,5","0,3499985","57,28113"
,,,"11,51","0,5625089","57,33125",,,,,,,,,,"11,51","0,3066063","57,3315","11,51","0,3434817","57,33125",,,,"11,51","0,4016558","57,33113","11,51","0,3507932","57,33125"
,,,"11,52","0,5747477","57,38138",,,,,,,,,,"11,52","0,3085136","57,38138","11,52","0,351429","57,38125",,,,"11,52","0,4072189","57,38125","11,52","0,3511111","57,38113"
,,,"11,53","0,5866687","57,43138",,,,,,,,,,"11,53","0,3108978","57,43138","11,53","0,3585815","57,43125",,,,"11,53","0,409921","57,43125","11,53","0,3519058","57,43125"
,,,"11,54","0,5979538","57,48138",,,,,,,,,,"11,54","0,3126462","57,48125","11,54","0,3633499","57,48113",,,,"11,54","0,4130999","57,48113","11,54","0,3538132","57,481"
,,,"11,55","0,6082852","57,53138",,,,,,,,,,"11,55","0,3134409","57,53138","11,55","0,3657341","57,53125",,,,"11,55","0,4173914","57,53125","11,55","0,3558795","57,53125"
,,,"11,56","0,6170273","57,5815",,,,,,,,,,"11,56","0,3145536","57,5815","11,56","0,3681183","57,58113",,,,"11,56","0,4181862","57,58125","11,56","0,3554026","57,58125"
,,,"11,57","0,6214778","57,63138",,,,,,,,,,"11,57","0,316143","57,63138","11,57","0,3714561","57,63125",,,,"11,57","0,4175504","57,63125","11,57","0,3506342","57,63125"
,,,"11,58","0,6181399","57,68138",,,,,,,,,,"11,58","0,316143","57,68113","11,58","0,3752708","57,68113",,,,"11,58","0,4202525","57,68125","11,58","0,3458659","57,68125"
,,,"11,59","0,6073316","57,73113",,,,,,,,,,"11,59","0,3153483","57,73138","11,59","0,3770193","57,73125",,,,"11,59","0,4234314","57,73125","11,59","0,3447533","57,73125"
,,,"11,6","0,5923907","57,7815",,,,,,,,,,"11,6","0,3156662","57,78138","11,6","0,3770193","57,78125",,,,"11,6","0,424703","57,78125","11,6","0,3444354","57,78125"
,,,"11,61","0,5736351","57,83138",,,,,,,,,,"11,61","0,3174146","57,83138","11,61","0,3770193","57,83125",,,,"11,61","0,4262924","57,83113","11,61","0,3434817","57,83125"
,,,"11,62","0,5501111","57,88138",,,,,,,,,,"11,62","0,3204346","57,88125","11,62","0,3786087","57,88125",,,,"11,62","0,4301071","57,88125","11,62","0,3444354","57,88113"
,,,"11,63","0,5224546","57,93125",,,,,,,,,,"11,63","0,3236135","57,93125","11,63","0,3821055","57,93125",,,,"11,63","0,4348755","57,93125","11,63","0,3479322","57,93125"
,,,"11,64","0,4928907","57,98138",,,,,,,,,,"11,64","0,3253619","57,98138","11,64","0,3857613","57,98125",,,,"11,64","0,4390081","57,98125","11,64","0,3495216","57,98125"
,,,"11,65","0,4611015","58,03138",,,,,,,,,,"11,65","0,3245672","58,03125","11,65","0,3887812","58,03138",,,,"11,65","0,4396439","58,03125","11,65","0,3503164","58,03125"
,,,"11,66","0,4262924","58,08125",,,,,,,,,,"11,66","0,3228188","58,08113","11,66","0,3911654","58,08113",,,,"11,66","0,4369418","58,08113","11,66","0,3523827","58,08113"
,,,"11,67","0,3935496","58,13125",,,,,,,,,,"11,67","0,322024","58,13113","11,67","0,3919601","58,13125",,,,"11,67","0,4326502","58,13138","11,67","0,35429","58,13138"
,,,"11,68","0,3674825","58,1815",,,,,,,,,,"11,68","0,322024","58,18125","11,68","0,392437","58,18125",,,,"11,68","0,427405","58,18125","11,68","0,3538132","58,18125"
,,,"11,69","0,3490448","58,23138",,,,,,,,,,"11,69","0,3228188","58,23113","11,69","0,3943443","58,23125",,,,"11,69","0,4242261","58,23125","11,69","0,3534953","58,23125"
,,,"11,7","0,3371239","58,28138",,,,,,,,,,"11,7","0,3252029","58,28113","11,7","0,3980001","58,28113",,,,"11,7","0,4250208","58,28113","11,7","0,35429","58,28113"
,,,"11,71","0,3285408","58,33125",,,,,,,,,,"11,71","0,328064","58,33138","11,71","0,4022916","58,33125",,,,"11,71","0,427405","58,33125","11,71","0,3538132","58,33125"
,,,"11,72","0,322024","58,38125",,,,,,,,,,"11,72","0,3299713","58,38138","11,72","0,4059474","58,38125",,,,"11,72","0,4294713","58,38125","11,72","0,3515879","58,38125"
,,,"11,73","0,3180504","58,43138",,,,,,,,,,"11,73","0,3304482","58,43138","11,73","0,4088084","58,43125",,,,"11,73","0,4321734","58,43113","11,73","0,3499985","58,43113"
,,,"11,74","0,3182093","58,48125",,,,,,,,,,"11,74","0,330925","58,48125","11,74","0,4111926","58,481",,,,"11,74","0,4313787","58,48113","11,74","0,3487269","58,481"
,,,"11,75","0,3212293","58,53125",,,,,,,,,,"11,75","0,3325144","58,53138","11,75","0,4138947","58,53125",,,,"11,75","0,424544","58,53125","11,75","0,3492037","58,53125"
,,,"11,76","0,3237724","58,58138",,,,,,,,,,"11,76","0,3347397","58,58138","11,76","0,4178683","58,58125",,,,"11,76","0,4165967","58,58125","11,76","0,3538132","58,58125"
,,,"11,77","0,3272692","58,63125",,,,,,,,,,"11,77","0,336806","58,63125","11,77","0,4237493","58,63113",,,,"11,77","0,409921","58,63113","11,77","0,360171","58,63113"
,,,"11,78","0,3331502","58,68125",,,,,,,,,,"11,78","0,3391902","58,68138","11,78","0,4293124","58,68113",,,,"11,78","0,4019737","58,68113","11,78","0,36033","58,68113"
,,,"11,79","0,339667","58,73113",,,,,,,,,,"11,79","0,3415743","58,73125","11,79","0,4313787","58,73125",,,,"11,79","0,3929138","58,73125","11,79","0,3547668","58,73125"
,,,"11,8","0,345548","58,78125",,,,,,,,,,"11,8","0,342687","58,78138","11,8","0,4294713","58,78125",,,,"11,8","0,3849665","58,78125","11,8","0,3515879","58,78138"
,,,"11,81","0,3511111","58,83125",,,,,,,,,,"11,81","0,3415743","58,83125","11,81","0,4278819","58,83125",,,,"11,81","0,3768603","58,83113","11,81","0,351429","58,83125"
,,,"11,82","0,3579458","58,88125",,,,,,,,,,"11,82","0,3395081","58,88125","11,82","0,4294713","58,88113",,,,"11,82","0,3673235","58,88113","11,82","0,3487269","58,88125"
,,,"11,83","0,3649394","58,93125",,,,,,,,,,"11,83","0,3372828","58,93138","11,83","0,4309019","58,93125",,,,"11,83","0,3606478","58,93125","11,83","0,3450712","58,93125"
,,,"11,84","0,3705025","58,98138",,,,,,,,,,"11,84","0,3336271","58,98138","11,84","0,4294713","58,98125",,,,"11,84","0,3561974","58,98125","11,84","0,3420512","58,98125"
,,,"11,85","0,3746351","59,03125",,,,,,,,,,"11,85","0,3283819","59,03138","11,85","0,4258156","59,03125",,,,"11,85","0,3503164","59,03138","11,85","0,3391902","59,03125"
,,,"11,86","0,3792445","59,08138",,,,,,,,,,"11,86","0,3225009","59,08138","11,86","0,4197756","59,08113",,,,"11,86","0,3439585","59,08113","11,86","0,3372828","59,08113"
,,,"11,87","0,3844897","59,13125",,,,,,,,,,"11,87","0,3182093","59,13138","11,87","0,4103979","59,13125",,,,"11,87","0,3412565","59,13138","11,87","0,3376007","59,13125"
,,,"11,88","0,3913244","59,18138",,,,,,,,,,"11,88","0,3169378","59,18138","11,88","0,3995895","59,18138",,,,"11,88","0,3418922","59,18125","11,88","0,3376007","59,18138"
,,,"11,89","0,3992716","59,23138",,,,,,,,,,"11,89","0,3166199","59,23138","11,89","0,3876686","59,23125",,,,"11,89","0,3415743","59,23125","11,89","0,3372828","59,23125"
,,,"11,9","0,4059474","59,28138",,,,,,,,,,"11,9","0,3153483","59,28125","11,9","0,3754298","59,28125",,,,"11,9","0,342687","59,28138","11,9","0,3410975","59,28125"
,,,"11,91","0,4102389","59,33125",,,,,,,,,,"11,91","0,3129641","59,33125","11,91","0,3657341","59,33138",,,,"11,91","0,3458659","59,33125","11,91","0,3479322","59,33138"
,,,"11,92","0,4135768","59,38138",,,,,,,,,,"11,92","0,3097852","59,38138","11,92","0,3593763","59,38125",,,,"11,92","0,3495216","59,38138","11,92","0,3506342","59,38138"
,,,"11,93","0,4178683","59,43138",,,,,,,,,,"11,93","0,3058116","59,43138","11,93","0,3539721","59,43138",,,,"11,93","0,3531774","59,43138","11,93","0,3474554","59,43138"
,,,"11,94","0,4223188","59,48125",,,,,,,,,,"11,94","0,3032684","59,48125","11,94","0,3474554","59,48113",,,,"11,94","0,3582636","59,48113","11,94","0,3458659","59,48125"
,,,"11,95","0,4269282","59,53125",,,,,,,,,,"11,95","0,3032684","59,53125","11,95","0,3399849","59,53138",,,,"11,95","0,3638268","59,53138","11,95","0,3471375","59,53138"
,,,"11,96","0,4326502","59,5815",,,,,,,,,,"11,96","0,3032684","59,58138","11,96","0,3352165","59,58125",,,,"11,96","0,3681183","59,58138","11,96","0,3452301","59,58138"
,,,"11,97","0,4390081","59,63138",,,,,,,,,,"11,97","0,3008842","59,63125","11,97","0,3344218","59,63138",,,,"11,97","0,3722509","59,63138","11,97","0,3418922","59,63138"
,,,"11,98","0,4448891","59,68138",,,,,,,,,,"11,98","0,2981822","59,68113","11,98","0,3348986","59,68125",,,,"11,98","0,3768603","59,68125","11,98","0,3418922","59,68125"
,,,"11,99","0,4515648","59,73113",,,,,,,,,,"11,99","0,2989769","59,73125","11,99","0,3348986","59,73138",,,,"11,99","0,3800392","59,73138","11,99","0,342687","59,73138"
,,,"12","0,459671","59,78138",,,,,,,,,,"12","0,3021558","59,78138","12","0,3360113","59,78138",,,,"12","0,3841718","59,78138","12","0,3407796","59,78138"
,,,"12,01","0,4682541","59,83138",,,,,,,,,,"12,01","0,30454","59,83125","12,01","0,3395081","59,83125",,,,"12,01","0,3897349","59,83138","12,01","0,3403028","59,83125"
,,,"12,02","0,4758835","59,88125",,,,,,,,,,"12,02","0,30454","59,88113","12,02","0,3447533","59,88113",,,,"12,02","0,3943443","59,88125","12,02","0,3444354","59,88125"
,,,"12,03","0,4822413","59,93113",,,,,,,,,,"12,03","0,3032684","59,93125","12,03","0,3506342","59,93125",,,,"12,03","0,3964106","59,93125","12,03","0,3499985","59,93138"
,,,"12,04","0,4865328","59,98125",,,,,,,,,,"12,04","0,3018379","59,98138","12,04","0,3558795","59,98125",,,,"12,04","0,3992716","59,98125","12,04","0,3531774","59,98125"
,,,"12,05","0,489076","60,03125",,,,,,,,,,"12,05","0,3010432","60,03125","12,05","0,3614426","60,03125",,,,"12,05","0,4019737","60,03125","12,05","0,35429","60,03125"
,,,"12,06","0,4905065","60,08125",,,,,,,,,,"12,06","0,298659","60,08125","12,06","0,3666878","60,081",,,,"12,06","0,4035632","60,08113","12,06","0,35429","60,08113"
,,,"12,07","0,4898707","60,13113",,,,,,,,,,"12,07","0,2945264","60,13125","12,07","0,3705025","60,13125",,,,"12,07","0,4048347","60,13125","12,07","0,3531774","60,13125"
,,,"12,08","0,4874865","60,18125",,,,,,,,,,"12,08","0,2918243","60,1815","12,08","0,3736814","60,18125",,,,"12,08","0,4075368","60,18125","12,08","0,3522237","60,18113"
,,,"12,09","0,4854202","60,23125",,,,,,,,,,"12,09","0,2921422","60,23138","12,09","0,3768603","60,23113",,,,"12,09","0,4107157","60,23113","12,09","0,351429","60,23113"
,,,"12,1","0,4846255","60,28125",,,,,,,,,,"12,1","0,2921422","60,28138","12,1","0,3794034","60,28113",,,,"12,1","0,4142126","60,28113","12,1","0,3487269","60,28113"
,,,"12,11","0,4819234","60,33113",,,,,,,,,,"12,11","0,2891223","60,33138","12,11","0,3809929","60,33125",,,,"12,11","0,418663","60,33113","12,11","0,3442764","60,33113"
,,,"12,12","0,4763603","60,38125",,,,,,,,,,"12,12","0,2867381","60,38138","12,12","0,3832181","60,38125",,,,"12,12","0,4231135","60,38125","12,12","0,3420512","60,38125"
,,,"12,13","0,4700025","60,43125",,,,,,,,,,"12,13","0,2873739","60,43138","12,13","0,3844897","60,43113",,,,"12,13","0,4266103","60,43125","12,13","0,3428459","60,43125"
,,,"12,14","0,4639626","60,48125",,,,,,,,,,"12,14","0,289917","60,48138","12,14","0,3844897","60,481",,,,"12,14","0,4297892","60,481","12,14","0,3434817","60,481"
,,,"12,15","0,4572868","60,53125",,,,,,,,,,"12,15","0,292937","60,53138","12,15","0,383695","60,53113",,,,"12,15","0,433445","60,53113","12,15","0,3447533","60,531"
,,,"12,16","0,4496574","60,58125",,,,,,,,,,"12,16","0,2953211","60,5815","12,16","0,3832181","60,58125",,,,"12,16","0,4356702","60,58125","12,16","0,3471375","60,58113"
,,,"12,17","0,442187","60,63113",,,,,,,,,,"12,17","0,2977053","60,6315","12,17","0,3840128","60,63113",,,,"12,17","0,4345576","60,63125","12,17","0,3498395","60,63125"
,,,"12,18","0,4358292","60,68125",,,,,,,,,,"12,18","0,301679","60,68138","12,18","0,3860792","60,681",,,,"12,18","0,433286","60,681","12,18","0,3531774","60,68113"
,,,"12,19","0,4297892","60,73125",,,,,,,,,,"12,19","0,3058116","60,73125","12,19","0,3879865","60,73113",,,,"12,19","0,4345576","60,73113","12,19","0,3563563","60,731"
,,,"12,2","0,4270872","60,78125",,,,,,,,,,"12,2","0,3085136","60,7815","12,2","0,3873507","60,78125",,,,"12,2","0,4385312","60,78125","12,2","0,3574689","60,78125"
,,,"12,21","0,4289945","60,83125",,,,,,,,,,"12,21","0,3089905","60,83138","12,21","0,386556","60,831",,,,"12,21","0,4444122","60,83113","12,21","0,357151","60,83125"
,,,"12,22","0,4326502","60,88125",,,,,,,,,,"12,22","0,3105799","60,88138","12,22","0,3887812","60,88113",,,,"12,22","0,4515648","60,88113","12,22","0,357151","60,88113"
,,,"12,23","0,4350344","60,93125",,,,,,,,,,"12,23","0,3145536","60,9315","12,23","0,3916422","60,93125",,,,"12,23","0,4564921","60,93125","12,23","0,3558795","60,93113"
,,,"12,24","0,4372597","60,98138",,,,,,,,,,"12,24","0,3182093","60,9815","12,24","0,3932317","60,98125",,,,"12,24","0,4556974","60,98125","12,24","0,35429","60,98125"
,,,"12,25","0,439326","61,03138",,,,,,,,,,"12,25","0,3201167","61,0315","12,25","0,3937086","61,03125",,,,"12,25","0,4515648","61,03125","12,25","0,3538132","61,03138"
,,,"12,26","0,4405975","61,08125",,,,,,,,,,"12,26","0,3217061","61,08138","12,26","0,3945033","61,081",,,,"12,26","0,4464785","61,081","12,26","0,3531774","61,08113"
,,,"12,27","0,4412333","61,13125",,,,,,,,,,"12,27","0,3240903","61,13138","12,27","0,3956159","61,13125",,,,"12,27","0,4396439","61,13125","12,27","0,3538132","61,13125"
,,,"12,28","0,442187","61,18138",,,,,,,,,,"12,28","0,3272692","61,1815","12,28","0,3984769","61,18125",,,,"12,28","0,4293124","61,18125","12,28","0,3566742","61,18138"
,,,"12,29","0,442187","61,23125",,,,,,,,,,"12,29","0,3304482","61,23125","12,29","0,4043579","61,23113",,,,"12,29","0,4181862","61,23125","12,29","0,3593763","61,23125"
,,,"12,3","0,4382133","61,28138",,,,,,,,,,"12,3","0,3336271","61,28138","12,3","0,4111926","61,28125",,,,"12,3","0,4072189","61,28113","12,3","0,360171","61,28125"
,,,"12,31","0,4302661","61,33125",,,,,,,,,,"12,31","0,3371239","61,33125","12,31","0,4165967","61,33125",,,,"12,31","0,3964106","61,33138","12,31","0,36033","61,33138"
,,,"12,32","0,4194578","61,38138",,,,,,,,,,"12,32","0,3388723","61,38138","12,32","0,4205704","61,38125",,,,"12,32","0,3871918","61,38125","12,32","0,3609657","61,38125"
,,,"12,33","0,4080137","61,43138",,,,,,,,,,"12,33","0,3383954","61,43138","12,33","0,4242261","61,43125",,,,"12,33","0,3794034","61,43113","12,33","0,3606478","61,43125"
,,,"12,34","0,3967285","61,48125",,,,,,,,,,"12,34","0,3372828","61,48113","12,34","0,4278819","61,48113",,,,"12,34","0,3728867","61,48113","12,34","0,3609657","61,48113"
,,,"12,35","0,3860792","61,53125",,,,,,,,,,"12,35","0,3387133","61,53113","12,35","0,4313787","61,53138",,,,"12,35","0,3673235","61,53138","12,35","0,3619194","61,53138"
,,,"12,36","0,377814","61,58138",,,,,,,,,,"12,36","0,3412565","61,58138","12,36","0,4337629","61,58125",,,,"12,36","0,3622373","61,58125","12,36","0,3614426","61,58125"
,,,"12,37","0,3725688","61,63125",,,,,,,,,,"12,37","0,342687","61,63138","12,37","0,4353523","61,63125",,,,"12,37","0,357151","61,63125","12,37","0,3585815","61,63125"
,,,"12,38","0,3682772","61,68125",,,,,,,,,,"12,38","0,3428459","61,68125","12,38","0,4356702","61,68113",,,,"12,38","0,3527006","61,68113","12,38","0,3547668","61,68113"
,,,"12,39","0,3641447","61,73125",,,,,,,,,,"12,39","0,3439585","61,73113","12,39","0,4337629","61,73125",,,,"12,39","0,3498395","61,73125","12,39","0,3499985","61,73125"
,,,"12,4","0,3614426","61,78138",,,,,,,,,,"12,4","0,3450712","61,78138","12,4","0,4297892","61,78125",,,,"12,4","0,3476143","61,78125","12,4","0,3447533","61,78125"
,,,"12,41","0,3619194","61,83138",,,,,,,,,,"12,41","0,3431638","61,83125","12,41","0,4253387","61,83113",,,,"12,41","0,3458659","61,83125","12,41","0,3412565","61,83125"
,,,"12,42","0,3646215","61,88125",,,,,,,,,,"12,42","0,3395081","61,88113","12,42","0,4197756","61,88113",,,,"12,42","0,3450712","61,88113","12,42","0,3404617","61,88113"
,,,"12,43","0,3662109","61,93125",,,,,,,,,,"12,43","0,3363291","61,93125","12,43","0,4130999","61,93125",,,,"12,43","0,3466606","61,93125","12,43","0,339667","61,93125"
,,,"12,44","0,3665288","61,98125",,,,,,,,,,"12,44","0,3317197","61,98125","12,44","0,4056295","61,98113",,,,"12,44","0,3498395","61,98113","12,44","0,3383954","61,98125"
,,,"12,45","0,3681183","62,03138",,,,,,,,,,"12,45","0,3252029","62,03113","12,45","0,3968875","62,03125",,,,"12,45","0,3527006","62,03125","12,45","0,3387133","62,03125"
,,,"12,46","0,371774","62,08138",,,,,,,,,,"12,46","0,3177325","62,08125","12,46","0,386556","62,08113",,,,"12,46","0,3558795","62,08113","12,46","0,3403028","62,08125"
,,,"12,47","0,3762245","62,13113",,,,,,,,,,"12,47","0,3110568","62,13125","12,47","0,3754298","62,13125",,,,"12,47","0,3619194","62,13125","12,47","0,3407796","62,13125"
,,,"12,48","0,3797213","62,18138",,,,,,,,,,"12,48","0,3061295","62,18138","12,48","0,3646215","62,18125",,,,"12,48","0,3693899","62,18125","12,48","0,3412565","62,18125"
,,,"12,49","0,380834","62,23125",,,,,,,,,,"12,49","0,3026327","62,23138","12,49","0,3538132","62,23113",,,,"12,49","0,3738403","62,23113","12,49","0,3434817","62,23113"
,,,"12,5","0,3813108","62,28138",,,,,,,,,,"12,5","0,2989769","62,28138","12,5","0,3450712","62,28125",,,,"12,5","0,3765424","62,28125","12,5","0,3447533","62,28113"
,,,"12,51","0,3840128","62,33125",,,,,,,,,,"12,51","0,2946854","62,33125","12,51","0,3391902","62,33125",,,,"12,51","0,3797213","62,33125","12,51","0,3444354","62,33113"
,,,"12,52","0,3889402","62,38138",,,,,,,,,,"12,52","0,2923012","62,38113","12,52","0,3352165","62,38125",,,,"12,52","0,3832181","62,38138","12,52","0,3444354","62,38138"
,,,"12,53","0,3935496","62,43138",,,,,,,,,,"12,53","0,2934138","62,43125","12,53","0,3320376","62,43125",,,,"12,53","0,3876686","62,43125","12,53","0,3463427","62,43125"
,,,"12,54","0,3960927","62,48138",,,,,,,,,,"12,54","0,2950033","62,48138","12,54","0,3307661","62,481",,,,"12,54","0,3943443","62,48113","12,54","0,3492037","62,48113"
,,,"12,55","0,3995895","62,53138",,,,,,,,,,"12,55","0,2973875","62,5315","12,55","0,3315608","62,53113",,,,"12,55","0,4008611","62,53125","12,55","0,3515879","62,53125"
,,,"12,56","0,4043579","62,58138",,,,,,,,,,"12,56","0,3000895","62,5815","12,56","0,3341039","62,58125",,,,"12,56","0,4046758","62,58125","12,56","0,3538132","62,58125"
,,,"12,57","0,4083315","62,63138",,,,,,,,,,"12,57","0,3024737","62,63138","12,57","0,336806","62,63125",,,,"12,57","0,4083315","62,63125","12,57","0,3563563","62,63125"
,,,"12,58","0,4115105","62,68138",,,,,,,,,,"12,58","0,3018379","62,68138","12,58","0,339667","62,68113",,,,"12,58","0,4134178","62,68113","12,58","0,3595352","62,68113"
,,,"12,59","0,4143715","62,73125",,,,,,,,,,"12,59","0,2994537","62,73125","12,59","0,3431638","62,73113",,,,"12,59","0,4167557","62,73113","12,59","0,363032","62,73113"
,,,"12,6","0,4173914","62,7815",,,,,,,,,,"12,6","0,2989769","62,78138","12,6","0,3452301","62,78125",,,,"12,6","0,4199346","62,78125","12,6","0,365893","62,78125"
,,,"12,61","0,4210472","62,83138",,,,,,,,,,"12,61","0,3018379","62,83138","12,61","0,3458659","62,83113",,,,"12,61","0,424544","62,83113","12,61","0,3681183","62,83113"
,,,"12,62","0,4261335","62,88138",,,,,,,,,,"12,62","0,3064474","62,88125","12,62","0,3482501","62,88113",,,,"12,62","0,4285177","62,881","12,62","0,3706614","62,881"
,,,"12,63","0,4309019","62,93138",,,,,,,,,,"12,63","0,3102621","62,93138","12,63","0,3539721","62,93125",,,,"12,63","0,4302661","62,93125","12,63","0,3733635","62,93125"
,,,"12,64","0,433445","62,98138",,,,,,,,,,"12,64","0,3124873","62,98138","12,64","0,3606478","62,98125",,,,"12,64","0,4313787","62,98113","12,64","0,3744761","62,98113"
,,,"12,65","0,4353523","63,03138",,,,,,,,,,"12,65","0,3124873","63,03138","12,65","0,3657341","63,03125",,,,"12,65","0,433286","63,03125","12,65","0,3736814","63,03125"
,,,"12,66","0,4361471","63,0815",,,,,,,,,,"12,66","0,3124873","63,08138","12,66","0,369072","63,08113",,,,"12,66","0,4350344","63,08113","12,66","0,371774","63,08113"
,,,"12,67","0,4345576","63,13138",,,,,,,,,,"12,67","0,3134409","63,13138","12,67","0,3709793","63,13125",,,,"12,67","0,4366239","63,13125","12,67","0,3693899","63,13125"
,,,"12,68","0,4337629","63,18138",,,,,,,,,,"12,68","0,3148715","63,18138","12,68","0,371774","63,18125",,,,"12,68","0,4382133","63,18125","12,68","0,3670057","63,18125"
,,,"12,69","0,4342397","63,23138",,,,,,,,,,"12,69","0,3164609","63,23125","12,69","0,3730456","63,23125",,,,"12,69","0,4390081","63,23125","12,69","0,3649394","63,23125"
,,,"12,7","0,4324913","63,28138",,,,,,,,,,"12,7","0,3196398","63,28138","12,7","0,3754298","63,28125",,,,"12,7","0,4396439","63,28125","12,7","0,3650983","63,28125"
,,,"12,71","0,4277229","63,33113",,,,,,,,,,"12,71","0,3236135","63,33125","12,71","0,377655","63,33125",,,,"12,71","0,4412333","63,33125","12,71","0,3665288","63,33125"
,,,"12,72","0,4266103","63,38125",,,,,,,,,,"12,72","0,3275871","63,38138","12,72","0,3786087","63,38125",,,,"12,72","0,4440943","63,38125","12,72","0,3674825","63,38125"
,,,"12,73","0,4309019","63,43138",,,,,,,,,,"12,73","0,3296534","63,43138","12,73","0,3797213","63,43125",,,,"12,73","0,4485448","63,43125","12,73","0,3693899","63,43125"
,,,"12,74","0,4342397","63,48125",,,,,,,,,,"12,74","0,3315608","63,48125","12,74","0,3821055","63,48113",,,,"12,74","0,453949","63,48113","12,74","0,3706614","63,48113"
,,,"12,75","0,4380544","63,53113",,,,,,,,,,"12,75","0,3339449","63,53138","12,75","0,3849665","63,53125",,,,"12,75","0,45681","63,53125","12,75","0,3693899","63,53125"
,,,"12,76","0,4467964","63,58125",,,,,,,,,,"12,76","0,3356934","63,5815","12,76","0,3860792","63,58125",,,,"12,76","0,4541079","63,58125","12,76","0,3657341","63,58125"
,,,"12,77","0,4563332","63,63125",,,,,,,,,,"12,77","0,3363291","63,63125","12,77","0,3857613","63,63125",,,,"12,77","0,4445712","63,63125","12,77","0,3614426","63,63125"
,,,"12,78","0,4628499","63,68125",,,,,,,,,,"12,78","0,336806","63,68113","12,78","0,386397","63,68125",,,,"12,78","0,4321734","63,68125","12,78","0,3558795","63,68113"
,,,"12,79","0,4719099","63,731",,,,,,,,,,"12,79","0,3391902","63,73113","12,79","0,3871918","63,73125",,,,"12,79","0,4207293","63,73125","12,79","0,348409","63,73138"
,,,"12,8","0,4846255","63,78125",,,,,,,,,,"12,8","0,3420512","63,7815","12,8","0,3889402","63,78125",,,,"12,8","0,4111926","63,78138","12,8","0,3415743","63,78125"
,,,"12,81","0,4936854","63,83125",,,,,,,,,,"12,81","0,3452301","63,83138","12,81","0,392437","63,83125",,,,"12,81","0,4000664","63,83125","12,81","0,3356934","63,83125"
,,,"12,82","0,497818","63,88125",,,,,,,,,,"12,82","0,3487269","63,88125","12,82","0,3972054","63,88125",,,,"12,82","0,3876686","63,88125","12,82","0,3312429","63,88125"
,,,"12,83","0,4994074","63,93113",,,,,,,,,,"12,83","0,351429","63,93138","12,83","0,4014969","63,93138",,,,"12,83","0,3768603","63,93138","12,83","0,3288587","63,93138"
,,,"12,84","0,4973412","63,98113",,,,,,,,,,"12,84","0,3507932","63,98138","12,84","0,4043579","63,98138",,,,"12,84","0,368913","63,98138","12,84","0,3288587","63,98125"
,,,"12,85","0,4905065","64,03138",,,,,,,,,,"12,85","0,3490448","64,03125","12,85","0,4067421","64,03138",,,,"12,85","0,3619194","64,03138","12,85","0,3299713","64,03138"
,,,"12,86","0,4809698","64,08125",,,,,,,,,,"12,86","0,3495216","64,08113","12,86","0,4094442","64,08125",,,,"12,86","0,3555616","64,08125","12,86","0,3304482","64,08125"
,,,"12,87","0,4700025","64,13113",,,,,,,,,,"12,87","0,3530184","64,13113","12,87","0,4134178","64,13126",,,,"12,87","0,3499985","64,13138","12,87","0,3323555","64,13138"
,,,"12,88","0,4579226","64,18125",,,,,,,,,,"12,88","0,3563563","64,18125","12,88","0,418663","64,18138",,,,"12,88","0,345548","64,18138","12,88","0,3360113","64,18138"
,,,"12,89","0,448068","64,23125",,,,,,,,,,"12,89","0,357151","64,23138","12,89","0,4239082","64,23125",,,,"12,89","0,3423691","64,23125","12,89","0,3383954","64,23125"
,,,"12,9","0,4401207","64,28138",,,,,,,,,,"12,9","0,3563563","64,28125","12,9","0,4281998","64,28125",,,,"12,9","0,3407796","64,28113","12,9","0,3383954","64,28125"
,,,"12,91","0,4277229","64,33125",,,,,,,,,,"12,91","0,3539721","64,33138","12,91","0,4310608","64,33125",,,,"12,91","0,3404617","64,33125","12,91","0,3383954","64,33125"
,,,"12,92","0,4123052","64,38138",,,,,,,,,,"12,92","0,3503164","64,38138","12,92","0,4313787","64,38138",,,,"12,92","0,3410975","64,38138","12,92","0,3399849","64,38138"
,,,"12,93","0,3999074","64,43138",,,,,,,,,,"12,93","0,3466606","64,43138","12,93","0,4281998","64,43125",,,,"12,93","0,3436407","64,43125","12,93","0,342687","64,43125"
,,,"12,94","0,3913244","64,48138",,,,,,,,,,"12,94","0,3420512","64,48125","12,94","0,4237493","64,48112",,,,"12,94","0,3479322","64,481","12,94","0,345548","64,48112"
,,,"12,95","0,386397","64,53125",,,,,,,,,,"12,95","0,3376007","64,53138","12,95","0,4191399","64,53125",,,,"12,95","0,3515879","64,53125","12,95","0,3476143","64,53125"
,,,"12,96","0,3852844","64,58138",,,,,,,,,,"12,96","0,3323555","64,58125","12,96","0,4126231","64,58138",,,,"12,96","0,3527006","64,58125","12,96","0,3499985","64,58125"
,,,"12,97","0,3848076","64,63126",,,,,,,,,,"12,97","0,3261566","64,63126","12,97","0,4027685","64,63126",,,,"12,97","0,3555616","64,63126","12,97","0,3563563","64,63126"
,,,"12,98","0,3825823","64,68125",,,,,,,,,,"12,98","0,3209114","64,68138","12,98","0,3921191","64,68113",,,,"12,98","0,3625552","64,68113","12,98","0,3638268","64,68113"
,,,"12,99","0,3824234","64,73125",,,,,,,,,,"12,99","0,3174146","64,73138","12,99","0,3813108","64,73112",,,,"12,99","0,368913","64,73125","12,99","0,3685951","64,73125"
,,,"13","0,3825823","64,78138",,,,,,,,,,"13","0,3148715","64,78138","13","0,3709793","64,78125",,,,"13","0,3720919","64,78125","13","0,3722509","64,78125"
,,,"13,01","0,380834","64,83138",,,,,,,,,,"13,01","0,3102621","64,83138","13,01","0,3614426","64,83125",,,,"13,01","0,3738403","64,83113","13,01","0,3773371","64,83125"
,,,"13,02","0,380834","64,88138",,,,,,,,,,"13,02","0,3034274","64,88126","13,02","0,3530184","64,881",,,,"13,02","0,3765424","64,881","13,02","0,3800392","64,88113"
,,,"13,03","0,383695","64,93125",,,,,,,,,,"13,03","0,2978643","64,93138","13,03","0,3447533","64,93113",,,,"13,03","0,3797213","64,93113","13,03","0,3784498","64,93113"
,,,"13,04","0,3849665","64,98138",,,,,,,,,,"13,04","0,2946854","64,98151","13,04","0,3372828","64,98125",,,,"13,04","0,383695","64,98125","13,04","0,3765424","64,98112"
,,,"13,05","0,3841718","65,03138",,,,,,,,,,"13,05","0,2915064","65,0315","13,05","0,3320376","65,03125",,,,"13,05","0,3884633","65,03125","13,05","0,3768603","65,03125"
,,,"13,06","0,3849665","65,08138",,,,,,,,,,"13,06","0,2873739","65,08138","13,06","0,3283819","65,081",,,,"13,06","0,3927549","65,081","13,06","0,3773371","65,081"
,,,"13,07","0,3884633","65,13126",,,,,,,,,,"13,07","0,283877","65,13138","13,07","0,3256798","65,13113",,,,"13,07","0,3964106","65,13113","13,07","0,3762245","65,13113"
,,,"13,08","0,3916422","65,18138",,,,,,,,,,"13,08","0,2827644","65,1815","13,08","0,3244082","65,18125",,,,"13,08","0,4016558","65,18125","13,08","0,3738403","65,18113"
,,,"13,09","0,3937086","65,23125",,,,,,,,,,"13,09","0,2834002","65,23138","13,09","0,3256798","65,23112",,,,"13,09","0,4094442","65,23112","13,09","0,3701846","65,23112"
,,,"13,1","0,3975233","65,28125",,,,,,,,,,"13,1","0,2835592","65,2815","13,1","0,3304482","65,28113",,,,"13,1","0,4181862","65,28113","13,1","0,365893","65,28113"
,,,"13,11","0,4019737","65,33125",,,,,,,,,,"13,11","0,283877","65,3315","13,11","0,3376007","65,33113",,,,"13,11","0,4237493","65,33125","13,11","0,3614426","65,33125"
,,,"13,12","0,4038811","65,38126",,,,,,,,,,"13,12","0,287056","65,3815","13,12","0,3431638","65,38126",,,,"13,12","0,4250208","65,38126","13,12","0,3585815","65,38126"
,,,"13,13","0,4043579","65,43138",,,,,,,,,,"13,13","0,2930959","65,43138","13,13","0,3474554","65,43113",,,,"13,13","0,4261335","65,43125","13,13","0,3566742","65,43125"
,,,"13,14","0,4064242","65,48125",,,,,,,,,,"13,14","0,2985001","65,48125","13,14","0,3523827","65,48112",,,,"13,14","0,4281998","65,48112","13,14","0,3531774","65,481"
,,,"13,15","0,4096031","65,53125",,,,,,,,,,"13,15","0,3010432","65,53138","13,15","0,3595352","65,53125",,,,"13,15","0,4302661","65,53125","13,15","0,3468195","65,53125"
,,,"13,16","0,4134178","65,58138",,,,,,,,,,"13,16","0,3021558","65,5815","13,16","0,3673235","65,58125",,,,"13,16","0,4318555","65,58113","13,16","0,3418922","65,58113"
,,,"13,17","0,4159609","65,63138",,,,,,,,,,"13,17","0,3040632","65,6315","13,17","0,3741582","65,63126",,,,"13,17","0,4342397","65,63126","13,17","0,3407796","65,63126"
,,,"13,18","0,4162788","65,68125",,,,,,,,,,"13,18","0,3085136","65,68125","13,18","0,3809929","65,68113",,,,"13,18","0,4388491","65,68113","13,18","0,3372828","65,68113"
,,,"13,19","0,4162788","65,73125",,,,,,,,,,"13,19","0,3140768","65,73125","13,19","0,3871918","65,73125",,,,"13,19","0,4428228","65,73125","13,19","0,330925","65,73125"
,,,"13,2","0,4178683","65,78138",,,,,,,,,,"13,2","0,3166199","65,7815","13,2","0,3916422","65,78125",,,,"13,2","0,4445712","65,78138","13,2","0,328064","65,78125"
,,,"13,21","0,4199346","65,83125",,,,,,,,,,"13,21","0,3164609","65,83138","13,21","0,3935496","65,83113",,,,"13,21","0,4432996","65,83125","13,21","0,328064","65,83125"
,,,"13,22","0,4210472","65,88126",,,,,,,,,,"13,22","0,3156662","65,88138","13,22","0,3940264","65,88126",,,,"13,22","0,439326","65,88126","13,22","0,3261566","65,88113"
,,,"13,23","0,4218419","65,93125",,,,,,,,,,"13,23","0,3164609","65,93125","13,23","0,3943443","65,93138",,,,"13,23","0,4345576","65,93125","13,23","0,3252029","65,93138"
,,,"13,24","0,4199346","65,98125",,,,,,,,,,"13,24","0,3174146","65,98138","13,24","0,3937086","65,98125",,,,"13,24","0,4321734","65,98125","13,24","0,3272692","65,98138"
,,,"13,25","0,4175504","66,03125",,,,,,,,,,"13,25","0,3185272","66,03138","13,25","0,3927549","66,03138",,,,"13,25","0,433445","66,03125","13,25","0,3293355","66,03138"
,,,"13,26","0,4162788","66,08125",,,,,,,,,,"13,26","0,3180504","66,08125","13,26","0,3916422","66,08125",,,,"13,26","0,4348755","66,08113","13,26","0,3320376","66,08113"
,,,"13,27","0,4130999","66,13113",,,,,,,,,,"13,27","0,3166199","66,13113","13,27","0,3913244","66,13138",,,,"13,27","0,4340807","66,13138","13,27","0,3383954","66,13138"
,,,"13,28","0,4086494","66,18138",,,,,,,,,,"13,28","0,3177325","66,18138","13,28","0,3921191","66,18138",,,,"13,28","0,4301071","66,18138","13,28","0,3444354","66,18138"
,,,"13,29","0,4059474","66,23125",,,,,,,,,,"13,29","0,3209114","66,23125","13,29","0,392437","66,23125",,,,"13,29","0,4221598","66,23125","13,29","0,3471375","66,23125"
,,,"13,3","0,4035632","66,28125",,,,,,,,,,"13,3","0,3240903","66,28125","13,3","0,3911654","66,28125",,,,"13,3","0,4111926","66,28125","13,3","0,348409","66,28125"
,,,"13,31","0,3991127","66,33125",,,,,,,,,,"13,31","0,3261566","66,33113","13,31","0,3897349","66,33125",,,,"13,31","0,4008611","66,33125","13,31","0,3495216","66,33125"
,,,"13,32","0,3956159","66,38138",,,,,,,,,,"13,32","0,3267924","66,38138","13,32","0,3903707","66,38138",,,,"13,32","0,3929138","66,38138","13,32","0,3498395","66,38138"
,,,"13,33","0,392437","66,43125",,,,,,,,,,"13,33","0,3259977","66,43138","13,33","0,3919601","66,43125",,,,"13,33","0,3860792","66,43125","13,33","0,3523827","66,43125"
,,,"13,34","0,386556","66,48125",,,,,,,,,,"13,34","0,324885","66,48125","13,34","0,3935496","66,48112",,,,"13,34","0,3789266","66,481","13,34","0,3582636","66,481"
,,,"13,35","0,3800392","66,53125",,,,,,,,,,"13,35","0,3259977","66,53138","13,35","0,3959338","66,53125",,,,"13,35","0,3706614","66,53113","13,35","0,3627141","66,53125"
,,,"13,36","0,3746351","66,58125",,,,,,,,,,"13,36","0,3277461","66,58138","13,36","0,3976822","66,58138",,,,"13,36","0,3627141","66,58125","13,36","0,3641447","66,58125"
,,,"13,37","0,368913","66,63126",,,,,,,,,,"13,37","0,328064","66,63126","13,37","0,3987948","66,63126",,,,"13,37","0,3566742","66,63126","13,37","0,365893","66,63126"
,,,"13,38","0,3617605","66,68125",,,,,,,,,,"13,38","0,3277461","66,68113","13,38","0,4000664","66,68113",,,,"13,38","0,3527006","66,68113","13,38","0,3681183","66,68125"
,,,"13,39","0,3555616","66,73125",,,,,,,,,,"13,39","0,3288587","66,73112","13,39","0,4024506","66,73112",,,,"13,39","0,3487269","66,73112","13,39","0,3678004","66,73112"
,,,"13,4","0,3519058","66,78138",,,,,,,,,,"13,4","0,3315608","66,78138","13,4","0,4067421","66,78125",,,,"13,4","0,3444354","66,78125","13,4","0,3665288","66,78125"
,,,"13,41","0,3487269","66,83138",,,,,,,,,,"13,41","0,3339449","66,83125","13,41","0,4118284","66,83125",,,,"13,41","0,3420512","66,83113","13,41","0,365893","66,83113"
,,,"13,42","0,3458659","66,88126",,,,,,,,,,"13,42","0,3360113","66,88126","13,42","0,415802","66,88113",,,,"13,42","0,3428459","66,88113","13,42","0,3643036","66,88113"
,,,"13,43","0,3442764","66,93138",,,,,,,,,,"13,43","0,3364881","66,93125","13,43","0,418663","66,93113",,,,"13,43","0,3463427","66,93125","13,43","0,3609657","66,93125"
,,,"13,44","0,3434817","66,98125",,,,,,,,,,"13,44","0,3352165","66,98151","13,44","0,4221598","66,98112",,,,"13,44","0,3506342","66,98125","13,44","0,3585815","66,98125"
,,,"13,45","0,3423691","67,03138",,,,,,,,,,"13,45","0,3347397","67,03138","13,45","0,424703","67,03113",,,,"13,45","0,3539721","67,03125","13,45","0,3563563","67,03113"
,,,"13,46","0,3412565","67,08125",,,,,,,,,,"13,46","0,3356934","67,08125","13,46","0,4254977","67,08113",,,,"13,46","0,3574689","67,08113","13,46","0,351429","67,081"
,,,"13,47","0,3418922","67,13126",,,,,,,,,,"13,47","0,336806","67,13138","13,47","0,4261335","67,13126",,,,"13,47","0,3606478","67,13126","13,47","0,3463427","67,13126"
,,,"13,48","0,3452301","67,1815",,,,,,,,,,"13,48","0,3364881","67,18138","13,48","0,4250208","67,18113",,,,"13,48","0,3622373","67,18125","13,48","0,3444354","67,18113"
,,,"13,49","0,351429","67,23138",,,,,,,,,,"13,49","0,3356934","67,23138","13,49","0,4218419","67,23125",,,,"13,49","0,363032","67,23125","13,49","0,3434817","67,23125"
,,,"13,5","0,3563563","67,28138",,,,,,,,,,"13,5","0,3356934","67,28138","13,5","0,4183451","67,28113",,,,"13,5","0,3657341","67,28125","13,5","0,3418922","67,28113"
,,,"13,51","0,3593763","67,33138",,,,,,,,,,"13,51","0,3360113","67,33138","13,51","0,415802","67,33125",,,,"13,51","0,369072","67,33125","13,51","0,339667","67,33138"
,,,"13,52","0,3617605","67,38138",,,,,,,,,,"13,52","0,3347397","67,38138","13,52","0,4103979","67,38126",,,,"13,52","0,371774","67,38126","13,52","0,3379186","67,38126"
,,,"13,53","0,3654162","67,43138",,,,,,,,,,"13,53","0,3304482","67,4315","13,53","0,4016558","67,43113",,,,"13,53","0,3722509","67,43125","13,53","0,3371239","67,43125"
,,,"13,54","0,3698667","67,48125",,,,,,,,,,"13,54","0,324885","67,48125","13,54","0,392437","67,48112",,,,"13,54","0,3725688","67,48112","13,54","0,3376007","67,48112"
,,,"13,55","0,3768603","67,53125",,,,,,,,,,"13,55","0,3196398","67,53138","13,55","0,3848076","67,53125",,,,"13,55","0,3746351","67,53125","13,55","0,3388723","67,53125"
,,,"13,56","0,3844897","67,5815",,,,,,,,,,"13,56","0,3148715","67,58138","13,56","0,377814","67,58113",,,,"13,56","0,3792445","67,58113","13,56","0,3387133","67,58113"
,,,"13,57","0,3903707","67,63138",,,,,,,,,,"13,57","0,3097852","67,63138","13,57","0,3725688","67,63126",,,,"13,57","0,3856023","67,63113","13,57","0,3380775","67,63126"
,,,"13,58","0,3929138","67,68138",,,,,,,,,,"13,58","0,3050168","67,68113","13,58","0,3678004","67,68113",,,,"13,58","0,3919601","67,68113","13,58","0,3391902","67,68113"
,,,"13,59","0,395298","67,73112",,,,,,,,,,"13,59","0,3005663","67,73125","13,59","0,3611247","67,73112",,,,"13,59","0,3951391","67,73112","13,59","0,3420512","67,73112"
,,,"13,6","0,3976822","67,78138",,,,,,,,,,"13,6","0,2962748","67,7815","13,6","0,35429","67,78125",,,,"13,6","0,3956159","67,78125","13,6","0,3450712","67,78125"
,,,"13,61","0,3999074","67,83138",,,,,,,,,,"13,61","0,2930959","67,83138","13,61","0,3499985","67,83125",,,,"13,61","0,3951391","67,83113","13,61","0,3466606","67,83113"
,,,"13,62","0,4030863","67,88138",,,,,,,,,,"13,62","0,2913475","67,88126","13,62","0,3487269","67,88113",,,,"13,62","0,395298","67,88126","13,62","0,348409","67,88113"
,,,"13,63","0,4078547","67,93125",,,,,,,,,,"13,63","0,2886454","67,93125","13,63","0,3490448","67,93125",,,,"13,63","0,3968875","67,93125","13,63","0,351429","67,93125"
,,,"13,64","0,4107157","67,98138",,,,,,,,,,"13,64","0,2843539","67,98138","13,64","0,3492037","67,98125",,,,"13,64","0,401179","67,98112","13,64","0,35429","67,98125"
,,,"13,65","0,4102389","68,03138",,,,,,,,,,"13,65","0,281175","68,03125","13,65","0,3490448","68,03125",,,,"13,65","0,40706","68,03125","13,65","0,3561974","68,03125"
,,,"13,66","0,4096031","68,08125",,,,,,,,,,"13,66","0,2787908","68,08113","13,66","0,3487269","68,08113",,,,"13,66","0,4110336","68,08125","13,66","0,3561974","68,08113"
,,,"13,67","0,4115105","68,13113",,,,,,,,,,"13,67","0,2764066","68,13113","13,67","0,3506342","68,13126",,,,"13,67","0,4130999","68,13126","13,67","0,3550847","68,13126"
,,,"13,68","0,4135768","68,18125",,,,,,,,,,"13,68","0,2762477","68,18138","13,68","0,3547668","68,18125",,,,"13,68","0,4162788","68,18138","13,68","0,35429","68,18125"
,,,"13,69","0,4151662","68,23125",,,,,,,,,,"13,69","0,2802213","68,23125","13,69","0,360171","68,23112",,,,"13,69","0,4197756","68,23112","13,69","0,35429","68,23125"
,,,"13,7","0,4170736","68,28125",,,,,,,,,,"13,7","0,2854665","68,28125","13,7","0,3638268","68,28125",,,,"13,7","0,4207293","68,28113","13,7","0,35429","68,28125"
,,,"13,71","0,4167557","68,33113",,,,,,,,,,"13,71","0,2878507","68,33125","13,71","0,3662109","68,33125",,,,"13,71","0,4207293","68,33125","13,71","0,3539721","68,33125"
,,,"13,72","0,4134178","68,38126",,,,,,,,,,"13,72","0,2875328","68,38126","13,72","0,3693899","68,38138",,,,"13,72","0,4226367","68,38138","13,72","0,3555616","68,38126"
,,,"13,73","0,4088084","68,43125",,,,,,,,,,"13,73","0,2875328","68,43138","13,73","0,3728867","68,43125",,,,"13,73","0,4269282","68,43125","13,73","0,3585815","68,43125"
,,,"13,74","0,40404","68,48112",,,,,,,,,,"13,74","0,2902349","68,48125","13,74","0,3749529","68,481",,,,"13,74","0,4342397","68,481","13,74","0,360171","68,481"
,,,"13,75","0,3984769","68,53113",,,,,,,,,,"13,75","0,2961159","68,53138","13,75","0,3760656","68,53113",,,,"13,75","0,4444122","68,53113","13,75","0,36033","68,53113"
,,,"13,76","0,3921191","68,58125",,,,,,,,,,"13,76","0,3021558","68,58138","13,76","0,377655","68,58125",,,,"13,76","0,4544258","68,58125","13,76","0,3595352","68,58125"
,,,"13,77","0,3852844","68,63113",,,,,,,,,,"13,77","0,3050168","68,63138","13,77","0,3800392","68,63126",,,,"13,77","0,4631678","68,63126","13,77","0,3595352","68,63126"
,,,"13,78","0,3770193","68,68125",,,,,,,,,,"13,78","0,3061295","68,68125","13,78","0,3825823","68,68125",,,,"13,78","0,471433","68,68113","13,78","0,3606478","68,68113"
,,,"13,79","0,368913","68,73112",,,,,,,,,,"13,79","0,3081957","68,73138","13,79","0,3848076","68,73112",,,,"13,79","0,4766782","68,73112","13,79","0,3611247","68,73112"
,,,"13,8","0,3625552","68,78125",,,,,,,,,,"13,8","0,3108978","68,78138","13,8","0,3857613","68,78138",,,,"13,8","0,4777908","68,78138","13,8","0,3593763","68,78138"
,,,"13,81","0,3555616","68,83125",,,,,,,,,,"13,81","0,3129641","68,83125","13,81","0,386397","68,83125",,,,"13,81","0,4763603","68,83113","13,81","0,3566742","68,83125"
,,,"13,82","0,3471375","68,88113",,,,,,,,,,"13,82","0,3158251","68,88113","13,82","0,3860792","68,88113",,,,"13,82","0,4755656","68,88113","13,82","0,3555616","68,88113"
,,,"13,83","0,339667","68,93113",,,,,,,,,,"13,83","0,3197988","68,931","13,83","0,386397","68,93125",,,,"13,83","0,4730225","68,93125","13,83","0,3546079","68,93125"
,,,"13,84","0,3364881","68,98138",,,,,,,,,,"13,84","0,322183","68,98125","13,84","0,3881454","68,98125",,,,"13,84","0,4663467","68,98125","13,84","0,351429","68,98125"
,,,"13,85","0,3348986","69,03125",,,,,,,,,,"13,85","0,3225009","69,03138","13,85","0,3911654","69,03125",,,,"13,85","0,4583994","69,03125","13,85","0,3487269","69,03138"
,,,"13,86","0,3331502","69,08125",,,,,,,,,,"13,86","0,3240903","69,08138","13,86","0,3932317","69,08113",,,,"13,86","0,4501343","69,08113","13,86","0,348409","69,08113"
,,,"13,87","0,3323555","69,13126",,,,,,,,,,"13,87","0,3288587","69,13126","13,87","0,3937086","69,13126",,,,"13,87","0,4409154","69,13138","13,87","0,3498395","69,13126"
,,,"13,88","0,3331502","69,18138",,,,,,,,,,"13,88","0,3328323","69,1815","13,88","0,3948212","69,18125",,,,"13,88","0,4316966","69,18125","13,88","0,3511111","69,18125"
,,,"13,89","0,3352165","69,23138",,,,,,,,,,"13,89","0,3331502","69,23125","13,89","0,3984769","69,23125",,,,"13,89","0,4237493","69,23125","13,89","0,3515879","69,23125"
,,,"13,9","0,3391902","69,28125",,,,,,,,,,"13,9","0,3323555","69,28138","13,9","0,4038811","69,28125",,,,"13,9","0,4165967","69,28125","13,9","0,351429","69,28125"
,,,"13,91","0,3436407","69,33125",,,,,,,,,,"13,91","0,3323555","69,33125","13,91","0,4072189","69,33125",,,,"13,91","0,4086494","69,33138","13,91","0,3519058","69,33138"
,,,"13,92","0,3474554","69,3815",,,,,,,,,,"13,92","0,3325144","69,38126","13,92","0,4091263","69,38138",,,,"13,92","0,4007021","69,38138","13,92","0,3534953","69,38126"
,,,"13,93","0,3519058","69,4315",,,,,,,,,,"13,93","0,3328323","69,4315","13,93","0,4115105","69,43125",,,,"13,93","0,3945033","69,43125","13,93","0,3546079","69,43125"
,,,"13,94","0,3579458","69,48138",,,,,,,,,,"13,94","0,3331502","69,48138","13,94","0,4146894","69,48112",,,,"13,94","0,3905296","69,48112","13,94","0,3547668","69,48112"
,,,"13,95","0,3649394","69,53138",,,,,,,,,,"13,95","0,3352165","69,53125","13,95","0,4175504","69,53138",,,,"13,95","0,3887812","69,53138","13,95","0,3546079","69,53138"
,,,"13,96","0,3701846","69,5815",,,,,,,,,,"13,96","0,336806","69,58138","13,96","0,4194578","69,58125",,,,"13,96","0,3887812","69,58125","13,96","0,35429","69,58125"
,,,"13,97","0,3730456","69,63138",,,,,,,,,,"13,97","0,3363291","69,63138","13,97","0,4207293","69,63126",,,,"13,97","0,3900528","69,63126","13,97","0,3531774","69,63138"
,,,"13,98","0,3760656","69,68138",,,,,,,,,,"13,98","0,3347397","69,68125","13,98","0,4221598","69,68125",,,,"13,98","0,3919601","69,68125","13,98","0,3522237","69,68125"
,,,"13,99","0,3797213","69,73112",,,,,,,,,,"13,99","0,3336271","69,73112","13,99","0,4231135","69,73138",,,,"13,99","0,3945033","69,73138","13,99","0,3523827","69,73138"
,,,"14","0,3840128","69,78138",,,,,,,,,,"14","0,3328323","69,78138","14","0,4226367","69,78138",,,,"14","0,3976822","69,78138","14","0,3538132","69,78138"
,,,"14,01","0,3884633","69,83138",,,,,,,,,,"14,01","0,3315608","69,83125","14,01","0,4205704","69,83138",,,,"14,01","0,4003843","69,83125","14,01","0,3555616","69,83138"
,,,"14,02","0,3921191","69,88126",,,,,,,,,,"14,02","0,3312429","69,88126","14,02","0,4165967","69,88126",,,,"14,02","0,40404","69,88126","14,02","0,3577868","69,88126"
,,,"14,03","0,3921191","69,93125",,,,,,,,,,"14,03","0,3323555","69,93138","14,03","0,409921","69,93138",,,,"14,03","0,4094442","69,93138","14,03","0,3598531","69,93138"
,,,"14,04","0,389576","69,98125",,,,,,,,,,"14,04","0,3344218","69,98138","14,04","0,4016558","69,98125",,,,"14,04","0,4135768","69,98125","14,04","0,3598531","69,98125"
,,,"14,05","0,3873507","70,03138",,,,,,,,,,"14,05","0,3363291","70,03138","14,05","0,3927549","70,03125",,,,"14,05","0,4143715","70,03125","14,05","0,3582636","70,03125"
,,,"14,06","0,3840128","70,08113",,,,,,,,,,"14,06","0,3363291","70,08125","14,06","0,3825823","70,08113",,,,"14,06","0,4119873","70,08113","14,06","0,3577868","70,08113"
,,,"14,07","0,3794034","70,13113",,,,,,,,,,"14,07","0,3339449","70,13138","14,07","0,3720919","70,13126",,,,"14,07","0,4094442","70,13126","14,07","0,3582636","70,13126"
,,,"14,08","0,3768603","70,18138",,,,,,,,,,"14,08","0,3315608","70,18138","14,08","0,3619194","70,18125",,,,"14,08","0,4072189","70,18125","14,08","0,357151","70,18125"
,,,"14,09","0,3760656","70,23112",,,,,,,,,,"14,09","0,3315608","70,23125","14,09","0,3515879","70,23112",,,,"14,09","0,4062653","70,23112","14,09","0,3550847","70,23112"
,,,"14,1","0,3728867","70,28125",,,,,,,,,,"14,1","0,3325144","70,28125","14,1","0,3423691","70,28113",,,,"14,1","0,4062653","70,28113","14,1","0,3531774","70,28113"
,,,"14,11","0,3678004","70,33125",,,,,,,,,,"14,11","0,330925","70,33138","14,11","0,3348986","70,33125",,,,"14,11","0,4075368","70,33125","14,11","0,351429","70,33113"
,,,"14,12","0,3643036","70,38126",,,,,,,,,,"14,12","0,3269514","70,3815","14,12","0,3301302","70,38138",,,,"14,12","0,4088084","70,38126","14,12","0,3495216","70,38126"
,,,"14,13","0,3625552","70,43125",,,,,,,,,,"14,13","0,3237724","70,4315","14,13","0,3267924","70,43113",,,,"14,13","0,409921","70,43125","14,13","0,348409","70,43125"
,,,"14,14","0,3585815","70,48125",,,,,,,,,,"14,14","0,3204346","70,48125","14,14","0,3232956","70,481",,,,"14,14","0,4110336","70,48112","14,14","0,348409","70,48112"
,,,"14,15","0,3534953","70,53125",,,,,,,,,,"14,15","0,3158251","70,53138","14,15","0,322183","70,53113",,,,"14,15","0,4110336","70,53113","14,15","0,348409","70,53125"
,,,"14,16","0,3507932","70,58138",,,,,,,,,,"14,16","0,3116926","70,58138","14,16","0,3237724","70,58125",,,,"14,16","0,4111926","70,58125","14,16","0,3463427","70,58125"
,,,"14,17","0,3495216","70,63126",,,,,,,,,,"14,17","0,3096263","70,63138","14,17","0,3275871","70,63126",,,,"14,17","0,4138947","70,63126","14,17","0,3436407","70,63126"
,,,"14,18","0,3468195","70,68125",,,,,,,,,,"14,18","0,3080368","70,68125","14,18","0,3312429","70,68113",,,,"14,18","0,418663","70,68113","14,18","0,3434817","70,68113"
,,,"14,19","0,3420512","70,73125",,,,,,,,,,"14,19","0,3061295","70,73125","14,19","0,3336271","70,73125",,,,"14,19","0,4221598","70,73125","14,19","0,345548","70,73112"
,,,"14,2","0,3383954","70,78138",,,,,,,,,,"14,2","0,3040632","70,7815","14,2","0,3348986","70,78125",,,,"14,2","0,4237493","70,78125","14,2","0,3476143","70,78138"
,,,"14,21","0,3372828","70,83125",,,,,,,,,,"14,21","0,3021558","70,83138","14,21","0,3364881","70,83125",,,,"14,21","0,424544","70,83113","14,21","0,3482501","70,83125"
,,,"14,22","0,3383954","70,88113",,,,,,,,,,"14,22","0,3021558","70,88138","14,22","0,3410975","70,88113",,,,"14,22","0,4253387","70,88113","14,22","0,3490448","70,88113"
,,,"14,23","0,3399849","70,93113",,,,,,,,,,"14,23","0,3032684","70,9315","14,23","0,3468195","70,93125",,,,"14,23","0,4258156","70,93125","14,23","0,351429","70,93113"
,,,"14,24","0,3410975","70,98125",,,,,,,,,,"14,24","0,3018379","70,98151","14,24","0,3522237","70,98125",,,,"14,24","0,4266103","70,98125","14,24","0,35429","70,98138"
,,,"14,25","0,3420512","71,03125",,,,,,,,,,"14,25","0,3005663","71,0315","14,25","0,357151","71,03125",,,,"14,25","0,4286766","71,03125","14,25","0,3561974","71,03125"
,,,"14,26","0,3428459","71,08125",,,,,,,,,,"14,26","0,3021558","71,0815","14,26","0,3617605","71,081",,,,"14,26","0,4316966","71,081","14,26","0,3566742","71,081"
,,,"14,27","0,3442764","71,13126",,,,,,,,,,"14,27","0,3048579","71,13138","14,27","0,3641447","71,13126",,,,"14,27","0,4340807","71,13126","14,27","0,3566742","71,13138"
,,,"14,28","0,3476143","71,18138",,,,,,,,,,"14,28","0,3064474","71,1815","14,28","0,3641447","71,18125",,,,"14,28","0,4372597","71,18138","14,28","0,3561974","71,18125"
,,,"14,29","0,3531774","71,23125",,,,,,,,,,"14,29","0,3069242","71,23138","14,29","0,3635089","71,23125",,,,"14,29","0,4432996","71,23125","14,29","0,3561974","71,23125"
,,,"14,3","0,3590584","71,28125",,,,,,,,,,"14,3","0,3081957","71,28138","14,3","0,3641447","71,28125",,,,"14,3","0,4515648","71,28125","14,3","0,3577868","71,28125"
,,,"14,31","0,3635089","71,33125",,,,,,,,,,"14,31","0,3085136","71,33138","14,31","0,3654162","71,33125",,,,"14,31","0,4583994","71,33125","14,31","0,3593763","71,33125"
,,,"14,32","0,3673235","71,38138",,,,,,,,,,"14,32","0,3072421","71,3815","14,32","0,3657341","71,38126",,,,"14,32","0,462691","71,38138","14,32","0,3595352","71,38138"
,,,"14,33","0,3714561","71,43138",,,,,,,,,,"14,33","0,307401","71,4315","14,33","0,3662109","71,43125",,,,"14,33","0,4644394","71,43125","14,33","0,3595352","71,43125"
,,,"14,34","0,3768603","71,48125",,,,,,,,,,"14,34","0,3101031","71,48112","14,34","0,3673235","71,48112",,,,"14,34","0,4634857","71,481","14,34","0,360171","71,481"
,,,"14,35","0,383695","71,53125",,,,,,,,,,"14,35","0,3108978","71,53125","14,35","0,3681183","71,53125",,,,"14,35","0,4603068","71,53125","14,35","0,3590584","71,53125"
,,,"14,36","0,3905296","71,58138",,,,,,,,,,"14,36","0,3110568","71,58138","14,36","0,369072","71,58125",,,,"14,36","0,4560153","71,58125","14,36","0,357151","71,58125"
,,,"14,37","0,3959338","71,63138",,,,,,,,,,"14,37","0,3129641","71,63138","14,37","0,3714561","71,63126",,,,"14,37","0,4525185","71,63126","14,37","0,3561974","71,63126"
,,,"14,38","0,4000664","71,68125",,,,,,,,,,"14,38","0,3140768","71,68125","14,38","0,3744761","71,68113",,,,"14,38","0,4499753","71,68113","14,38","0,3555616","71,68125"
,,,"14,39","0,4035632","71,73112",,,,,,,,,,"14,39","0,3142357","71,73125","14,39","0,3773371","71,73125",,,,"14,39","0,4444122","71,73125","14,39","0,3550847","71,73125"
,,,"14,4","0,4067421","71,78138",,,,,,,,,,"14,4","0,316143","71,78138","14,4","0,3797213","71,78125",,,,"14,4","0,4353523","71,78125","14,4","0,3539721","71,78125"
,,,"14,41","0,4094442","71,83138",,,,,,,,,,"14,41","0,3185272","71,83138","14,41","0,3816287","71,83125",,,,"14,41","0,4261335","71,83125","14,41","0,3522237","71,83113"
,,,"14,42","0,4126231","71,88126",,,,,,,,,,"14,42","0,3196398","71,88126","14,42","0,3829002","71,88113",,,,"14,42","0,4189809","71,88113","14,42","0,3506342","71,88126"
,,,"14,43","0,4151662","71,93125",,,,,,,,,,"14,43","0,3204346","71,93125","14,43","0,3857613","71,93125",,,,"14,43","0,4134178","71,93125","14,43","0,3503164","71,93125"
,,,"14,44","0,4146894","71,98125",,,,,,,,,,"14,44","0,3228188","71,98125","14,44","0,3903707","71,98125",,,,"14,44","0,4088084","71,98125","14,44","0,3495216","71,98125"
,,,"14,45","0,4111926","72,03138",,,,,,,,,,"14,45","0,3252029","72,03138","14,45","0,3937086","72,03125",,,,"14,45","0,4078547","72,03125","14,45","0,3468195","72,03125"
,,,"14,46","0,4048347","72,08125",,,,,,,,,,"14,46","0,3272692","72,08125","14,46","0,3956159","72,08113",,,,"14,46","0,4083315","72,08113","14,46","0,3434817","72,08113"
,,,"14,47","0,3959338","72,13113",,,,,,,,,,"14,47","0,3315608","72,13126","14,47","0,3976822","72,13126",,,,"14,47","0,4083315","72,13126","14,47","0,3418922","72,13126"
,,,"14,48","0,3856023","72,18138",,,,,,,,,,"14,48","0,3371239","72,18138","14,48","0,4000664","72,18125",,,,"14,48","0,4083315","72,18113","14,48","0,3418922","72,18125"
,,,"14,49","0,3762245","72,23125",,,,,,,,,,"14,49","0,3403028","72,23138","14,49","0,4032453","72,23112",,,,"14,49","0,4086494","72,23112","14,49","0,3434817","72,23112"
,,,"14,5","0,3678004","72,28125",,,,,,,,,,"14,5","0,3410975","72,28138","14,5","0,4067421","72,28113",,,,"14,5","0,4086494","72,28113","14,5","0,345548","72,28113"
,,,"14,51","0,3574689","72,33125",,,,,,,,,,"14,51","0,3434817","72,33125","14,51","0,4094442","72,33113",,,,"14,51","0,4086494","72,33125","14,51","0,3471375","72,33125"
,,,"14,52","0,3466606","72,38126",,,,,,,,,,"14,52","0,3479322","72,38138","14,52","0,4110336","72,38126",,,,"14,52","0,409921","72,38126","14,52","0,3479322","72,38126"
,,,"14,53","0,3371239","72,43138",,,,,,,,,,"14,53","0,3530184","72,43138","14,53","0,4130999","72,43125",,,,"14,53","0,4115105","72,43125","14,53","0,3487269","72,43125"
,,,"14,54","0,3291766","72,48125",,,,,,,,,,"14,54","0,3574689","72,48125","14,54","0,415802","72,481",,,,"14,54","0,4118284","72,481","14,54","0,3498395","72,481"
,,,"14,55","0,3213882","72,53125",,,,,,,,,,"14,55","0,363032","72,53138","14,55","0,415802","72,53125",,,,"14,55","0,4102389","72,53113","14,55","0,3506342","72,53113"
,,,"14,56","0,3153483","72,58138",,,,,,,,,,"14,56","0,3666878","72,5815","14,56","0,4138947","72,58125",,,,"14,56","0,4075368","72,58125","14,56","0,3523827","72,58125"
,,,"14,57","0,3124873","72,63126",,,,,,,,,,"14,57","0,3662109","72,63138","14,57","0,412782","72,63113",,,,"14,57","0,4051526","72,63113","14,57","0,3558795","72,63113"
,,,"14,58","0,3108978","72,68138",,,,,,,,,,"14,58","0,3650983","72,68125","14,58","0,4115105","72,68113",,,,"14,58","0,4046758","72,68113","14,58","0,357151","72,68113"
,,,"14,59","0,3097852","72,73125",,,,,,,,,,"14,59","0,3649394","72,73125","14,59","0,40706","72,73112",,,,"14,59","0,4051526","72,73112","14,59","0,3555616","72,73112"
,,,"14,6","0,3101031","72,78138",,,,,,,,,,"14,6","0,3633499","72,7815","14,6","0,3992716","72,78125",,,,"14,6","0,4054705","72,78125","14,6","0,3555616","72,78125"
,,,"14,61","0,3118515","72,83138",,,,,,,,,,"14,61","0,3609657","72,83125","14,61","0,3897349","72,83125",,,,"14,61","0,4062653","72,83125","14,61","0,357151","72,83113"
,,,"14,62","0,3150304","72,88138",,,,,,,,,,"14,62","0,3593763","72,88138","14,62","0,3794034","72,881",,,,"14,62","0,4094442","72,881","14,62","0,3547668","72,88113"
,,,"14,63","0,3197988","72,93138",,,,,,,,,,"14,63","0,3566742","72,93125","14,63","0,3693899","72,93113",,,,"14,63","0,4138947","72,93113","14,63","0,351429","72,93113"
,,,"14,64","0,3252029","72,98138",,,,,,,,,,"14,64","0,3499985","72,98138","14,64","0,3598531","72,98112",,,,"14,64","0,4189809","72,98125","14,64","0,3527006","72,98125"
,,,"14,65","0,3293355","73,0315",,,,,,,,,,"14,65","0,3420512","73,03125","14,65","0,3499985","73,03125",,,,"14,65","0,4239082","73,03113","14,65","0,3534953","73,03125"
,,,"14,66","0,3336271","73,08138",,,,,,,,,,"14,66","0,3356934","73,08125","14,66","0,339667","73,08113",,,,"14,66","0,4281998","73,08113","14,66","0,3499985","73,08113"
,,,"14,67","0,3399849","73,13138",,,,,,,,,,"14,67","0,3293355","73,13138","14,67","0,3304482","73,13126",,,,"14,67","0,4310608","73,13126","14,67","0,3471375","73,13113"
,,,"14,68","0,348409","73,1815",,,,,,,,,,"14,68","0,3212293","73,1815","14,68","0,3232956","73,18125",,,,"14,68","0,4324913","73,18125","14,68","0,3466606","73,18113"
,,,"14,69","0,3563563","73,23138",,,,,,,,,,"14,69","0,3118515","73,23138","14,69","0,3196398","73,23112",,,,"14,69","0,4350344","73,23112","14,69","0,3450712","73,23112"
,,,"14,7","0,3643036","73,2815",,,,,,,,,,"14,7","0,3034274","73,28125","14,7","0,3188451","73,28113",,,,"14,7","0,4396439","73,28113","14,7","0,3442764","73,28113"
,,,"14,71","0,3725688","73,33125",,,,,,,,,,"14,71","0,2962748","73,33138","14,71","0,3196398","73,33125",,,,"14,71","0,4444122","73,33125","14,71","0,3460248","73,33125"
,,,"14,72","0,3794034","73,38138",,,,,,,,,,"14,72","0,289917","73,38138","14,72","0,3201167","73,38126",,,,"14,72","0,448068","73,38126","14,72","0,3471375","73,38126"
,,,"14,73","0,3852844","73,43138",,,,,,,,,,"14,73","0,2859434","73,43138","14,73","0,322024","73,43125",,,,"14,73","0,4515648","73,43125","14,73","0,3463427","73,43125"
,,,"14,74","0,3911654","73,48125",,,,,,,,,,"14,74","0,2846718","73,48112","14,74","0,3261566","73,48112",,,,"14,74","0,4544258","73,481","14,74","0,3468195","73,48112"
,,,"14,75","0,3960927","73,53125",,,,,,,,,,"14,75","0,2846718","73,53125","14,75","0,3317197","73,53125",,,,"14,75","0,4552206","73,53125","14,75","0,3482501","73,53125"
,,,"14,76","0,4000664","73,58138",,,,,,,,,,"14,76","0,2849897","73,58138","14,76","0,3376007","73,58125",,,,"14,76","0,4555384","73,58125","14,76","0,3466606","73,58125"
,,,"14,77","0,40404","73,63138",,,,,,,,,,"14,77","0,2851486","73,63126","14,77","0,3428459","73,63126",,,,"14,77","0,4564921","73,63126","14,77","0,3439585","73,63126"
,,,"14,78","0,4088084","73,68125",,,,,,,,,,"14,78","0,2859434","73,68138","14,78","0,3479322","73,68113",,,,"14,78","0,45681","73,68125","14,78","0,3434817","73,68125"
,,,"14,79","0,412782","73,73112",,,,,,,,,,"14,79","0,2873739","73,73125","14,79","0,3531774","73,73125",,,,"14,79","0,4536311","73,73125","14,79","0,3439585","73,73125"
,,,"14,8","0,4165967","73,78125",,,,,,,,,,"14,8","0,289917","73,78138","14,8","0,360171","73,78138",,,,"14,8","0,4483859","73,78138","14,8","0,3428459","73,78138"
,,,"14,81","0,4199346","73,83125",,,,,,,,,,"14,81","0,2938906","73,83138","14,81","0,3673235","73,83138",,,,"14,81","0,4429817","73,83125","14,81","0,3412565","73,83125"
,,,"14,82","0,4210472","73,88126",,,,,,,,,,"14,82","0,2978643","73,88113","14,82","0,371774","73,88126",,,,"14,82","0,4377365","73,88126","14,82","0,3415743","73,88126"
,,,"14,83","0,4194578","73,93125",,,,,,,,,,"14,83","0,3024737","73,93113","14,83","0,3741582","73,93138",,,,"14,83","0,4310608","73,93138","14,83","0,3434817","73,93138"
,,,"14,84","0,4173914","73,98125",,,,,,,,,,"14,84","0,3072421","73,98125","14,84","0,3781319","73,98125",,,,"14,84","0,4229546","73,98138","14,84","0,3452301","73,98138"
,,,"14,85","0,4151662","74,03138",,,,,,,,,,"14,85","0,3118515","74,03125","14,85","0,3825823","74,03138",,,,"14,85","0,4135768","74,03138","14,85","0,3463427","74,03138"
,,,"14,86","0,409921","74,08125",,,,,,,,,,"14,86","0,3166199","74,08113","14,86","0,3844897","74,08125",,,,"14,86","0,4038811","74,08113","14,86","0,3471375","74,08125"
,,,"14,87","0,4024506","74,13126",,,,,,,,,,"14,87","0,322024","74,13126","14,87","0,383695","74,1315",,,,"14,87","0,3935496","74,13138","14,87","0,3487269","74,13138"
,,,"14,88","0,395298","74,18125",,,,,,,,,,"14,88","0,3269514","74,18138","14,88","0,3832181","74,18138",,,,"14,88","0,3848076","74,18138","14,88","0,3499985","74,18138"
,,,"14,89","0,3884633","74,23125",,,,,,,,,,"14,89","0,3296534","74,23125","14,89","0,3829002","74,23138",,,,"14,89","0,377814","74,23138","14,89","0,351429","74,23138"
,,,"14,9","0,3809929","74,28138",,,,,,,,,,"14,9","0,3304482","74,28125","14,9","0,3817876","74,28125",,,,"14,9","0,3720919","74,28125","14,9","0,3523827","74,28125"
,,,"14,91","0,3736814","74,33125",,,,,,,,,,"14,91","0,3315608","74,33125","14,91","0,3809929","74,33138",,,,"14,91","0,3666878","74,33138","14,91","0,3522237","74,33138"
,,,"14,92","0,3670057","74,38138",,,,,,,,,,"14,92","0,3328323","74,38138","14,92","0,3825823","74,3815",,,,"14,92","0,363032","74,38138","14,92","0,3503164","74,38138"
,,,"14,93","0,3606478","74,43125",,,,,,,,,,"14,93","0,3341039","74,43138","14,93","0,3856023","74,43125",,,,"14,93","0,3609657","74,43138","14,93","0,3498395","74,43125"
,,,"14,94","0,3546079","74,48138",,,,,,,,,,"14,94","0,3360113","74,48125","14,94","0,3889402","74,48112",,,,"14,94","0,3595352","74,48112","14,94","0,3523827","74,48112"
,,,"14,95","0,3503164","74,53125",,,,,,,,,,"14,95","0,3371239","74,53138","14,95","0,3916422","74,53138",,,,"14,95","0,3595352","74,53138","14,95","0,3561974","74,53125"
,,,"14,96","0,3490448","74,58138",,,,,,,,,,"14,96","0,3352165","74,58138","14,96","0,3921191","74,58138",,,,"14,96","0,3595352","74,58138","14,96","0,3585815","74,58125"
,,,"14,97","0,3474554","74,63138",,,,,,,,,,"14,97","0,3328323","74,63126","14,97","0,3921191","74,63126",,,,"14,97","0,36033","74,63126","14,97","0,3595352","74,63126"
,,,"14,98","0,3439585","74,68138",,,,,,,,,,"14,98","0,3336271","74,68125","14,98","0,3932317","74,68113",,,,"14,98","0,3625552","74,68113","14,98","0,3595352","74,68113"
,,,"14,99","0,3410975","74,73125",,,,,,,,,,"14,99","0,3348986","74,73125","14,99","0,3943443","74,73125",,,,"14,99","0,3654162","74,73125","14,99","0,3590584","74,73125"
,,,"15","0,3412565","74,78138",,,,,,,,,,"15","0,3336271","74,78138","15","0,3948212","74,78138",,,,"15","0,3681183","74,78138","15","0,3593763","74,78138"
,,,"15,01","0,3442764","74,83138",,,,,,,,,,"15,01","0,3317197","74,83125","15,01","0,3959338","74,83125",,,,"15,01","0,3705025","74,83125","15,01","0,3609657","74,83125"
,,,"15,02","0,3471375","74,88126",,,,,,,,,,"15,02","0,3325144","74,88138","15,02","0,3980001","74,88113",,,,"15,02","0,3736814","74,88113","15,02","0,3611247","74,88126"
,,,"15,03","0,3499985","74,93125",,,,,,,,,,"15,03","0,3333092","74,93138","15,03","0,4008611","74,93125",,,,"15,03","0,377655","74,93125","15,03","0,3606478","74,93125"
,,,"15,04","0,35429","74,98125",,,,,,,,,,"15,04","0,3315608","74,98138","15,04","0,4046758","74,98112",,,,"15,04","0,3821055","74,98112","15,04","0,3611247","74,98112"
,,,"15,05","0,360171","75,03138",,,,,,,,,,"15,05","0,3285408","75,03138","15,05","0,4088084","75,03125",,,,"15,05","0,3889402","75,03125","15,05","0,3609657","75,03125"
,,,"15,06","0,365893","75,08138",,,,,,,,,,"15,06","0,3277461","75,08138","15,06","0,4118284","75,081",,,,"15,06","0,3967285","75,081","15,06","0,3577868","75,081"
,,,"15,07","0,3720919","75,13126",,,,,,,,,,"15,07","0,3288587","75,13138","15,07","0,4123052","75,13126",,,,"15,07","0,4027685","75,13126","15,07","0,3550847","75,13126"
,,,"15,08","0,3786087","75,18125",,,,,,,,,,"15,08","0,330925","75,1815","15,08","0,4130999","75,18125",,,,"15,08","0,4075368","75,18113","15,08","0,3538132","75,18113"
,,,"15,09","0,3841718","75,23125",,,,,,,,,,"15,09","0,3333092","75,23138","15,09","0,4150073","75,231",,,,"15,09","0,4115105","75,23112","15,09","0,3498395","75,23112"
,,,"15,1","0,3889402","75,28125",,,,,,,,,,"15,1","0,3344218","75,28138","15,1","0,4165967","75,28113",,,,"15,1","0,4150073","75,28113","15,1","0,3439585","75,28113"
,,,"15,11","0,3908475","75,33113",,,,,,,,,,"15,11","0,3331502","75,33138","15,11","0,415802","75,33113",,,,"15,11","0,4181862","75,33113","15,11","0,3410975","75,33113"
,,,"15,12","0,3900528","75,38138",,,,,,,,,,"15,12","0,3325144","75,3815","15,12","0,4138947","75,38126",,,,"15,12","0,4229546","75,38126","15,12","0,3415743","75,38126"
,,,"15,13","0,3871918","75,43125",,,,,,,,,,"15,13","0,3348986","75,43138","15,13","0,4119873","75,43113",,,,"15,13","0,4278819","75,43113","15,13","0,3415743","75,43113"
,,,"15,14","0,3833771","75,48125",,,,,,,,,,"15,14","0,336806","75,48125","15,14","0,4083315","75,481",,,,"15,14","0,4324913","75,481","15,14","0,3412565","75,481"
,,,"15,15","0,3794034","75,53125",,,,,,,,,,"15,15","0,336806","75,53138","15,15","0,4008611","75,53125",,,,"15,15","0,4356702","75,53125","15,15","0,3407796","75,53125"
,,,"15,16","0,3733635","75,58125",,,,,,,,,,"15,16","0,3376007","75,5815","15,16","0,3908475","75,58113",,,,"15,16","0,4374186","75,58125","15,16","0,3388723","75,58113"
,,,"15,17","0,365893","75,63126",,,,,,,,,,"15,17","0,3388723","75,63138","15,17","0,3805161","75,63126",,,,"15,17","0,4388491","75,63126","15,17","0,3379186","75,63126"
,,,"15,18","0,3587405","75,68125",,,,,,,,,,"15,18","0,3399849","75,68138","15,18","0,371774","75,68113",,,,"15,18","0,442187","75,68113","15,18","0,3410975","75,68113"
,,,"15,19","0,351429","75,73112",,,,,,,,,,"15,19","0,339667","75,73138","15,19","0,3635089","75,73125",,,,"15,19","0,4467964","75,73125","15,19","0,3450712","75,73125"
,,,"15,2","0,342687","75,78125",,,,,,,,,,"15,2","0,3380775","75,7815","15,2","0,3547668","75,78125",,,,"15,2","0,4493395","75,78125","15,2","0,3450712","75,78125"
,,,"15,21","0,3339449","75,83125",,,,,,,,,,"15,21","0,336806","75,83138","15,21","0,3463427","75,83125",,,,"15,21","0,4491806","75,83125","15,21","0,3428459","75,83113"
,,,"15,22","0,3261566","75,88113",,,,,,,,,,"15,22","0,3372828","75,88126","15,22","0,3395081","75,88113",,,,"15,22","0,4491806","75,88113","15,22","0,3431638","75,88113"
,,,"15,23","0,3205935","75,93125",,,,,,,,,,"15,23","0,3391902","75,93138","15,23","0,3341039","75,93125",,,,"15,23","0,4493395","75,93125","15,23","0,3442764","75,93125"
,,,"15,24","0,3174146","75,98125",,,,,,,,,,"15,24","0,339667","75,98151","15,24","0,3299713","75,98138",,,,"15,24","0,4469554","75,98125","15,24","0,3450712","75,98125"
,,,"15,25","0,3153483","76,03138",,,,,,,,,,"15,25","0,3383954","76,03138","15,25","0,3267924","76,03138",,,,"15,25","0,4432996","76,03138","15,25","0,3460248","76,03125"
,,,"15,26","0,3137589","76,08125",,,,,,,,,,"15,26","0,3360113","76,08125","15,26","0,3252029","76,08113",,,,"15,26","0,4405975","76,08125","15,26","0,3471375","76,08113"
,,,"15,27","0,3134409","76,13113",,,,,,,,,,"15,27","0,3347397","76,13126","15,27","0,3244082","76,13138",,,,"15,27","0,4401207","76,13138","15,27","0,3471375","76,13126"
,,,"15,28","0,316143","76,18125",,,,,,,,,,"15,28","0,3339449","76,18138","15,28","0,3240903","76,18138",,,,"15,28","0,4409154","76,18138","15,28","0,3463427","76,18138"
,,,"15,29","0,3201167","76,23125",,,,,,,,,,"15,29","0,3325144","76,23125","15,29","0,3240903","76,23125",,,,"15,29","0,4417101","76,23125","15,29","0,3466606","76,23125"
,,,"15,3","0,3245672","76,28125",,,,,,,,,,"15,3","0,3307661","76,28125","15,3","0,3253619","76,28113",,,,"15,3","0,4405975","76,28125","15,3","0,348409","76,28125"
,,,"15,31","0,3291766","76,33125",,,,,,,,,,"15,31","0,3283819","76,33113","15,31","0,3285408","76,33125",,,,"15,31","0,4369418","76,33125","15,31","0,351429","76,33125"
,,,"15,32","0,3341039","76,38126",,,,,,,,,,"15,32","0,3264745","76,38126","15,32","0,3315608","76,38138",,,,"15,32","0,4324913","76,38126","15,32","0,3539721","76,38126"
,,,"15,33","0,3380775","76,43125",,,,,,,,,,"15,33","0,3261566","76,43138","15,33","0,3333092","76,43125",,,,"15,33","0,4266103","76,43125","15,33","0,3547668","76,43125"
,,,"15,34","0,3415743","76,48112",,,,,,,,,,"15,34","0,3253619","76,48112","15,34","0,3356934","76,48112",,,,"15,34","0,4191399","76,48112","15,34","0,3538132","76,48112"
,,,"15,35","0,3471375","76,53125",,,,,,,,,,"15,35","0,3228188","76,53125","15,35","0,3404617","76,53125",,,,"15,35","0,412782","76,53113","15,35","0,3530184","76,53125"
,,,"15,36","0,3539721","76,58125",,,,,,,,,,"15,36","0,3201167","76,58138","15,36","0,3466606","76,58125",,,,"15,36","0,4072189","76,58125","15,36","0,3519058","76,58125"
,,,"15,37","0,3606478","76,63126",,,,,,,,,,"15,37","0,3180504","76,63126","15,37","0,3530184","76,63126",,,,"15,37","0,4014969","76,63126","15,37","0,3499985","76,63126"
,,,"15,38","0,3654162","76,68138",,,,,,,,,,"15,38","0,3150304","76,68125","15,38","0,3582636","76,68101",,,,"15,38","0,3951391","76,68101","15,38","0,3476143","76,68101"
,,,"15,39","0,3685951","76,73125",,,,,,,,,,"15,39","0,3118515","76,73112","15,39","0,3611247","76,73112",,,,"15,39","0,3887812","76,73112","15,39","0,3460248","76,73112"
,,,"15,4","0,371774","76,78125",,,,,,,,,,"15,4","0,3102621","76,7815","15,4","0,3625552","76,78125",,,,"15,4","0,3825823","76,78125","15,4","0,3458659","76,78125"
,,,"15,41","0,3768603","76,83125",,,,,,,,,,"15,41","0,3088315","76,83125","15,41","0,3635089","76,83125",,,,"15,41","0,3768603","76,83113","15,41","0,3452301","76,83113"
,,,"15,42","0,383695","76,88126",,,,,,,,,,"15,42","0,3069242","76,88126","15,42","0,3670057","76,881",,,,"15,42","0,3744761","76,88113","15,42","0,3439585","76,88113"
,,,"15,43","0,389576","76,93125",,,,,,,,,,"15,43","0,3080368","76,93125","15,43","0,3712972","76,93125",,,,"15,43","0,3746351","76,93113","15,43","0,3420512","76,93125"
,,,"15,44","0,3935496","76,98125",,,,,,,,,,"15,44","0,3085136","76,98138","15,44","0,3744761","76,98112",,,,"15,44","0,3733635","76,98112","15,44","0,3412565","76,98112"
,,,"15,45","0,3968875","77,03138",,,,,,,,,,"15,45","0,3053347","77,03138","15,45","0,3765424","77,03125",,,,"15,45","0,3706614","77,03125","15,45","0,3404617","77,03125"
,,,"15,46","0,4000664","77,08138",,,,,,,,,,"15,46","0,3026327","77,08125","15,46","0,3805161","77,08113",,,,"15,46","0,3698667","77,08113","15,46","0,3395081","77,08113"
,,,"15,47","0,4022916","77,13138",,,,,,,,,,"15,47","0,3050168","77,13126","15,47","0,3848076","77,13126",,,,"15,47","0,3706614","77,13126","15,47","0,339667","77,13126"
,,,"15,48","0,4027685","77,18138",,,,,,,,,,"15,48","0,3080368","77,1815","15,48","0,3871918","77,18113",,,,"15,48","0,3709793","77,18113","15,48","0,3412565","77,18125"
,,,"15,49","0,4030863","77,23138",,,,,,,,,,"15,49","0,3097852","77,23138","15,49","0,3881454","77,23112",,,,"15,49","0,3722509","77,23125","15,49","0,3428459","77,23112"
,,,"15,5","0,4038811","77,28138",,,,,,,,,,"15,5","0,3126462","77,28138","15,5","0,3903707","77,28125",,,,"15,5","0,3770193","77,28113","15,5","0,3434817","77,28125"
,,,"15,51","0,4043579","77,33138",,,,,,,,,,"15,51","0,3150304","77,33125","15,51","0,3935496","77,33125",,,,"15,51","0,3825823","77,33125","15,51","0,3439585","77,33125"
,,,"15,52","0,40404","77,38138",,,,,,,,,,"15,52","0,3169378","77,3815","15,52","0,3980001","77,38126",,,,"15,52","0,386556","77,38126","15,52","0,345548","77,38126"
,,,"15,53","0,4035632","77,43138",,,,,,,,,,"15,53","0,3217061","77,4315","15,53","0,4038811","77,43125",,,,"15,53","0,3897349","77,43125","15,53","0,3474554","77,43125"
,,,"15,54","0,4035632","77,48138",,,,,,,,,,"15,54","0,3275871","77,48138","15,54","0,4086494","77,48112",,,,"15,54","0,3916422","77,48112","15,54","0,3474554","77,48112"
,,,"15,55","0,4027685","77,53125",,,,,,,,,,"15,55","0,3296534","77,53138","15,55","0,4118284","77,53125",,,,"15,55","0,3927549","77,53125","15,55","0,3474554","77,53125"
,,,"15,56","0,4007021","77,58138",,,,,,,,,,"15,56","0,3301302","77,5815","15,56","0,4142126","77,58125",,,,"15,56","0,3932317","77,58125","15,56","0,3492037","77,58125"
,,,"15,57","0,3960927","77,6315",,,,,,,,,,"15,57","0,3325144","77,63138","15,57","0,4162788","77,63126",,,,"15,57","0,3945033","77,63126","15,57","0,3527006","77,63126"
,,,"15,58","0,3897349","77,68138",,,,,,,,,,"15,58","0,3348986","77,68125","15,58","0,418663","77,68125",,,,"15,58","0,3972054","77,68113","15,58","0,3558795","77,68125"
,,,"15,59","0,3832181","77,73125",,,,,,,,,,"15,59","0,3363291","77,73112","15,59","0,4226367","77,73125",,,,"15,59","0,401179","77,73125","15,59","0,3574689","77,73125"
,,,"15,6","0,377655","77,7815",,,,,,,,,,"15,6","0,3388723","77,78138","15,6","0,4281998","77,78125",,,,"15,6","0,4056295","77,78125","15,6","0,3593763","77,78125"
,,,"15,61","0,3706614","77,83138",,,,,,,,,,"15,61","0,3420512","77,83138","15,61","0,4326502","77,83125",,,,"15,61","0,4096031","77,83125","15,61","0,3633499","77,83125"
,,,"15,62","0,3614426","77,88138",,,,,,,,,,"15,62","0,3442764","77,88126","15,62","0,4364649","77,88113",,,,"15,62","0,4130999","77,88113","15,62","0,3657341","77,88113"
,,,"15,63","0,3519058","77,93125",,,,,,,,,,"15,63","0,3474554","77,93125","15,63","0,4388491","77,93125",,,,"15,63","0,4173914","77,93125","15,63","0,3646215","77,93125"
,,,"15,64","0,3436407","77,98125",,,,,,,,,,"15,64","0,3527006","77,98125","15,64","0,4390081","77,98125",,,,"15,64","0,4213651","77,98125","15,64","0,3641447","77,98125"
,,,"15,65","0,3355344","78,03138",,,,,,,,,,"15,65","0,3561974","78,03125","15,65","0,4372597","78,03125",,,,"15,65","0,4242261","78,03125","15,65","0,3641447","78,03138"
,,,"15,66","0,3272692","78,08125",,,,,,,,,,"15,66","0,3566742","78,08113","15,66","0,4337629","78,08125",,,,"15,66","0,4269282","78,08113","15,66","0,3633499","78,08125"
,,,"15,67","0,3212293","78,13113",,,,,,,,,,"15,67","0,3587405","78,13126","15,67","0,4277229","78,13126",,,,"15,67","0,4301071","78,13126","15,67","0,3633499","78,13138"
,,,"15,68","0,3172556","78,18138",,,,,,,,,,"15,68","0,3627141","78,18138","15,68","0,4183451","78,18125",,,,"15,68","0,4318555","78,18125","15,68","0,3649394","78,18125"
,,,"15,69","0,3137589","78,23125",,,,,,,,,,"15,69","0,3643036","78,23125","15,69","0,4059474","78,23113",,,,"15,69","0,4329681","78,23125","15,69","0,3646215","78,23113"
,,,"15,7","0,3110568","78,28138",,,,,,,,,,"15,7","0,3638268","78,28125","15,7","0,3919601","78,28125",,,,"15,7","0,4353523","78,28125","15,7","0,3614426","78,28125"
,,,"15,71","0,3093084","78,33113",,,,,,,,,,"15,71","0,3638268","78,33125","15,71","0,3786087","78,33125",,,,"15,71","0,4377365","78,33125","15,71","0,3574689","78,33125"
,,,"15,72","0,3077189","78,38126",,,,,,,,,,"15,72","0,3649394","78,38138","15,72","0,3673235","78,38126",,,,"15,72","0,4398028","78,38126","15,72","0,35429","78,38126"
,,,"15,73","0,3072421","78,43125",,,,,,,,,,"15,73","0,3662109","78,43125","15,73","0,3558795","78,43125",,,,"15,73","0,4429817","78,43125","15,73","0,3522237","78,43125"
,,,"15,74","0,3093084","78,48125",,,,,,,,,,"15,74","0,3685951","78,48125","15,74","0,3444354","78,48113",,,,"15,74","0,4456838","78,48113","15,74","0,351429","78,48113"
,,,"15,75","0,3134409","78,53113",,,,,,,,,,"15,75","0,3709793","78,53138","15,75","0,3341039","78,53125",,,,"15,75","0,4469554","78,53113","15,75","0,3503164","78,53125"
,,,"15,76","0,3177325","78,58125",,,,,,,,,,"15,76","0,3705025","78,58138","15,76","0,3259977","78,58125",,,,"15,76","0,4483859","78,58125","15,76","0,3471375","78,58125"
,,,"15,77","0,3212293","78,63113",,,,,,,,,,"15,77","0,3657341","78,63138","15,77","0,319322","78,63126",,,,"15,77","0,4491806","78,63126","15,77","0,3434817","78,63126"
,,,"15,78","0,3253619","78,68125",,,,,,,,,,"15,78","0,3609657","78,68125","15,78","0,3129641","78,68113",,,,"15,78","0,4483859","78,68113","15,78","0,3407796","78,68113"
,,,"15,79","0,3301302","78,73113",,,,,,,,,,"15,79","0,3585815","78,73125","15,79","0,3072421","78,73113",,,,"15,79","0,4469554","78,73113","15,79","0,339667","78,73113"
,,,"15,8","0,3364881","78,78138",,,,,,,,,,"15,8","0,3563563","78,78138","15,8","0,3024737","78,78125",,,,"15,8","0,4460017","78,78125","15,8","0,3391902","78,78125"
,,,"15,81","0,3436407","78,83138",,,,,,,,,,"15,81","0,3499985","78,83138","15,81","0,2992948","78,83113",,,,"15,81","0,442187","78,83125","15,81","0,3379186","78,83125"
,,,"15,82","0,3507932","78,88126",,,,,,,,,,"15,82","0,3423691","78,88138","15,82","0,298659","78,88113",,,,"15,82","0,4366239","78,88113","15,82","0,3356934","78,88113"
,,,"15,83","0,357151","78,93113",,,,,,,,,,"15,83","0,3376007","78,93138","15,83","0,301679","78,93125",,,,"15,83","0,4310608","78,93125","15,83","0,3341039","78,93125"
,,,"15,84","0,363032","78,98113",,,,,,,,,,"15,84","0,3333092","78,98138","15,84","0,3069242","78,98125",,,,"15,84","0,4207293","78,98125","15,84","0,3339449","78,98125"
,,,"15,85","0,3682772","79,03138",,,,,,,,,,"15,85","0,3272692","79,03138","15,85","0,313282","79,03138",,,,"15,85","0,40706","79,03125","15,85","0,3347397","79,03125"
,,,"15,86","0,3728867","79,08138",,,,,,,,,,"15,86","0,3237724","79,08138","15,86","0,319322","79,08113",,,,"15,86","0,3984769","79,08125","15,86","0,3344218","79,08113"
,,,"15,87","0,377814","79,13126",,,,,,,,,,"15,87","0,3259977","79,13126","15,87","0,3256798","79,13138",,,,"15,87","0,3972054","79,13138","15,87","0,3344218","79,13138"
,,,"15,88","0,3840128","79,18138",,,,,,,,,,"15,88","0,3293355","79,18138","15,88","0,3320376","79,18138",,,,"15,88","0,3945033","79,18125","15,88","0,3356934","79,18125"
,,,"15,89","0,3892581","79,23138",,,,,,,,,,"15,89","0,3325144","79,23125","15,89","0,3388723","79,23113",,,,"15,89","0,3881454","79,23113","15,89","0,3360113","79,23125"
,,,"15,9","0,3921191","79,28138",,,,,,,,,,"15,9","0,3348986","79,28125","15,9","0,3463427","79,28125",,,,"15,9","0,3825823","79,28125","15,9","0,3348986","79,28125"
,,,"15,91","0,3940264","79,33125",,,,,,,,,,"15,91","0,3339449","79,33125","15,91","0,3538132","79,33125",,,,"15,91","0,3792445","79,33125","15,91","0,3352165","79,33125"
,,,"15,92","0,3948212","79,38138",,,,,,,,,,"15,92","0,3304482","79,3815","15,92","0,3614426","79,38138",,,,"15,92","0,3762245","79,38126","15,92","0,3376007","79,38138"
,,,"15,93","0,3951391","79,4315",,,,,,,,,,"15,93","0,3315608","79,43138","15,93","0,3682772","79,43125",,,,"15,93","0,3725688","79,43138","15,93","0,339667","79,43125"
,,,"15,94","0,3945033","79,48125",,,,,,,,,,"15,94","0,3352165","79,48125","15,94","0,3736814","79,48113",,,,"15,94","0,3666878","79,48113","15,94","0,3410975","79,48113"
,,,"15,95","0,3932317","79,53125",,,,,,,,,,"15,95","0,3344218","79,53138","15,95","0,3770193","79,53138",,,,"15,95","0,36033","79,53138","15,95","0,3423691","79,53138"
,,,"15,96","0,3908475","79,58138",,,,,,,,,,"15,96","0,3331502","79,58138","15,96","0,3794034","79,58125",,,,"15,96","0,3587405","79,58125","15,96","0,3434817","79,58138"
,,,"15,97","0,3881454","79,63138",,,,,,,,,,"15,97","0,3348986","79,63138","15,97","0,3805161","79,63138",,,,"15,97","0,3633499","79,63138","15,97","0,3450712","79,63138"
,,,"15,98","0,3852844","79,68138",,,,,,,,,,"15,98","0,3355344","79,68125","15,98","0,3813108","79,68125",,,,"15,98","0,3674825","79,68125","15,98","0,3474554","79,68125"
,,,"15,99","0,3825823","79,73125",,,,,,,,,,"15,99","0,3364881","79,73125","15,99","0,3833771","79,73138",,,,"15,99","0,3681183","79,73138","15,99","0,3482501","79,73138"
,,,"16","0,3805161","79,78138",,,,,,,,,,"16","0,3431638","79,78138","16","0,386556","79,78138",,,,"16","0,368913","79,78138","16","0,3476143","79,78138"
,,,"16,01","0,377814","79,83138",,,,,,,,,,"16,01","0,348409","79,83138","16,01","0,3903707","79,83125",,,,"16,01","0,3760656","79,83125","16,01","0,3468195","79,83125"
,,,"16,02","0,3746351","79,88126",,,,,,,,,,"16,02","0,3468195","79,88126","16,02","0,3948212","79,88113",,,,"16,02","0,386397","79,88126","16,02","0,3463427","79,88113"
,,,"16,03","0,3725688","79,93125",,,,,,,,,,"16,03","0,3450712","79,93125","16,03","0,3995895","79,93125",,,,"16,03","0,3903707","79,93125","16,03","0,345548","79,93125"
,,,"16,04","0,3701846","79,98125",,,,,,,,,,"16,04","0,3434817","79,98125","16,04","0,4030863","79,98125",,,,"16,04","0,3857613","79,98125","16,04","0,3466606","79,98125"
,,,"16,05","0,3681183","80,03125",,,,,,,,,,"16,05","0,3388723","80,03138","16,05","0,4043579","80,03125",,,,"16,05","0,3800392","80,03125","16,05","0,3499985","80,03125"
,,,"16,06","0,3665288","80,08125",,,,,,,,,,"16,06","0,3348986","80,08125","16,06","0,4048347","80,08113",,,,"16,06","0,3809929","80,08113","16,06","0,3538132","80,081"
,,,"16,07","0,3654162","80,13113",,,,,,,,,,"16,07","0,3347397","80,13138","16,07","0,4043579","80,13126",,,,"16,07","0,3889402","80,13126","16,07","0,3547668","80,13126"
,,,"16,08","0,3646215","80,18138",,,,,,,,,,"16,08","0,3320376","80,1815","16,08","0,4032453","80,18125",,,,"16,08","0,3959338","80,18125","16,08","0,3527006","80,18125"
,,,"16,09","0,3646215","80,23125",,,,,,,,,,"16,09","0,3261566","80,23138","16,09","0,4046758","80,23113",,,,"16,09","0,3964106","80,23113","16,09","0,3503164","80,23113"
,,,"16,1","0,3654162","80,28125",,,,,,,,,,"16,1","0,3240903","80,28138","16,1","0,4088084","80,28113",,,,"16,1","0,3951391","80,28113","16,1","0,3498395","80,28113"
,,,"16,11","0,3673235","80,33125",,,,,,,,,,"16,11","0,324885","80,33125","16,11","0,4118284","80,33113",,,,"16,11","0,3991127","80,33113","16,11","0,3498395","80,33113"
,,,"16,12","0,3693899","80,38126",,,,,,,,,,"16,12","0,3252029","80,3815","16,12","0,4134178","80,38126",,,,"16,12","0,4086494","80,38126","16,12","0,3487269","80,38138"
,,,"16,13","0,3712972","80,43125",,,,,,,,,,"16,13","0,328064","80,43138","16,13","0,4159609","80,43125",,,,"16,13","0,4183451","80,43125","16,13","0,3479322","80,43125"
,,,"16,14","0,3720919","80,48125",,,,,,,,,,"16,14","0,3336271","80,48125","16,14","0,4191399","80,481",,,,"16,14","0,4242261","80,481","16,14","0,348409","80,481"
,,,"16,15","0,3730456","80,53126",,,,,,,,,,"16,15","0,3372828","80,53138","16,15","0,4207293","80,53113",,,,"16,15","0,4250208","80,53113","16,15","0,3506342","80,53113"
,,,"16,16","0,3754298","80,58125",,,,,,,,,,"16,16","0,3391902","80,58138","16,16","0,4210472","80,58125",,,,"16,16","0,4253387","80,58125","16,16","0,3515879","80,58125"
,,,"16,17","0,3784498","80,63126",,,,,,,,,,"16,17","0,3403028","80,63138","16,17","0,4202525","80,63113",,,,"16,17","0,4301071","80,63126","16,17","0,351429","80,63126"
,,,"16,18","0,3789266","80,68125",,,,,,,,,,"16,18","0,3399849","80,68125","16,18","0,4189809","80,68113",,,,"16,18","0,4377365","80,68113","16,18","0,3495216","80,68113"
,,,"16,19","0,377655","80,73125",,,,,,,,,,"16,19","0,3423691","80,73125","16,19","0,4159609","80,73113",,,,"16,19","0,4412333","80,73113","16,19","0,348409","80,73113"
,,,"16,2","0,3773371","80,78126",,,,,,,,,,"16,2","0,3476143","80,7815","16,2","0,4115105","80,78126",,,,"16,2","0,4388491","80,78126","16,2","0,3487269","80,78126"
,,,"16,21","0,3784498","80,83138",,,,,,,,,,"16,21","0,3487269","80,8315","16,21","0,4046758","80,83125",,,,"16,21","0,4358292","80,83125","16,21","0,3466606","80,83113"
,,,"16,22","0,3784498","80,88126",,,,,,,,,,"16,22","0,3479322","80,88138","16,22","0,3960927","80,88113",,,,"16,22","0,4374186","80,88113","16,22","0,3410975","80,88113"
,,,"16,23","0,3760656","80,93125",,,,,,,,,,"16,23","0,3534953","80,93138","16,23","0,3868739","80,93113",,,,"16,23","0,442187","80,93125","16,23","0,3355344","80,93125"
,,,"16,24","0,3706614","80,98138",,,,,,,,,,"16,24","0,3585815","80,98138","16,24","0,3784498","80,98125",,,,"16,24","0,4461606","80,98125","16,24","0,3320376","80,98125"
,,,"16,25","0,3638268","81,03138",,,,,,,,,,"16,25","0,357151","81,03138","16,25","0,3701846","81,03126",,,,"16,25","0,448068","81,03126","16,25","0,3307661","81,03126"
,,,"16,26","0,3561974","81,08138",,,,,,,,,,"16,26","0,3590584","81,08125","16,26","0,3617605","81,081",,,,"16,26","0,4485448","81,08113","16,26","0,3299713","81,081"
,,,"16,27","0,3482501","81,13113",,,,,,,,,,"16,27","0,3662109","81,13138","16,27","0,3530184","81,13138",,,,"16,27","0,4499753","81,13126","16,27","0,3301302","81,13126"
,,,"16,28","0,3403028","81,18138",,,,,,,,,,"16,28","0,368913","81,18138","16,28","0,3439585","81,18125",,,,"16,28","0,4512469","81,18138","16,28","0,3304482","81,18138"
,,,"16,29","0,3341039","81,23125",,,,,,,,,,"16,29","0,3666878","81,23138","16,29","0,3352165","81,23113",,,,"16,29","0,4493395","81,23125","16,29","0,330925","81,23125"
,,,"16,3","0,3307661","81,28138",,,,,,,,,,"16,3","0,3654162","81,28126","16,3","0,3293355","81,28126",,,,"16,3","0,4444122","81,28113","16,3","0,3325144","81,28126"
,,,"16,31","0,3259977","81,33125",,,,,,,,,,"16,31","0,3611247","81,33138","16,31","0,3259977","81,33125",,,,"16,31","0,4388491","81,33125","16,31","0,3339449","81,33125"
,,,"16,32","0,3190041","81,38138",,,,,,,,,,"16,32","0,3519058","81,38138","16,32","0,3236135","81,38126",,,,"16,32","0,4345576","81,38138","16,32","0,3339449","81,38113"
,,,"16,33","0,3137589","81,43138",,,,,,,,,,"16,33","0,3447533","81,43138","16,33","0,3205935","81,43125",,,,"16,33","0,4313787","81,43125","16,33","0,3341039","81,43125"
,,,"16,34","0,3124873","81,48125",,,,,,,,,,"16,34","0,3403028","81,48113","16,34","0,3190041","81,48113",,,,"16,34","0,4278819","81,48113","16,34","0,3355344","81,48113"
,,,"16,35","0,3134409","81,53126",,,,,,,,,,"16,35","0,3339449","81,53126","16,35","0,3205935","81,53138",,,,"16,35","0,4223188","81,53138","16,35","0,3372828","81,53138"
,,,"16,36","0,3140768","81,58138",,,,,,,,,,"16,36","0,3269514","81,58138","16,36","0,3232956","81,58125",,,,"16,36","0,4146894","81,58113","16,36","0,3395081","81,58125"
,,,"16,37","0,313282","81,63126",,,,,,,,,,"16,37","0,3236135","81,63126","16,37","0,3245672","81,63126",,,,"16,37","0,4080137","81,63126","16,37","0,3423691","81,63126"
,,,"16,38","0,3140768","81,68138",,,,,,,,,,"16,38","0,3201167","81,68125","16,38","0,3272692","81,68125",,,,"16,38","0,4035632","81,68125","16,38","0,3450712","81,68125"
,,,"16,39","0,3182093","81,73113",,,,,,,,,,"16,39","0,3150304","81,73113","16,39","0,3325144","81,73138",,,,"16,39","0,3991127","81,73125","16,39","0,3466606","81,73125"
,,,"16,4","0,3253619","81,78138",,,,,,,,,,"16,4","0,3124873","81,78138","16,4","0,3383954","81,78138",,,,"16,4","0,392437","81,78126","16,4","0,3479322","81,78138"
,,,"16,41","0,3323555","81,83125",,,,,,,,,,"16,41","0,3108978","81,83125","16,41","0,3434817","81,83125",,,,"16,41","0,3833771","81,83125","16,41","0,348409","81,83138"
,,,"16,42","0,3371239","81,88126",,,,,,,,,,"16,42","0,3053347","81,88113","16,42","0,3479322","81,88113",,,,"16,42","0,3749529","81,88113","16,42","0,3471375","81,88113"
,,,"16,43","0,3415743","81,93125",,,,,,,,,,"16,43","0,2994537","81,93125","16,43","0,3523827","81,93125",,,,"16,43","0,369072","81,93125","16,43","0,345548","81,93125"
,,,"16,44","0,3482501","81,98125",,,,,,,,,,"16,44","0,2970695","81,98138","16,44","0,3577868","81,98113",,,,"16,44","0,3657341","81,98125","16,44","0,3447533","81,98113"
,,,"16,45","0,3547668","82,03138",,,,,,,,,,"16,45","0,2942085","82,03126","16,45","0,3625552","82,03126",,,,"16,45","0,3633499","82,03126","16,45","0,3442764","82,03126"
,,,"16,46","0,3598531","82,08138",,,,,,,,,,"16,46","0,2894402","82,08113","16,46","0,3641447","82,08125",,,,"16,46","0,3619194","82,08113","16,46","0,3452301","82,08113"
,,,"16,47","0,3649394","82,13113",,,,,,,,,,"16,47","0,2881686","82,13126","16,47","0,3646215","82,13138",,,,"16,47","0,3649394","82,13126","16,47","0,3498395","82,13126"
,,,"16,48","0,3701846","82,18138",,,,,,,,,,"16,48","0,2905528","82,18125","16,48","0,3666878","82,18125",,,,"16,48","0,3698667","82,18125","16,48","0,3554026","82,18125"
,,,"16,49","0,3738403","82,23125",,,,,,,,,,"16,49","0,2937317","82,23138","16,49","0,3682772","82,23125",,,,"16,49","0,3728867","82,23125","16,49","0,3563563","82,23125"
,,,"16,5","0,3768603","82,28138",,,,,,,,,,"16,5","0,2985001","82,28126","16,5","0,369072","82,28126",,,,"16,5","0,3741582","82,28126","16,5","0,3522237","82,28126"
,,,"16,51","0,380834","82,33125",,,,,,,,,,"16,51","0,3040632","82,33125","16,51","0,3705025","82,33125",,,,"16,51","0,3770193","82,33125","16,51","0,3506342","82,33125"
,,,"16,52","0,3860792","82,38138",,,,,,,,,,"16,52","0,3072421","82,3815","16,52","0,3728867","82,38138",,,,"16,52","0,3801982","82,38126","16,52","0,3546079","82,38138"
,,,"16,53","0,3913244","82,43138",,,,,,,,,,"16,53","0,3089905","82,4315","16,53","0,3746351","82,43113",,,,"16,53","0,3817876","82,43125","16,53","0,3577868","82,43125"
,,,"16,54","0,3951391","82,48125",,,,,,,,,,"16,54","0,3137589","82,48125","16,54","0,3752708","82,481",,,,"16,54","0,3841718","82,481","16,54","0,3574689","82,48113"
,,,"16,55","0,3964106","82,53126",,,,,,,,,,"16,55","0,3205935","82,53138","16,55","0,3765424","82,53113",,,,"16,55","0,3884633","82,53113","16,55","0,3590584","82,53113"
,,,"16,56","0,3964106","82,58138",,,,,,,,,,"16,56","0,3264745","82,5815","16,56","0,3784498","82,58113",,,,"16,56","0,3921191","82,58113","16,56","0,3622373","82,58113"
,,,"16,57","0,3976822","82,63126",,,,,,,,,,"16,57","0,3301302","82,63138","16,57","0,3800392","82,63113",,,,"16,57","0,395298","82,631","16,57","0,363032","82,631"
,,,"16,58","0,3995895","82,68138",,,,,,,,,,"16,58","0,3328323","82,68125","16,58","0,3809929","82,68113",,,,"16,58","0,3999074","82,68113","16,58","0,3646215","82,68101"
,,,"16,59","0,3992716","82,73125",,,,,,,,,,"16,59","0,3339449","82,73138","16,59","0,3824234","82,73113",,,,"16,59","0,4048347","82,73113","16,59","0,368913","82,731"
,,,"16,6","0,398318","82,78138",,,,,,,,,,"16,6","0,3348986","82,78138","16,6","0,3833771","82,78126",,,,"16,6","0,4091263","82,78126","16,6","0,369072","82,78126"
,,,"16,61","0,3984769","82,83138",,,,,,,,,,"16,61","0,3364881","82,83138","16,61","0,3852844","82,83113",,,,"16,61","0,4130999","82,83113","16,61","0,3650983","82,83113"
,,,"16,62","0,3991127","82,88138",,,,,,,,,,"16,62","0,3383954","82,88126","16,62","0,3892581","82,88113",,,,"16,62","0,4183451","82,881","16,62","0,3625552","82,88113"
,,,"16,63","0,3972054","82,93138",,,,,,,,,,"16,63","0,339667","82,93125","16,63","0,3951391","82,93125",,,,"16,63","0,4226367","82,93125","16,63","0,3625552","82,93125"
,,,"16,64","0,3937086","82,98138",,,,,,,,,,"16,64","0,3404617","82,98138","16,64","0,3999074","82,98113",,,,"16,64","0,4234314","82,98125","16,64","0,3638268","82,98113"
,,,"16,65","0,3897349","83,03138",,,,,,,,,,"16,65","0,3415743","83,03138","16,65","0,4030863","83,03126",,,,"16,65","0,4226367","83,03126","16,65","0,3665288","83,03126"
,,,"16,66","0,3849665","83,08138",,,,,,,,,,"16,66","0,3431638","83,08125","16,66","0,4051526","83,081",,,,"16,66","0,4231135","83,081","16,66","0,3674825","83,08113"
,,,"16,67","0,3805161","83,13126",,,,,,,,,,"16,67","0,3447533","83,13138","16,67","0,4080137","83,13126",,,,"16,67","0,4250208","83,13126","16,67","0,3654162","83,13126"
,,,"16,68","0,377655","83,1815",,,,,,,,,,"16,68","0,3458659","83,18138","16,68","0,4102389","83,18125",,,,"16,68","0,4269282","83,18125","16,68","0,3619194","83,18125"
,,,"16,69","0,3746351","83,23138",,,,,,,,,,"16,69","0,3474554","83,23125","16,69","0,4115105","83,23125",,,,"16,69","0,4278819","83,23113","16,69","0,3595352","83,23113"
,,,"16,7","0,3701846","83,28126",,,,,,,,,,"16,7","0,3487269","83,28126","16,7","0,4146894","83,28113",,,,"16,7","0,4301071","83,28126","16,7","0,3569921","83,28126"
,,,"16,71","0,3646215","83,33138",,,,,,,,,,"16,71","0,3487269","83,33138","16,71","0,4189809","83,33125",,,,"16,71","0,4337629","83,33125","16,71","0,3531774","83,33113"
,,,"16,72","0,3593763","83,38138",,,,,,,,,,"16,72","0,3492037","83,38138","16,72","0,4218419","83,38126",,,,"16,72","0,4385312","83,38126","16,72","0,3527006","83,38126"
,,,"16,73","0,3530184","83,43138",,,,,,,,,,"16,73","0,3515879","83,43138","16,73","0,4223188","83,43125",,,,"16,73","0,4437765","83,43125","16,73","0,3550847","83,43125"
,,,"16,74","0,3452301","83,48125",,,,,,,,,,"16,74","0,3550847","83,48125","16,74","0,4202525","83,48113",,,,"16,74","0,4493395","83,48113","16,74","0,3561974","83,48113"
,,,"16,75","0,3388723","83,53126",,,,,,,,,,"16,75","0,357151","83,53138","16,75","0,4154841","83,53126",,,,"16,75","0,4544258","83,53138","16,75","0,3547668","83,53126"
,,,"16,76","0,3341039","83,58138",,,,,,,,,,"16,76","0,3579458","83,5815","16,76","0,4080137","83,58125",,,,"16,76","0,4576047","83,58113","16,76","0,3527006","83,58125"
,,,"16,77","0,3293355","83,63126",,,,,,,,,,"16,77","0,3582636","83,63138","16,77","0,4000664","83,63126",,,,"16,77","0,4591942","83,63126","16,77","0,3499985","83,63126"
,,,"16,78","0,3259977","83,68138",,,,,,,,,,"16,78","0,3587405","83,68125","16,78","0,3932317","83,68113",,,,"16,78","0,459671","83,68113","16,78","0,3471375","83,68113"
,,,"16,79","0,3244082","83,73113",,,,,,,,,,"16,79","0,36033","83,73113","16,79","0,3860792","83,73125",,,,"16,79","0,4607836","83,73125","16,79","0,3447533","83,73138"
,,,"16,8","0,3229777","83,78126",,,,,,,,,,"16,8","0,3609657","83,78138","16,8","0,3768603","83,78138",,,,"16,8","0,4634857","83,78138","16,8","0,3434817","83,78126"
,,,"16,81","0,3213882","83,83125",,,,,,,,,,"16,81","0,360171","83,83125","16,81","0,3665288","83,83125",,,,"16,81","0,4671415","83,83125","16,81","0,3418922","83,83125"
,,,"16,82","0,3212293","83,88126",,,,,,,,,,"16,82","0,3619194","83,88113","16,82","0,3561974","83,88126",,,,"16,82","0,4711151","83,88126","16,82","0,3412565","83,88126"
,,,"16,83","0,322183","83,93113",,,,,,,,,,"16,83","0,3666878","83,93113","16,83","0,3460248","83,93125",,,,"16,83","0,4747709","83,93138","16,83","0,342687","83,93138"
,,,"16,84","0,3236135","83,98125",,,,,,,,,,"16,84","0,368913","83,98125","16,84","0,3372828","83,98125",,,,"16,84","0,4771551","83,98125","16,84","0,3450712","83,98138"
,,,"16,85","0,324885","84,03126",,,,,,,,,,"16,85","0,3670057","84,03126","16,85","0,3312429","84,03138",,,,"16,85","0,4782677","84,03138","16,85","0,3482501","84,03138"
,,,"16,86","0,3264745","84,08125",,,,,,,,,,"16,86","0,3657341","84,08125","16,86","0,3256798","84,08125",,,,"16,86","0,4787445","84,08125","16,86","0,3511111","84,08125"
,,,"16,87","0,3291766","84,13113",,,,,,,,,,"16,87","0,3666878","84,13126","16,87","0,3205935","84,13138",,,,"16,87","0,4785856","84,13138","16,87","0,3530184","84,13138"
,,,"16,88","0,3336271","84,18138",,,,,,,,,,"16,88","0,3666878","84,18125","16,88","0,3185272","84,18138",,,,"16,88","0,4747709","84,18138","16,88","0,3538132","84,18138"
,,,"16,89","0,3387133","84,23125",,,,,,,,,,"16,89","0,3633499","84,23125","16,89","0,3185272","84,23125",,,,"16,89","0,4676183","84,23125","16,89","0,3547668","84,23125"
,,,"16,9","0,3434817","84,28126",,,,,,,,,,"16,9","0,3574689","84,28126","16,9","0,3174146","84,28126",,,,"16,9","0,4599889","84,28126","16,9","0,3554026","84,28126"
,,,"16,91","0,3474554","84,33125",,,,,,,,,,"16,91","0,3507932","84,33113","16,91","0,3156662","84,33138",,,,"16,91","0,4536311","84,33125","16,91","0,3546079","84,33125"
,,,"16,92","0,3506342","84,38138",,,,,,,,,,"16,92","0,3450712","84,38138","16,92","0,316143","84,38138",,,,"16,92","0,4469554","84,38138","16,92","0,3538132","84,38126"
,,,"16,93","0,3534953","84,43138",,,,,,,,,,"16,93","0,3399849","84,43138","16,93","0,3182093","84,43125",,,,"16,93","0,439326","84,43138","16,93","0,3546079","84,43138"
,,,"16,94","0,3569921","84,48138",,,,,,,,,,"16,94","0,3348986","84,48125","16,94","0,3205935","84,48113",,,,"16,94","0,4321734","84,48113","16,94","0,3563563","84,48113"
,,,"16,95","0,3609657","84,53126",,,,,,,,,,"16,95","0,3299713","84,53138","16,95","0,3237724","84,53126",,,,"16,95","0,4278819","84,53126","16,95","0,3577868","84,53126"
,,,"16,96","0,3650983","84,58125",,,,,,,,,,"16,96","0,324885","84,58138","16,96","0,3277461","84,58138",,,,"16,96","0,4261335","84,58138","16,96","0,3585815","84,58125"
,,,"16,97","0,3682772","84,63126",,,,,,,,,,"16,97","0,3201167","84,63126","16,97","0,3315608","84,63126",,,,"16,97","0,4261335","84,63126","16,97","0,3582636","84,63126"
,,,"16,98","0,3698667","84,68138",,,,,,,,,,"16,98","0,3169378","84,68125","16,98","0,3348986","84,68113",,,,"16,98","0,4261335","84,68113","16,98","0,3574689","84,68113"
,,,"16,99","0,369072","84,73125",,,,,,,,,,"16,99","0,3150304","84,73138","16,99","0,3395081","84,73113",,,,"16,99","0,4253387","84,73125","16,99","0,3587405","84,73125"
,,,"17","0,3674825","84,78138",,,,,,,,,,"17","0,3142357","84,78138","17","0,3442764","84,78138",,,,"17","0,4239082","84,78138","17","0,3622373","84,78138"
,,,"17,01","0,3666878","84,83125",,,,,,,,,,"17,01","0,313282","84,83138","17,01","0,3476143","84,83125",,,,"17,01","0,4210472","84,83125","17,01","0,3641447","84,83125"
,,,"17,02","0,3662109","84,88138",,,,,,,,,,"17,02","0,3110568","84,88126","17,02","0,3507932","84,88113",,,,"17,02","0,4181862","84,88113","17,02","0,3638268","84,88113"
,,,"17,03","0,3646215","84,93125",,,,,,,,,,"17,03","0,3085136","84,93125","17,03","0,35429","84,93113",,,,"17,03","0,4170736","84,93125","17,03","0,3649394","84,93125"
,,,"17,04","0,3619194","84,98138",,,,,,,,,,"17,04","0,3080368","84,98138","17,04","0,3558795","84,98113",,,,"17,04","0,4175504","84,98125","17,04","0,3665288","84,98113"
,,,"17,05","0,36033","85,03138",,,,,,,,,,"17,05","0,3105799","85,03138","17,05","0,3561974","85,03126",,,,"17,05","0,418663","85,03113","17,05","0,365893","85,03126"
,,,"17,06","0,3585815","85,08138",,,,,,,,,,"17,06","0,3134409","85,08125","17,06","0,3579458","85,081",,,,"17,06","0,4197756","85,081","17,06","0,3649394","85,08113"
,,,"17,07","0,3555616","85,13126",,,,,,,,,,"17,07","0,3164609","85,13126","17,07","0,3614426","85,13126",,,,"17,07","0,4194578","85,13126","17,07","0,3650983","85,13126"
,,,"17,08","0,3539721","85,1815",,,,,,,,,,"17,08","0,3204346","85,1815","17,08","0,3633499","85,18125",,,,"17,08","0,4191399","85,18125","17,08","0,3638268","85,18125"
,,,"17,09","0,3539721","85,23125",,,,,,,,,,"17,09","0,3240903","85,23125","17,09","0,3633499","85,23113",,,,"17,09","0,4199346","85,23113","17,09","0,3614426","85,23113"
,,,"17,1","0,3538132","85,28126",,,,,,,,,,"17,1","0,3264745","85,28138","17,1","0,3646215","85,28113",,,,"17,1","0,4221598","85,28113","17,1","0,3617605","85,28113"
,,,"17,11","0,3531774","85,33125",,,,,,,,,,"17,11","0,3293355","85,33138","17,11","0,3673235","85,33125",,,,"17,11","0,4226367","85,33125","17,11","0,363032","85,33125"
,,,"17,12","0,3534953","85,38138",,,,,,,,,,"17,12","0,3323555","85,3815","17,12","0,3701846","85,38126",,,,"17,12","0,421524","85,38126","17,12","0,3598531","85,38126"
,,,"17,13","0,3539721","85,43125",,,,,,,,,,"17,13","0,3333092","85,4315","17,13","0,3736814","85,43125",,,,"17,13","0,4210472","85,43113","17,13","0,3577868","85,43113"
,,,"17,14","0,3547668","85,48125",,,,,,,,,,"17,14","0,3331502","85,48125","17,14","0,377814","85,481",,,,"17,14","0,421524","85,481","17,14","0,36033","85,481"
,,,"17,15","0,3577868","85,53126",,,,,,,,,,"17,15","0,3339449","85,53138","17,15","0,3809929","85,53126",,,,"17,15","0,4223188","85,53138","17,15","0,3593763","85,53138"
,,,"17,16","0,3611247","85,58138",,,,,,,,,,"17,16","0,336806","85,5815","17,16","0,3825823","85,58125",,,,"17,16","0,4234314","85,58125","17,16","0,3515879","85,58125"
,,,"17,17","0,3633499","85,63138",,,,,,,,,,"17,17","0,3403028","85,63151","17,17","0,3852844","85,63126",,,,"17,17","0,4266103","85,63126","17,17","0,348409","85,63126"
,,,"17,18","0,3649394","85,68138",,,,,,,,,,"17,18","0,3410975","85,68125","17,18","0,3889402","85,68113",,,,"17,18","0,4302661","85,68113","17,18","0,3507932","85,68113"
,,,"17,19","0,3670057","85,73125",,,,,,,,,,"17,19","0,3403028","85,73138","17,19","0,3919601","85,73125",,,,"17,19","0,4324913","85,73125","17,19","0,3498395","85,73125"
,,,"17,2","0,3682772","85,78126",,,,,,,,,,"17,2","0,3428459","85,7815","17,2","0,3948212","85,78138",,,,"17,2","0,4337629","85,78126","17,2","0,3471375","85,78126"
,,,"17,21","0,3709793","85,83125",,,,,,,,,,"17,21","0,3471375","85,83138","17,21","0,3992716","85,83125",,,,"17,21","0,4361471","85,83125","17,21","0,3466606","85,831"
,,,"17,22","0,3765424","85,88113",,,,,,,,,,"17,22","0,3492037","85,88126","17,22","0,4035632","85,88126",,,,"17,22","0,4390081","85,88126","17,22","0,3444354","85,88126"
,,,"17,23","0,3816287","85,93113",,,,,,,,,,"17,23","0,3519058","85,93138","17,23","0,40706","85,93138",,,,"17,23","0,4417101","85,93125","17,23","0,3412565","85,93138"
,,,"17,24","0,3841718","85,98113",,,,,,,,,,"17,24","0,35429","85,98138","17,24","0,4111926","85,98138",,,,"17,24","0,4440943","85,98138","17,24","0,3431638","85,98125"
,,,"17,25","0,3868739","86,03126",,,,,,,,,,"17,25","0,3547668","86,03126","17,25","0,4175504","86,03138",,,,"17,25","0,4469554","86,03126","17,25","0,3482501","86,03138"
,,,"17,26","0,3911654","86,08125",,,,,,,,,,"17,26","0,3555616","86,08125","17,26","0,4231135","86,08113",,,,"17,26","0,4493395","86,08113","17,26","0,348409","86,08138"
,,,"17,27","0,3951391","86,13113",,,,,,,,,,"17,27","0,3561974","86,13138","17,27","0,4258156","86,13138",,,,"17,27","0,4504522","86,13138","17,27","0,3466606","86,13138"
,,,"17,28","0,3960927","86,18125",,,,,,,,,,"17,28","0,3547668","86,18138","17,28","0,4258156","86,18138",,,,"17,28","0,4491806","86,18138","17,28","0,3458659","86,18125"
,,,"17,29","0,3960927","86,23125",,,,,,,,,,"17,29","0,3531774","86,23125","17,29","0,424544","86,23125",,,,"17,29","0,4469554","86,23125","17,29","0,3444354","86,23113"
,,,"17,3","0,395298","86,28126",,,,,,,,,,"17,3","0,3531774","86,28126","17,3","0,4242261","86,28126",,,,"17,3","0,4472733","86,28126","17,3","0,3431638","86,28113"
,,,"17,31","0,3935496","86,33125",,,,,,,,,,"17,31","0,3531774","86,33125","17,31","0,4239082","86,33125",,,,"17,31","0,4488627","86,33125","17,31","0,3444354","86,33138"
,,,"17,32","0,3908475","86,38126",,,,,,,,,,"17,32","0,3534953","86,38138","17,32","0,4226367","86,38126",,,,"17,32","0,4488627","86,38113","17,32","0,3458659","86,38138"
,,,"17,33","0,3887812","86,43125",,,,,,,,,,"17,33","0,3554026","86,43138","17,33","0,4199346","86,43113",,,,"17,33","0,4491806","86,43125","17,33","0,3442764","86,43138"
,,,"17,34","0,3852844","86,48125",,,,,,,,,,"17,34","0,3577868","86,48125","17,34","0,415802","86,48113",,,,"17,34","0,4517237","86,48113","17,34","0,3436407","86,48113"
,,,"17,35","0,3801982","86,53126",,,,,,,,,,"17,35","0,3587405","86,53138","17,35","0,4088084","86,53126",,,,"17,35","0,4544258","86,53126","17,35","0,345548","86,53126"
,,,"17,36","0,3733635","86,58125",,,,,,,,,,"17,36","0,3593763","86,58138","17,36","0,398318","86,58125",,,,"17,36","0,4541079","86,58125","17,36","0,3471375","86,58125"
,,,"17,37","0,3650983","86,63126",,,,,,,,,,"17,37","0,3625552","86,63138","17,37","0,386397","86,63126",,,,"17,37","0,4525185","86,63126","17,37","0,348409","86,63113"
,,,"17,38","0,3555616","86,68125",,,,,,,,,,"17,38","0,365893","86,68125","17,38","0,3749529","86,68113",,,,"17,38","0,4520416","86,68113","17,38","0,3511111","86,68113"
,,,"17,39","0,3460248","86,73125",,,,,,,,,,"17,39","0,3665288","86,73125","17,39","0,3635089","86,73125",,,,"17,39","0,4533132","86,73113","17,39","0,3539721","86,73125"
,,,"17,4","0,3376007","86,78126",,,,,,,,,,"17,4","0,3666878","86,78138","17,4","0,3538132","86,78126",,,,"17,4","0,4556974","86,78126","17,4","0,3561974","86,78126"
,,,"17,41","0,3283819","86,83125",,,,,,,,,,"17,41","0,3666878","86,83138","17,41","0,3452301","86,83113",,,,"17,41","0,4580816","86,83125","17,41","0,3587405","86,83113"
,,,"17,42","0,3190041","86,88126",,,,,,,,,,"17,42","0,3627141","86,88126","17,42","0,3360113","86,881",,,,"17,42","0,4607836","86,88113","17,42","0,3606478","86,88113"
,,,"17,43","0,3129641","86,93125",,,,,,,,,,"17,43","0,3574689","86,93138","17,43","0,3261566","86,93113",,,,"17,43","0,4628499","86,93113","17,43","0,3587405","86,93125"
,,,"17,44","0,3097852","86,98125",,,,,,,,,,"17,44","0,35429","86,98138","17,44","0,3204346","86,98125",,,,"17,44","0,4650752","86,98113","17,44","0,3558795","86,98125"
,,,"17,45","0,307401","87,03138",,,,,,,,,,"17,45","0,3474554","87,03138","17,45","0,3196398","87,03126",,,,"17,45","0,4682541","87,03126","17,45","0,3566742","87,03126"
,,,"17,46","0,3053347","87,08138",,,,,,,,,,"17,46","0,3364881","87,08138","17,46","0,3204346","87,08113",,,,"17,46","0,471433","87,081","17,46","0,3577868","87,08113"
,,,"17,47","0,30454","87,13126",,,,,,,,,,"17,47","0,3339449","87,13138","17,47","0,3204346","87,13126",,,,"17,47","0,4731814","87,13113","17,47","0,3566742","87,13126"
,,,"17,48","0,3066063","87,18138",,,,,,,,,,"17,48","0,3355344","87,1815","17,48","0,3209114","87,18125",,,,"17,48","0,4722277","87,18113","17,48","0,3569921","87,18113"
,,,"17,49","0,3105799","87,23138",,,,,,,,,,"17,49","0,3296534","87,23138","17,49","0,3213882","87,23113",,,,"17,49","0,4687309","87,23113","17,49","0,3590584","87,23113"
,,,"17,5","0,3156662","87,28138",,,,,,,,,,"17,5","0,3229777","87,28138","17,5","0,3228188","87,28113",,,,"17,5","0,4644394","87,28126","17,5","0,3595352","87,28113"
,,,"17,51","0,3205935","87,33125",,,,,,,,,,"17,51","0,322183","87,33138","17,51","0,3256798","87,33125",,,,"17,51","0,4587173","87,33113","17,51","0,3590584","87,33125"
,,,"17,52","0,3252029","87,38138",,,,,,,,,,"17,52","0,319322","87,38151","17,52","0,3312429","87,38126",,,,"17,52","0,4488627","87,38126","17,52","0,3598531","87,38126"
,,,"17,53","0,3288587","87,43138",,,,,,,,,,"17,53","0,3137589","87,4315","17,53","0,3371239","87,43125",,,,"17,53","0,4353523","87,43125","17,53","0,3611247","87,43125"
,,,"17,54","0,3325144","87,48125",,,,,,,,,,"17,54","0,3145536","87,48125","17,54","0,3418922","87,48113",,,,"17,54","0,4199346","87,48113","17,54","0,3611247","87,48113"
,,,"17,55","0,3376007","87,53126",,,,,,,,,,"17,55","0,3185272","87,53138","17,55","0,345548","87,53126",,,,"17,55","0,4051526","87,53126","17,55","0,3598531","87,53126"
,,,"17,56","0,3450712","87,5815",,,,,,,,,,"17,56","0,3153483","87,5815","17,56","0,3482501","87,58125",,,,"17,56","0,3927549","87,58113","17,56","0,3587405","87,58113"
,,,"17,57","0,3530184","87,63138",,,,,,,,,,"17,57","0,3105799","87,63138","17,57","0,3515879","87,63113",,,,"17,57","0,3849665","87,63126","17,57","0,3585815","87,63126"
,,,"17,58","0,3593763","87,68138",,,,,,,,,,"17,58","0,3102621","87,68125","17,58","0,357151","87,68125",,,,"17,58","0,3840128","87,68113","17,58","0,360171","87,68125"
,,,"17,59","0,3643036","87,73125",,,,,,,,,,"17,59","0,3089905","87,73125","17,59","0,3622373","87,73125",,,,"17,59","0,3849665","87,73125","17,59","0,3619194","87,73125"
,,,"17,6","0,3698667","87,7815",,,,,,,,,,"17,6","0,3064474","87,78138","17,6","0,3646215","87,78126",,,,"17,6","0,3852844","87,78126","17,6","0,3619194","87,78126"
,,,"17,61","0,3757477","87,8315",,,,,,,,,,"17,61","0,3093084","87,83138","17,61","0,3662109","87,83125",,,,"17,61","0,3852844","87,83125","17,61","0,3611247","87,83125"
,,,"17,62","0,3816287","87,88138",,,,,,,,,,"17,62","0,3148715","87,88126","17,62","0,3685951","87,88126",,,,"17,62","0,386397","87,88126","17,62","0,3609657","87,88126"
,,,"17,63","0,386397","87,93138",,,,,,,,,,"17,63","0,3169378","87,93138","17,63","0,3706614","87,93125",,,,"17,63","0,3881454","87,93125","17,63","0,3614426","87,93113"
,,,"17,64","0,3884633","87,98138",,,,,,,,,,"17,64","0,3182093","87,98125","17,64","0,3720919","87,98113",,,,"17,64","0,3908475","87,98125","17,64","0,3609657","87,98125"
,,,"17,65","0,3889402","88,0315",,,,,,,,,,"17,65","0,3217061","88,03126","17,65","0,3736814","88,03126",,,,"17,65","0,3943443","88,03126","17,65","0,3595352","88,03126"
,,,"17,66","0,3900528","88,08138",,,,,,,,,,"17,66","0,3229777","88,08113","17,66","0,3738403","88,08113",,,,"17,66","0,3968875","88,08113","17,66","0,3585815","88,08113"
,,,"17,67","0,392437","88,13113",,,,,,,,,,"17,67","0,3225009","88,13126","17,67","0,3728867","88,13126",,,,"17,67","0,4000664","88,13126","17,67","0,3577868","88,13126"
,,,"17,68","0,3964106","88,18138",,,,,,,,,,"17,68","0,3259977","88,18125","17,68","0,3728867","88,18125",,,,"17,68","0,4046758","88,18125","17,68","0,3550847","88,18125"
,,,"17,69","0,401179","88,23138",,,,,,,,,,"17,69","0,3293355","88,23125","17,69","0,3757477","88,23125",,,,"17,69","0,4096031","88,23125","17,69","0,3503164","88,23113"
,,,"17,7","0,4054705","88,28138",,,,,,,,,,"17,7","0,3291766","88,28126","17,7","0,3794034","88,28113",,,,"17,7","0,4151662","88,28126","17,7","0,3466606","88,28113"
,,,"17,71","0,4064242","88,33125",,,,,,,,,,"17,71","0,3304482","88,33125","17,71","0,3833771","88,33125",,,,"17,71","0,4207293","88,33125","17,71","0,3450712","88,33125"
,,,"17,72","0,4051526","88,38126",,,,,,,,,,"17,72","0,3339449","88,38138","17,72","0,3868739","88,38138",,,,"17,72","0,424544","88,38126","17,72","0,3442764","88,38126"
,,,"17,73","0,4035632","88,43125",,,,,,,,,,"17,73","0,3348986","88,43138","17,73","0,3892581","88,43125",,,,"17,73","0,4266103","88,43113","17,73","0,3452301","88,43125"
,,,"17,74","0,4016558","88,48125",,,,,,,,,,"17,74","0,3339449","88,48113","17,74","0,3908475","88,481",,,,"17,74","0,4281998","88,481","17,74","0,3482501","88,48113"
,,,"17,75","0,3984769","88,53126",,,,,,,,,,"17,75","0,3348986","88,53138","17,75","0,3935496","88,53138",,,,"17,75","0,4302661","88,53126","17,75","0,3498395","88,53126"
,,,"17,76","0,3951391","88,58138",,,,,,,,,,"17,76","0,3356934","88,58138","17,76","0,3960927","88,58125",,,,"17,76","0,4321734","88,58125","17,76","0,348409","88,58125"
,,,"17,77","0,3932317","88,63126",,,,,,,,,,"17,77","0,3360113","88,63126","17,77","0,3980001","88,63113",,,,"17,77","0,4340807","88,63113","17,77","0,3479322","88,63113"
,,,"17,78","0,3908475","88,68125",,,,,,,,,,"17,78","0,3388723","88,68125","17,78","0,4024506","88,68113",,,,"17,78","0,4377365","88,68113","17,78","0,3476143","88,68113"
,,,"17,79","0,386397","88,73113",,,,,,,,,,"17,79","0,342687","88,73125","17,79","0,4102389","88,73125",,,,"17,79","0,442028","88,73125","17,79","0,3471375","88,73125"
,,,"17,8","0,3821055","88,78138",,,,,,,,,,"17,8","0,3436407","88,78138","17,8","0,4151662","88,78126",,,,"17,8","0,445207","88,78126","17,8","0,3492037","88,78126"
,,,"17,81","0,3784498","88,83125",,,,,,,,,,"17,81","0,3442764","88,83138","17,81","0,4150073","88,83125",,,,"17,81","0,4453659","88,83125","17,81","0,3531774","88,83125"
,,,"17,82","0,3738403","88,88126",,,,,,,,,,"17,82","0,3463427","88,88126","17,82","0,4135768","88,88113",,,,"17,82","0,4437765","88,88126","17,82","0,3539721","88,88113"
,,,"17,83","0,369072","88,93125",,,,,,,,,,"17,83","0,3460248","88,93125","17,83","0,4135768","88,93125",,,,"17,83","0,442187","88,93125","17,83","0,3531774","88,93125"
,,,"17,84","0,3643036","88,98138",,,,,,,,,,"17,84","0,3439585","88,98138","17,84","0,4135768","88,98125",,,,"17,84","0,4409154","88,98125","17,84","0,3538132","88,98125"
,,,"17,85","0,3582636","89,03138",,,,,,,,,,"17,85","0,3450712","89,03138","17,85","0,4123052","89,03138",,,,"17,85","0,4388491","89,03126","17,85","0,3550847","89,03126"
,,,"17,86","0,3511111","89,08138",,,,,,,,,,"17,86","0,3495216","89,08138","17,86","0,409921","89,08113",,,,"17,86","0,433445","89,08113","17,86","0,3547668","89,08125"
,,,"17,87","0,3452301","89,13126",,,,,,,,,,"17,87","0,3523827","89,13126","17,87","0,4056295","89,13126",,,,"17,87","0,4266103","89,13138","17,87","0,35429","89,13138"
,,,"17,88","0,3391902","89,1815",,,,,,,,,,"17,88","0,3527006","89,18138","17,88","0,3987948","89,18138",,,,"17,88","0,4199346","89,18138","17,88","0,35429","89,18138"
,,,"17,89","0,3312429","89,23138",,,,,,,,,,"17,89","0,3538132","89,23125","17,89","0,3897349","89,23125",,,,"17,89","0,4126231","89,23138","17,89","0,3550847","89,23125"
,,,"17,9","0,3245672","89,28138",,,,,,,,,,"17,9","0,3558795","89,28126","17,9","0,3809929","89,28126",,,,"17,9","0,4048347","89,28126","17,9","0,3554026","89,28138"
,,,"17,91","0,3209114","89,33138",,,,,,,,,,"17,91","0,3569921","89,33125","17,91","0,3728867","89,33125",,,,"17,91","0,3991127","89,33138","17,91","0,3538132","89,33138"
,,,"17,92","0,3172556","89,38138",,,,,,,,,,"17,92","0,3550847","89,38138","17,92","0,3657341","89,38138",,,,"17,92","0,3956159","89,38138","17,92","0,3515879","89,38138"
,,,"17,93","0,3137589","89,43138",,,,,,,,,,"17,93","0,3530184","89,43138","17,93","0,3598531","89,43138",,,,"17,93","0,3929138","89,43125","17,93","0,3503164","89,43138"
,,,"17,94","0,313282","89,48125",,,,,,,,,,"17,94","0,3530184","89,48125","17,94","0,3550847","89,48125",,,,"17,94","0,3905296","89,48125","17,94","0,3511111","89,48125"
,,,"17,95","0,3137589","89,53126",,,,,,,,,,"17,95","0,3554026","89,53138","17,95","0,3490448","89,53138",,,,"17,95","0,3884633","89,53138","17,95","0,3523827","89,53138"
,,,"17,96","0,3142357","89,58138",,,,,,,,,,"17,96","0,3563563","89,58138","17,96","0,3420512","89,58125",,,,"17,96","0,3857613","89,58125","17,96","0,3530184","89,58125"
,,,"17,97","0,3164609","89,63138",,,,,,,,,,"17,97","0,3547668","89,63126","17,97","0,3383954","89,63138",,,,"17,97","0,383695","89,63138","17,97","0,3530184","89,63126"
,,,"17,98","0,3188451","89,68138",,,,,,,,,,"17,98","0,3507932","89,68125","17,98","0,336806","89,68125",,,,"17,98","0,3824234","89,68125","17,98","0,3539721","89,68125"
,,,"17,99","0,3190041","89,73125",,,,,,,,,,"17,99","0,3452301","89,73125","17,99","0,3344218","89,73125",,,,"17,99","0,3821055","89,73138","17,99","0,3554026","89,73138"
,,,"18","0,3196398","89,78138",,,,,,,,,,"18","0,3387133","89,78138","18","0,3320376","89,7815",,,,"18","0,3829002","89,7815","18","0,3558795","89,78138"
,,,"18,01","0,3236135","89,83125",,,,,,,,,,"18,01","0,3317197","89,83138","18,01","0,3323555","89,83125",,,,"18,01","0,3833771","89,83125","18,01","0,3563563","89,83138"
,,,"18,02","0,3293355","89,88126",,,,,,,,,,"18,02","0,3259977","89,88126","18,02","0,3352165","89,88126",,,,"18,02","0,3833771","89,88126","18,02","0,3563563","89,88126"
,,,"18,03","0,3339449","89,93113",,,,,,,,,,"18,03","0,322183","89,93138","18,03","0,3388723","89,93138",,,,"18,03","0,3848076","89,93138","18,03","0,3554026","89,93125"
,,,"18,04","0,3379186","89,98125",,,,,,,,,,"18,04","0,3213882","89,98125","18,04","0,3423691","89,98125",,,,"18,04","0,3873507","89,98113","18,04","0,3539721","89,98125"
,,,"18,05","0,3428459","90,03126",,,,,,,,,,"18,05","0,3204346","90,03126","18,05","0,3466606","90,03126",,,,"18,05","0,3908475","90,03113","18,05","0,35429","90,03126"
,,,"18,06","0,3474554","90,08125",,,,,,,,,,"18,06","0,3177325","90,08125","18,06","0,3511111","90,08113",,,,"18,06","0,3945033","90,08113","18,06","0,3546079","90,08113"
,,,"18,07","0,3519058","90,131",,,,,,,,,,"18,07","0,3172556","90,13126","18,07","0,3550847","90,13126",,,,"18,07","0,3987948","90,13113","18,07","0,3539721","90,13126"
,,,"18,08","0,3574689","90,18125",,,,,,,,,,"18,08","0,3213882","90,18138","18,08","0,3577868","90,18113",,,,"18,08","0,4032453","90,18125","18,08","0,3539721","90,18113"
,,,"18,09","0,3633499","90,23125",,,,,,,,,,"18,09","0,3269514","90,23125","18,09","0,360171","90,23125",,,,"18,09","0,4064242","90,23113","18,09","0,3546079","90,23113"
,,,"18,1","0,3678004","90,28126",,,,,,,,,,"18,1","0,3301302","90,28138","18,1","0,3625552","90,28113",,,,"18,1","0,4088084","90,28113","18,1","0,3538132","90,28113"
,,,"18,11","0,3705025","90,33113",,,,,,,,,,"18,11","0,3312429","90,33125","18,11","0,3646215","90,33113",,,,"18,11","0,4123052","90,33113","18,11","0,351429","90,33113"
,,,"18,12","0,3714561","90,38126",,,,,,,,,,"18,12","0,3323555","90,38138","18,12","0,3674825","90,38126",,,,"18,12","0,4173914","90,38126","18,12","0,3506342","90,38126"
,,,"18,13","0,3705025","90,43125",,,,,,,,,,"18,13","0,3331502","90,43138","18,13","0,3709793","90,43125",,,,"18,13","0,421524","90,43125","18,13","0,3507932","90,43125"
,,,"18,14","0,3681183","90,48113",,,,,,,,,,"18,14","0,3347397","90,48125","18,14","0,3754298","90,481",,,,"18,14","0,4242261","90,48088","18,14","0,3503164","90,481"
,,,"18,15","0,3673235","90,53126",,,,,,,,,,"18,15","0,3387133","90,5315","18,15","0,3786087","90,53113",,,,"18,15","0,4266103","90,53113","18,15","0,348409","90,53113"
,,,"18,16","0,3674825","90,58125",,,,,,,,,,"18,16","0,3447533","90,5815","18,16","0,3789266","90,58113",,,,"18,16","0,4281998","90,58125","18,16","0,3458659","90,58125"
,,,"18,17","0,3665288","90,63113",,,,,,,,,,"18,17","0,3495216","90,63138","18,17","0,3784498","90,63113",,,,"18,17","0,4302661","90,63113","18,17","0,3439585","90,63113"
,,,"18,18","0,3638268","90,68113",,,,,,,,,,"18,18","0,3515879","90,68138","18,18","0,3805161","90,68113",,,,"18,18","0,4345576","90,68113","18,18","0,3439585","90,68101"
,,,"18,19","0,363032","90,73113",,,,,,,,,,"18,19","0,3522237","90,73138","18,19","0,3844897","90,731",,,,"18,19","0,4390081","90,73113","18,19","0,345548","90,73113"
,,,"18,2","0,3641447","90,78126",,,,,,,,,,"18,2","0,3527006","90,7815","18,2","0,3873507","90,78126",,,,"18,2","0,4412333","90,78126","18,2","0,3463427","90,78126"
,,,"18,21","0,3654162","90,83138",,,,,,,,,,"18,21","0,3555616","90,83138","18,21","0,3887812","90,83125",,,,"18,21","0,4404386","90,83125","18,21","0,3474554","90,83125"
,,,"18,22","0,3654162","90,88126",,,,,,,,,,"18,22","0,360171","90,88138","18,22","0,3908475","90,88113",,,,"18,22","0,4396439","90,88113","18,22","0,3495216","90,88113"
,,,"18,23","0,3646215","90,93138",,,,,,,,,,"18,23","0,3611247","90,9315","18,23","0,3945033","90,93125",,,,"18,23","0,4385312","90,93125","18,23","0,351429","90,93113"
,,,"18,24","0,3625552","90,98125",,,,,,,,,,"18,24","0,3569921","90,98151","18,24","0,398318","90,98125",,,,"18,24","0,4364649","90,98125","18,24","0,3523827","90,98113"
,,,"18,25","0,360171","91,03138",,,,,,,,,,"18,25","0,3522237","91,0315","18,25","0,401179","91,03138",,,,"18,25","0,4345576","91,03126","18,25","0,3539721","91,03101"
,,,"18,26","0,3585815","91,08138",,,,,,,,,,"18,26","0,3503164","91,08138","18,26","0,4038811","91,08113",,,,"18,26","0,433445","91,081","18,26","0,3550847","91,081"
,,,"18,27","0,3577868","91,13126",,,,,,,,,,"18,27","0,3498395","91,13138","18,27","0,4067421","91,13126",,,,"18,27","0,4321734","91,13126","18,27","0,3566742","91,13138"
,,,"18,28","0,3579458","91,18138",,,,,,,,,,"18,28","0,3487269","91,1815","18,28","0,4088084","91,18125",,,,"18,28","0,4301071","91,18113","18,28","0,3590584","91,18138"
,,,"18,29","0,3582636","91,23125",,,,,,,,,,"18,29","0,3471375","91,23138","18,29","0,4110336","91,23113",,,,"18,29","0,4281998","91,23125","18,29","0,3622373","91,23125"
,,,"18,3","0,3587405","91,28138",,,,,,,,,,"18,3","0,3463427","91,28126","18,3","0,4150073","91,28126",,,,"18,3","0,4281998","91,28126","18,3","0,3638268","91,28126"
,,,"18,31","0,3598531","91,33125",,,,,,,,,,"18,31","0,3458659","91,33125","18,31","0,4173914","91,33125",,,,"18,31","0,4293124","91,33125","18,31","0,363032","91,33138"
,,,"18,32","0,3617605","91,38138",,,,,,,,,,"18,32","0,3460248","91,38138","18,32","0,418663","91,38138",,,,"18,32","0,4293124","91,38126","18,32","0,3627141","91,38126"
,,,"18,33","0,3641447","91,43138",,,,,,,,,,"18,33","0,3482501","91,43138","18,33","0,4205704","91,43125",,,,"18,33","0,4285177","91,43125","18,33","0,3650983","91,43113"
,,,"18,34","0,3657341","91,48125",,,,,,,,,,"18,34","0,3511111","91,48113","18,34","0,4210472","91,48113",,,,"18,34","0,427405","91,48113","18,34","0,3674825","91,481"
,,,"18,35","0,3666878","91,53126",,,,,,,,,,"18,35","0,3531774","91,53126","18,35","0,4183451","91,53138",,,,"18,35","0,4261335","91,53126","18,35","0,3674825","91,53138"
,,,"18,36","0,3674825","91,58138",,,,,,,,,,"18,36","0,3538132","91,58138","18,36","0,4143715","91,58125",,,,"18,36","0,4258156","91,58125","18,36","0,3674825","91,58125"
,,,"18,37","0,3682772","91,63138",,,,,,,,,,"18,37","0,3534953","91,63138","18,37","0,4111926","91,63113",,,,"18,37","0,4269282","91,63113","18,37","0,3685951","91,63138"
,,,"18,38","0,3682772","91,68125",,,,,,,,,,"18,38","0,3523827","91,68125","18,38","0,4064242","91,68101",,,,"18,38","0,4281998","91,68125","18,38","0,3697077","91,68113"
,,,"18,39","0,3674825","91,73113",,,,,,,,,,"18,39","0,3507932","91,73113","18,39","0,3968875","91,73125",,,,"18,39","0,4297892","91,73113","18,39","0,368913","91,73125"
,,,"18,4","0,3682772","91,78138",,,,,,,,,,"18,4","0,3503164","91,78126","18,4","0,3856023","91,78138",,,,"18,4","0,4326502","91,78126","18,4","0,3666878","91,78138"
,,,"18,41","0,3712972","91,83125",,,,,,,,,,"18,41","0,351429","91,83138","18,41","0,3749529","91,83125",,,,"18,41","0,4353523","91,83125","18,41","0,3641447","91,83125"
,,,"18,42","0,3754298","91,88126",,,,,,,,,,"18,42","0,3531774","91,88126","18,42","0,3643036","91,88113",,,,"18,42","0,4358292","91,88113","18,42","0,3609657","91,88113"
,,,"18,43","0,3781319","91,93125",,,,,,,,,,"18,43","0,3554026","91,93125","18,43","0,3534953","91,93125",,,,"18,43","0,4356702","91,93113","18,43","0,3579458","91,93113"
,,,"18,44","0,3797213","91,98138",,,,,,,,,,"18,44","0,357151","91,98125","18,44","0,3442764","91,98113",,,,"18,44","0,4374186","91,98113","18,44","0,3554026","91,98125"
,,,"18,45","0,3805161","92,03138",,,,,,,,,,"18,45","0,3582636","92,03138","18,45","0,3363291","92,03138",,,,"18,45","0,4412333","92,03113","18,45","0,3539721","92,03126"
,,,"18,46","0,3800392","92,08138",,,,,,,,,,"18,46","0,3595352","92,08125","18,46","0,3288587","92,08113",,,,"18,46","0,4440943","92,08113","18,46","0,3550847","92,08113"
,,,"18,47","0,377655","92,13113",,,,,,,,,,"18,47","0,3617605","92,13113","18,47","0,3229777","92,13138",,,,"18,47","0,4445712","92,13138","18,47","0,357151","92,13138"
,,,"18,48","0,3722509","92,18138",,,,,,,,,,"18,48","0,3627141","92,18138","18,48","0,3182093","92,18125",,,,"18,48","0,4425049","92,18125","18,48","0,3577868","92,18125"
,,,"18,49","0,3625552","92,23138",,,,,,,,,,"18,49","0,3622373","92,23125","18,49","0,3134409","92,23125",,,,"18,49","0,4382133","92,23113","18,49","0,3555616","92,23113"
,,,"18,5","0,3490448","92,28138",,,,,,,,,,"18,5","0,3611247","92,28126","18,5","0,3102621","92,28126",,,,"18,5","0,433286","92,28126","18,5","0,3539721","92,28126"
,,,"18,51","0,3356934","92,33138",,,,,,,,,,"18,51","0,3611247","92,33125","18,51","0,3089905","92,33125",,,,"18,51","0,4285177","92,33125","18,51","0,3547668","92,33125"
,,,"18,52","0,3252029","92,38138",,,,,,,,,,"18,52","0,3614426","92,38138","18,52","0,3080368","92,38138",,,,"18,52","0,4231135","92,38126","18,52","0,3561974","92,38126"
,,,"18,53","0,3169378","92,43138",,,,,,,,,,"18,53","0,3611247","92,43138","18,53","0,3080368","92,43125",,,,"18,53","0,4159609","92,43113","18,53","0,3558795","92,43125"
,,,"18,54","0,3108978","92,48138",,,,,,,,,,"18,54","0,3593763","92,48125","18,54","0,3097852","92,48113",,,,"18,54","0,4088084","92,481","18,54","0,3546079","92,48113"
,,,"18,55","0,3080368","92,53138",,,,,,,,,,"18,55","0,3579458","92,5315","18,55","0,3116926","92,53113",,,,"18,55","0,4051526","92,53126","18,55","0,3530184","92,53126"
,,,"18,56","0,3072421","92,58138",,,,,,,,,,"18,56","0,3558795","92,58138","18,56","0,3118515","92,58125",,,,"18,56","0,4038811","92,58138","18,56","0,3515879","92,58125"
,,,"18,57","0,3072421","92,63138",,,,,,,,,,"18,57","0,3523827","92,63138","18,57","0,3126462","92,63126",,,,"18,57","0,4035632","92,63126","18,57","0,3507932","92,63113"
,,,"18,58","0,3088315","92,68138",,,,,,,,,,"18,58","0,3490448","92,68125","18,58","0,3164609","92,68101",,,,"18,58","0,4035632","92,68113","18,58","0,3503164","92,68113"
,,,"18,59","0,3124873","92,73125",,,,,,,,,,"18,59","0,3460248","92,73125","18,59","0,3212293","92,73113",,,,"18,59","0,4022916","92,73113","18,59","0,3503164","92,73113"
,,,"18,6","0,3158251","92,7815",,,,,,,,,,"18,6","0,3418922","92,7815","18,6","0,3245672","92,78126",,,,"18,6","0,4003843","92,78126","18,6","0,3530184","92,78126"
,,,"18,61","0,3169378","92,83138",,,,,,,,,,"18,61","0,3363291","92,83138","18,61","0,3264745","92,83125",,,,"18,61","0,4007021","92,83113","18,61","0,3574689","92,83125"
,,,"18,62","0,3174146","92,88138",,,,,,,,,,"18,62","0,3323555","92,88126","18,62","0,3291766","92,88113",,,,"18,62","0,4032453","92,881","18,62","0,3609657","92,88113"
,,,"18,63","0,3190041","92,93138",,,,,,,,,,"18,63","0,3299713","92,93138","18,63","0,3323555","92,93125",,,,"18,63","0,4067421","92,93113","18,63","0,3617605","92,93125"
,,,"18,64","0,3213882","92,98138",,,,,,,,,,"18,64","0,3261566","92,98151","18,64","0,3344218","92,98125",,,,"18,64","0,4102389","92,98125","18,64","0,3609657","92,98125"
,,,"18,65","0,3240903","93,0315",,,,,,,,,,"18,65","0,3228188","93,03138","18,65","0,3355344","93,03126",,,,"18,65","0,4146894","93,03126","18,65","0,3590584","93,03126"
,,,"18,66","0,3275871","93,0815",,,,,,,,,,"18,66","0,3212293","93,08138","18,66","0,3347397","93,08113",,,,"18,66","0,4202525","93,08113","18,66","0,3561974","93,08113"
,,,"18,67","0,3331502","93,13138",,,,,,,,,,"18,67","0,3197988","93,13138","18,67","0,3348986","93,13126",,,,"18,67","0,424544","93,13138","18,67","0,3539721","93,13126"
,,,"18,68","0,3412565","93,1815",,,,,,,,,,"18,68","0,3169378","93,18125","18,68","0,336806","93,18125",,,,"18,68","0,4258156","93,18125","18,68","0,3530184","93,18125"
,,,"18,69","0,3511111","93,23138",,,,,,,,,,"18,69","0,3129641","93,23138","18,69","0,3387133","93,23125",,,,"18,69","0,4253387","93,23125","18,69","0,3519058","93,23113"
,,,"18,7","0,3595352","93,28138",,,,,,,,,,"18,7","0,3102621","93,28138","18,7","0,3403028","93,28126",,,,"18,7","0,4266103","93,28113","18,7","0,3511111","93,28126"
,,,"18,71","0,3643036","93,33113",,,,,,,,,,"18,71","0,3097852","93,33125","18,71","0,3415743","93,33113",,,,"18,71","0,4289945","93,33113","18,71","0,351429","93,33125"
,,,"18,72","0,3657341","93,38138",,,,,,,,,,"18,72","0,3124873","93,38138","18,72","0,3434817","93,38113",,,,"18,72","0,4321734","93,38126","18,72","0,3519058","93,38126"
,,,"18,73","0,365893","93,43125",,,,,,,,,,"18,73","0,316143","93,43138","18,73","0,3471375","93,43125",,,,"18,73","0,4350344","93,43125","18,73","0,3530184","93,43125"
,,,"18,74","0,3665288","93,48125",,,,,,,,,,"18,74","0,3180504","93,48125","18,74","0,3523827","93,48113",,,,"18,74","0,4377365","93,48113","18,74","0,3531774","93,48113"
,,,"18,75","0,3673235","93,53113",,,,,,,,,,"18,75","0,3185272","93,53138","18,75","0,3566742","93,53126",,,,"18,75","0,4398028","93,53126","18,75","0,3522237","93,53126"
,,,"18,76","0,3681183","93,58125",,,,,,,,,,"18,76","0,3196398","93,58138","18,76","0,3587405","93,58125",,,,"18,76","0,4409154","93,58125","18,76","0,3487269","93,58113"
,,,"18,77","0,369072","93,63126",,,,,,,,,,"18,77","0,3196398","93,63138","18,77","0,3595352","93,63126",,,,"18,77","0,4409154","93,63126","18,77","0,345548","93,63126"
,,,"18,78","0,3698667","93,68125",,,,,,,,,,"18,78","0,3204346","93,68125","18,78","0,3611247","93,68113",,,,"18,78","0,442187","93,68125","18,78","0,3436407","93,68125"
,,,"18,79","0,3709793","93,731",,,,,,,,,,"18,79","0,3225009","93,73125","18,79","0,363032","93,73125",,,,"18,79","0,445207","93,73138","18,79","0,3420512","93,73138"
,,,"18,8","0,3728867","93,78126",,,,,,,,,,"18,8","0,3253619","93,78138","18,8","0,3643036","93,78138",,,,"18,8","0,4472733","93,78138","18,8","0,3412565","93,78126"
,,,"18,81","0,3754298","93,83125",,,,,,,,,,"18,81","0,3272692","93,83125","18,81","0,3662109","93,83125",,,,"18,81","0,4467964","93,83138","18,81","0,3428459","93,83125"
,,,"18,82","0,3784498","93,88126",,,,,,,,,,"18,82","0,3301302","93,88126","18,82","0,3701846","93,88138",,,,"18,82","0,4456838","93,88126","18,82","0,3444354","93,88126"
,,,"18,83","0,3816287","93,93113",,,,,,,,,,"18,83","0,3348986","93,93125","18,83","0,3744761","93,93138",,,,"18,83","0,4456838","93,93138","18,83","0,3439585","93,93138"
,,,"18,84","0,383695","93,98113",,,,,,,,,,"18,84","0,3388723","93,98138","18,84","0,3781319","93,98125",,,,"18,84","0,4461606","93,98138","18,84","0,3447533","93,98138"
,,,"18,85","0,3824234","94,03126",,,,,,,,,,"18,85","0,3410975","94,03126","18,85","0,3833771","94,03138",,,,"18,85","0,4467964","94,03126","18,85","0,3471375","94,03138"
,,,"18,86","0,3784498","94,08125",,,,,,,,,,"18,86","0,3428459","94,08125","18,86","0,3889402","94,08125",,,,"18,86","0,4464785","94,08125","18,86","0,3471375","94,08125"
,,,"18,87","0,3754298","94,13113",,,,,,,,,,"18,87","0,3450712","94,13126","18,87","0,3940264","94,13138",,,,"18,87","0,4456838","94,13138","18,87","0,3444354","94,13138"
,,,"18,88","0,3754298","94,18138",,,,,,,,,,"18,88","0,3468195","94,18125","18,88","0,3992716","94,18138",,,,"18,88","0,4444122","94,18138","18,88","0,342687","94,18138"
,,,"18,89","0,3757477","94,23138",,,,,,,,,,"18,89","0,3498395","94,23113","18,89","0,4059474","94,23125",,,,"18,89","0,4417101","94,23125","18,89","0,3418922","94,23125"
,,,"18,9","0,3733635","94,28138",,,,,,,,,,"18,9","0,3531774","94,28126","18,9","0,4107157","94,28126",,,,"18,9","0,4382133","94,28113","18,9","0,3420512","94,28113"
,,,"18,91","0,3685951","94,33125",,,,,,,,,,"18,91","0,3539721","94,33138","18,91","0,4130999","94,33125",,,,"18,91","0,4348755","94,33125","18,91","0,3431638","94,33125"
,,,"18,92","0,3641447","94,38138",,,,,,,,,,"18,92","0,3534953","94,38126","18,92","0,4154841","94,38138",,,,"18,92","0,4324913","94,38138","18,92","0,3447533","94,38138"
,,,"18,93","0,3606478","94,43138",,,,,,,,,,"18,93","0,3546079","94,43138","18,93","0,4189809","94,43125",,,,"18,93","0,4293124","94,43125","18,93","0,3452301","94,43125"
,,,"18,94","0,3579458","94,48125",,,,,,,,,,"18,94","0,3555616","94,48125","18,94","0,4221598","94,48113",,,,"18,94","0,4231135","94,48113","18,94","0,3460248","94,48113"
,,,"18,95","0,3554026","94,53126",,,,,,,,,,"18,95","0,3547668","94,53138","18,95","0,4239082","94,53126",,,,"18,95","0,415802","94,53126","18,95","0,3476143","94,53126"
,,,"18,96","0,3511111","94,58125",,,,,,,,,,"18,96","0,3563563","94,58138","18,96","0,4229546","94,58138",,,,"18,96","0,409921","94,58125","18,96","0,3479322","94,58125"
,,,"18,97","0,3460248","94,63113",,,,,,,,,,"18,97","0,3614426","94,63126","18,97","0,4194578","94,63126",,,,"18,97","0,4056295","94,63138","18,97","0,3468195","94,63126"
,,,"18,98","0,3412565","94,68125",,,,,,,,,,"18,98","0,3650983","94,68125","18,98","0,4126231","94,68113",,,,"18,98","0,4019737","94,68113","18,98","0,3468195","94,68113"
,,,"18,99","0,336806","94,73125",,,,,,,,,,"18,99","0,3657341","94,73125","18,99","0,4022916","94,73113",,,,"18,99","0,3975233","94,73125","18,99","0,3487269","94,73125"
,,,"19","0,3315608","94,78138",,,,,,,,,,"19","0,3670057","94,78138","19","0,3919601","94,78126",,,,"19","0,3919601","94,78126","19","0,3507932","94,78126"
,,,"19,01","0,3252029","94,83138",,,,,,,,,,"19,01","0,3706614","94,83138","19,01","0,3824234","94,83113",,,,"19,01","0,3860792","94,83125","19,01","0,3522237","94,83125"
,,,"19,02","0,3180504","94,88126",,,,,,,,,,"19,02","0,3736814","94,88126","19,02","0,371774","94,88113",,,,"19,02","0,3813108","94,88113","19,02","0,3534953","94,88113"
,,,"19,03","0,3121694","94,93125",,,,,,,,,,"19,03","0,3738403","94,93138","19,03","0,3590584","94,93113",,,,"19,03","0,3797213","94,93125","19,03","0,3538132","94,93113"
,,,"19,04","0,3085136","94,98125",,,,,,,,,,"19,04","0,3720919","94,98138","19,04","0,3468195","94,98113",,,,"19,04","0,3800392","94,98125","19,04","0,3527006","94,98125"
,,,"19,05","0,3069242","95,03138",,,,,,,,,,"19,05","0,3706614","95,0315","19,05","0,3371239","95,03126",,,,"19,05","0,380834","95,03126","19,05","0,3531774","95,03113"
,,,"19,06","0,3056526","95,08125",,,,,,,,,,"19,06","0,3705025","95,08138","19,06","0,3291766","95,081",,,,"19,06","0,3801982","95,081","19,06","0,3550847","95,081"
,,,"19,07","0,3048579","95,13126",,,,,,,,,,"19,07","0,3693899","95,13138","19,07","0,322024","95,13126",,,,"19,07","0,3789266","95,13113","19,07","0,3558795","95,13126"
,,,"19,08","0,3056526","95,18138",,,,,,,,,,"19,08","0,3657341","95,1815","19,08","0,3150304","95,18125",,,,"19,08","0,377655","95,18125","19,08","0,3547668","95,18125"
,,,"19,09","0,3080368","95,23125",,,,,,,,,,"19,09","0,36033","95,23151","19,09","0,3097852","95,23113",,,,"19,09","0,377655","95,23113","19,09","0,3546079","95,23113"
,,,"19,1","0,3105799","95,28138",,,,,,,,,,"19,1","0,3558795","95,2815","19,1","0,307401","95,28113",,,,"19,1","0,3792445","95,28113","19,1","0,3550847","95,28113"
,,,"19,11","0,3126462","95,33125",,,,,,,,,,"19,11","0,351429","95,33138","19,11","0,3072421","95,33125",,,,"19,11","0,3801982","95,33125","19,11","0,3539721","95,33125"
,,,"19,12","0,3126462","95,38138",,,,,,,,,,"19,12","0,3450712","95,38151","19,12","0,3085136","95,38126",,,,"19,12","0,3817876","95,38126","19,12","0,3527006","95,38126"
,,,"19,13","0,3126462","95,43125",,,,,,,,,,"19,13","0,3383954","95,43138","19,13","0,3108978","95,43113",,,,"19,13","0,3849665","95,43113","19,13","0,3538132","95,43113"
,,,"19,14","0,3140768","95,48125",,,,,,,,,,"19,14","0,3336271","95,48125","19,14","0,3142357","95,481",,,,"19,14","0,389576","95,481","19,14","0,3558795","95,481"
,,,"19,15","0,3164609","95,53126",,,,,,,,,,"19,15","0,3299713","95,53138","19,15","0,3185272","95,53113",,,,"19,15","0,3937086","95,53126","19,15","0,3558795","95,53126"
,,,"19,16","0,3204346","95,58138",,,,,,,,,,"19,16","0,3269514","95,58138","19,16","0,3240903","95,58113",,,,"19,16","0,3967285","95,58125","19,16","0,3539721","95,58125"
,,,"19,17","0,3264745","95,63126",,,,,,,,,,"19,17","0,3245672","95,63151","19,17","0,3293355","95,63126",,,,"19,17","0,3991127","95,63113","19,17","0,3547668","95,63126"
,,,"19,18","0,3336271","95,68125",,,,,,,,,,"19,18","0,3217061","95,68138","19,18","0,3333092","95,68113",,,,"19,18","0,4019737","95,68113","19,18","0,3563563","95,68113"
,,,"19,19","0,339667","95,73125",,,,,,,,,,"19,19","0,3190041","95,73125","19,19","0,3364881","95,73125",,,,"19,19","0,4032453","95,73125","19,19","0,3547668","95,73125"
,,,"19,2","0,3452301","95,78138",,,,,,,,,,"19,2","0,3196398","95,7815","19,2","0,3399849","95,78126",,,,"19,2","0,40404","95,78126","19,2","0,351429","95,78126"
,,,"19,21","0,3506342","95,83125",,,,,,,,,,"19,21","0,322024","95,83138","19,21","0,3436407","95,83125",,,,"19,21","0,4059474","95,83125","19,21","0,348409","95,83125"
,,,"19,22","0,3547668","95,88113",,,,,,,,,,"19,22","0,3228188","95,88138","19,22","0,3474554","95,88126",,,,"19,22","0,4088084","95,88126","19,22","0,3460248","95,88126"
,,,"19,23","0,3574689","95,93125",,,,,,,,,,"19,23","0,3229777","95,93138","19,23","0,3515879","95,93125",,,,"19,23","0,4118284","95,93138","19,23","0,3447533","95,93138"
,,,"19,24","0,3595352","95,98125",,,,,,,,,,"19,24","0,324885","95,98138","19,24","0,3563563","95,98138",,,,"19,24","0,4151662","95,98138","19,24","0,3439585","95,98125"
,,,"19,25","0,3617605","96,03126",,,,,,,,,,"19,25","0,3272692","96,03126","19,25","0,3614426","96,03138",,,,"19,25","0,4194578","96,03138","19,25","0,342687","96,03138"
,,,"19,26","0,363032","96,08125",,,,,,,,,,"19,26","0,3283819","96,08113","19,26","0,3665288","96,08125",,,,"19,26","0,4226367","96,08125","19,26","0,3412565","96,08125"
,,,"19,27","0,3625552","96,13113",,,,,,,,,,"19,27","0,3304482","96,13113","19,27","0,3701846","96,13138",,,,"19,27","0,4237493","96,13138","19,27","0,3415743","96,13138"
,,,"19,28","0,36033","96,18138",,,,,,,,,,"19,28","0,3344218","96,18138","19,28","0,3714561","96,18138",,,,"19,28","0,4237493","96,18138","19,28","0,3439585","96,18138"
,,,"19,29","0,3582636","96,23125",,,,,,,,,,"19,29","0,3395081","96,23125","19,29","0,3722509","96,23125",,,,"19,29","0,4242261","96,23125","19,29","0,3463427","96,231"
,,,"19,3","0,3561974","96,28126",,,,,,,,,,"19,3","0,3439585","96,28138","19,3","0,3749529","96,28113",,,,"19,3","0,4254977","96,28113","19,3","0,3468195","96,28113"
,,,"19,31","0,3554026","96,33125",,,,,,,,,,"19,31","0,3468195","96,33125","19,31","0,3794034","96,33125",,,,"19,31","0,4278819","96,33125","19,31","0,345548","96,33125"
,,,"19,32","0,3555616","96,38138",,,,,,,,,,"19,32","0,3476143","96,38138","19,32","0,3840128","96,38126",,,,"19,32","0,4309019","96,38138","19,32","0,3458659","96,38138"
,,,"19,33","0,3558795","96,43138",,,,,,,,,,"19,33","0,3476143","96,43138","19,33","0,3876686","96,43125",,,,"19,33","0,4342397","96,43125","19,33","0,3479322","96,43125"
,,,"19,34","0,3554026","96,48125",,,,,,,,,,"19,34","0,348409","96,48113","19,34","0,3897349","96,48113",,,,"19,34","0,4369418","96,48113","19,34","0,3495216","96,48113"
,,,"19,35","0,35429","96,53126",,,,,,,,,,"19,35","0,3499985","96,53126","19,35","0,389576","96,53126",,,,"19,35","0,4374186","96,53113","19,35","0,3490448","96,53126"
,,,"19,36","0,3519058","96,58138",,,,,,,,,,"19,36","0,3503164","96,58125","19,36","0,3892581","96,58125",,,,"19,36","0,4361471","96,58125","19,36","0,3495216","96,58125"
,,,"19,37","0,348409","96,63126",,,,,,,,,,"19,37","0,3498395","96,63126","19,37","0,3919601","96,63113",,,,"19,37","0,4340807","96,63126","19,37","0,3515879","96,63126"
,,,"19,38","0,3460248","96,68138",,,,,,,,,,"19,38","0,3495216","96,68125","19,38","0,3972054","96,68113",,,,"19,38","0,4321734","96,68113","19,38","0,3534953","96,68113"
,,,"19,39","0,3463427","96,73125",,,,,,,,,,"19,39","0,3498395","96,73125","19,39","0,4024506","96,73125",,,,"19,39","0,4302661","96,73125","19,39","0,3538132","96,73113"
,,,"19,4","0,3479322","96,78138",,,,,,,,,,"19,4","0,3507932","96,78138","19,4","0,4056295","96,78126",,,,"19,4","0,4266103","96,78113","19,4","0,35429","96,78126"
,,,"19,41","0,3490448","96,83138",,,,,,,,,,"19,41","0,35429","96,83125","19,41","0,4062653","96,83113",,,,"19,41","0,421524","96,83113","19,41","0,3566742","96,83125"
,,,"19,42","0,3495216","96,88126",,,,,,,,,,"19,42","0,3579458","96,88126","19,42","0,4059474","96,88113",,,,"19,42","0,4178683","96,88113","19,42","0,3609657","96,88113"
,,,"19,43","0,3499985","96,93138",,,,,,,,,,"19,43","0,3579458","96,93125","19,43","0,4064242","96,93125",,,,"19,43","0,4154841","96,93125","19,43","0,3635089","96,93125"
,,,"19,44","0,3506342","96,98138",,,,,,,,,,"19,44","0,3558795","96,98138","19,44","0,4064242","96,98125",,,,"19,44","0,4126231","96,98125","19,44","0,3635089","96,98125"
,,,"19,45","0,3522237","97,03138",,,,,,,,,,"19,45","0,3547668","97,03138","19,45","0,4062653","97,03126",,,,"19,45","0,4088084","97,03113","19,45","0,3646215","97,03126"
,,,"19,46","0,3523827","97,08138",,,,,,,,,,"19,46","0,3550847","97,08125","19,46","0,4051526","97,08113",,,,"19,46","0,4046758","97,081","19,46","0,3674825","97,081"
,,,"19,47","0,3506342","97,13126",,,,,,,,,,"19,47","0,3563563","97,13126","19,47","0,4016558","97,13126",,,,"19,47","0,401179","97,13126","19,47","0,368913","97,13113"
,,,"19,48","0,3476143","97,1815",,,,,,,,,,"19,48","0,3595352","97,1815","19,48","0,395298","97,18125",,,,"19,48","0,3995895","97,18113","19,48","0,3681183","97,18125"
,,,"19,49","0,3460248","97,23138",,,,,,,,,,"19,49","0,3633499","97,23138","19,49","0,3873507","97,23125",,,,"19,49","0,3999074","97,23125","19,49","0,3666878","97,23125"
,,,"19,5","0,3452301","97,28138",,,,,,,,,,"19,5","0,3641447","97,28138","19,5","0,3800392","97,28126",,,,"19,5","0,401179","97,28126","19,5","0,3657341","97,28113"
,,,"19,51","0,3434817","97,33138",,,,,,,,,,"19,51","0,3627141","97,33138","19,51","0,3733635","97,33125",,,,"19,51","0,4007021","97,33138","19,51","0,3638268","97,33125"
,,,"19,52","0,3423691","97,38138",,,,,,,,,,"19,52","0,3619194","97,38151","19,52","0,3650983","97,38113",,,,"19,52","0,3975233","97,38126","19,52","0,3609657","97,38138"
,,,"19,53","0,3439585","97,43138",,,,,,,,,,"19,53","0,3633499","97,43138","19,53","0,3530184","97,43125",,,,"19,53","0,3940264","97,43125","19,53","0,3587405","97,43138"
,,,"19,54","0,3466606","97,48125",,,,,,,,,,"19,54","0,365893","97,48113","19,54","0,3399849","97,48113",,,,"19,54","0,3916422","97,481","19,54","0,3582636","97,48113"
,,,"19,55","0,3476143","97,53126",,,,,,,,,,"19,55","0,3697077","97,53138","19,55","0,3288587","97,53126",,,,"19,55","0,389576","97,53126","19,55","0,3579458","97,53126"
,,,"19,56","0,3474554","97,5815",,,,,,,,,,"19,56","0,3728867","97,5815","19,56","0,3197988","97,58113",,,,"19,56","0,3860792","97,58113","19,56","0,3554026","97,58113"
,,,"19,57","0,3476143","97,63138",,,,,,,,,,"19,57","0,3749529","97,63138","19,57","0,3126462","97,63113",,,,"19,57","0,3829002","97,63113","19,57","0,3511111","97,63113"
,,,"19,58","0,3474554","97,68138",,,,,,,,,,"19,58","0,3781319","97,68125","19,58","0,3069242","97,68101",,,,"19,58","0,3829002","97,68113","19,58","0,3495216","97,68113"
,,,"19,59","0,3450712","97,73113",,,,,,,,,,"19,59","0,3805161","97,73125","19,59","0,301679","97,73113",,,,"19,59","0,3844897","97,73125","19,59","0,3511111","97,73113"
,,,"19,6","0,3395081","97,7815",,,,,,,,,,"19,6","0,380834","97,78138","19,6","0,2977053","97,78126",,,,"19,6","0,3844897","97,78126","19,6","0,3522237","97,78126"
,,,"19,61","0,3328323","97,83138",,,,,,,,,,"19,61","0,3797213","97,83138","19,61","0,2950033","97,83125",,,,"19,61","0,3825823","97,83125","19,61","0,3507932","97,83113"
,,,"19,62","0,3261566","97,88126",,,,,,,,,,"19,62","0,380834","97,88126","19,62","0,2950033","97,88113",,,,"19,62","0,3809929","97,88113","19,62","0,3476143","97,88113"
,,,"19,63","0,3212293","97,93125",,,,,,,,,,"19,63","0,3825823","97,93125","19,63","0,2977053","97,93125",,,,"19,63","0,3801982","97,93125","19,63","0,3452301","97,93125"
,,,"19,64","0,3180504","97,98138",,,,,,,,,,"19,64","0,3824234","97,98138","19,64","0,3005663","97,98125",,,,"19,64","0,3813108","97,98113","19,64","0,3444354","97,981"
,,,"19,65","0,3153483","98,03138",,,,,,,,,,"19,65","0,3794034","98,03138","19,65","0,30454","98,03126",,,,"19,65","0,3840128","98,03126","19,65","0,3447533","98,03126"
,,,"19,66","0,3124873","98,08125",,,,,,,,,,"19,66","0,3757477","98,08113","19,66","0,3096263","98,081",,,,"19,66","0,3871918","98,08113","19,66","0,3439585","98,08113"
,,,"19,67","0,3097852","98,13113",,,,,,,,,,"19,67","0,3720919","98,13126","19,67","0,3145536","98,13126",,,,"19,67","0,3897349","98,13138","19,67","0,3428459","98,13126"
,,,"19,68","0,3085136","98,18138",,,,,,,,,,"19,68","0,3682772","98,18138","19,68","0,3196398","98,18138",,,,"19,68","0,3921191","98,18125","19,68","0,3434817","98,18125"
,,,"19,69","0,3096263","98,23125",,,,,,,,,,"19,69","0,3638268","98,23125","19,69","0,3259977","98,23125",,,,"19,69","0,3943443","98,23125","19,69","0,3447533","98,23113"
,,,"19,7","0,3121694","98,28138",,,,,,,,,,"19,7","0,3582636","98,28138","19,7","0,3333092","98,28113",,,,"19,7","0,3960927","98,28113","19,7","0,3444354","98,28113"
,,,"19,71","0,3142357","98,33125",,,,,,,,,,"19,71","0,3530184","98,33125","19,71","0,339667","98,33125",,,,"19,71","0,3972054","98,33113","19,71","0,3431638","98,33113"
,,,"19,72","0,3137589","98,38126",,,,,,,,,,"19,72","0,3495216","98,38138","19,72","0,3450712","98,38126",,,,"19,72","0,3972054","98,38126","19,72","0,3439585","98,38113"
,,,"19,73","0,3118515","98,43125",,,,,,,,,,"19,73","0,3474554","98,43138","19,73","0,3507932","98,43125",,,,"19,73","0,3972054","98,43125","19,73","0,3463427","98,43113"
,,,"19,74","0,3118515","98,48125",,,,,,,,,,"19,74","0,3450712","98,48125","19,74","0,3569921","98,481",,,,"19,74","0,3980001","98,481","19,74","0,3479322","98,48113"
,,,"19,75","0,3158251","98,53113",,,,,,,,,,"19,75","0,3447533","98,53138","19,75","0,36033","98,53113",,,,"19,75","0,3995895","98,53113","19,75","0,3492037","98,53126"
,,,"19,76","0,3212293","98,58125",,,,,,,,,,"19,76","0,345548","98,5815","19,76","0,3611247","98,58113",,,,"19,76","0,4007021","98,58125","19,76","0,3499985","98,58125"
,,,"19,77","0,3252029","98,63126",,,,,,,,,,"19,77","0,3442764","98,63138","19,77","0,363032","98,63126",,,,"19,77","0,4008611","98,63126","19,77","0,3503164","98,63126"
,,,"19,78","0,3277461","98,68125",,,,,,,,,,"19,78","0,3415743","98,68138","19,78","0,3670057","98,68113",,,,"19,78","0,4019737","98,68113","19,78","0,3506342","98,68113"
,,,"19,79","0,3312429","98,73113",,,,,,,,,,"19,79","0,3404617","98,73113","19,79","0,3705025","98,73113",,,,"19,79","0,4051526","98,73113","19,79","0,3515879","98,73113"
,,,"19,8","0,3371239","98,78138",,,,,,,,,,"19,8","0,3420512","98,78126","19,8","0,371774","98,78138",,,,"19,8","0,4088084","98,78126","19,8","0,3522237","98,78126"
,,,"19,81","0,3444354","98,83125",,,,,,,,,,"19,81","0,3452301","98,83125","19,81","0,3706614","98,83125",,,,"19,81","0,4103979","98,83125","19,81","0,3507932","98,83113"
,,,"19,82","0,351429","98,88126",,,,,,,,,,"19,82","0,3495216","98,88126","19,82","0,3685951","98,88113",,,,"19,82","0,4118284","98,88113","19,82","0,3479322","98,88113"
,,,"19,83","0,3558795","98,93125",,,,,,,,,,"19,83","0,3547668","98,93125","19,83","0,3678004","98,93125",,,,"19,83","0,4143715","98,93125","19,83","0,3442764","98,93138"
,,,"19,84","0,3587405","98,98138",,,,,,,,,,"19,84","0,3595352","98,98138","19,84","0,369072","98,98125",,,,"19,84","0,4175504","98,98125","19,84","0,342687","98,98125"
,,,"19,85","0,36033","99,03138",,,,,,,,,,"19,85","0,3617605","99,03126","19,85","0,3697077","99,03126",,,,"19,85","0,4207293","99,03138","19,85","0,3436407","99,03138"
,,,"19,86","0,3611247","99,08138",,,,,,,,,,"19,86","0,3606478","99,08125","19,86","0,3674825","99,08113",,,,"19,86","0,4226367","99,08113","19,86","0,3452301","99,08125"
,,,"19,87","0,36033","99,13126",,,,,,,,,,"19,87","0,3585815","99,13138","19,87","0,3635089","99,13126",,,,"19,87","0,4234314","99,13126","19,87","0,3458659","99,13138"
,,,"19,88","0,3593763","99,18138",,,,,,,,,,"19,88","0,3582636","99,18138","19,88","0,360171","99,18125",,,,"19,88","0,4239082","99,18125","19,88","0,3471375","99,18138"
,,,"19,89","0,3590584","99,23151",,,,,,,,,,"19,89","0,3593763","99,23125","19,89","0,3577868","99,23113",,,,"19,89","0,4239082","99,23113","19,89","0,3499985","99,23125"
,,,"19,9","0,3609657","99,28138",,,,,,,,,,"19,9","0,3595352","99,28126","19,9","0,3566742","99,28126",,,,"19,9","0,4234314","99,28126","19,9","0,3522237","99,28126"
,,,"19,91","0,3638268","99,33125",,,,,,,,,,"19,91","0,3582636","99,33138","19,91","0,3574689","99,33125",,,,"19,91","0,421524","99,33125","19,91","0,3519058","99,33138"
,,,"19,92","0,3650983","99,38138",,,,,,,,,,"19,92","0,3574689","99,38138","19,92","0,360171","99,38138",,,,"19,92","0,418663","99,38126","19,92","0,3519058","99,38126"
,,,"19,93","0,3654162","99,43138",,,,,,,,,,"19,93","0,3590584","99,43125","19,93","0,3625552","99,43125",,,,"19,93","0,415802","99,43125","19,93","0,3534953","99,43125"
,,,"19,94","0,3673235","99,48125",,,,,,,,,,"19,94","0,3614426","99,48125","19,94","0,3633499","99,48113",,,,"19,94","0,4119873","99,48125","19,94","0,3561974","99,48125"
,,,"19,95","0,3714561","99,53138",,,,,,,,,,"19,95","0,3627141","99,53126","19,95","0,363032","99,53138",,,,"19,95","0,4062653","99,53138","19,95","0,3585815","99,53138"
,,,"19,96","0,3746351","99,5815",,,,,,,,,,"19,96","0,3625552","99,58138","19,96","0,3627141","99,58125",,,,"19,96","0,3980001","99,58125","19,96","0,3585815","99,58125"
,,,"19,97","0,3746351","99,63138",,,,,,,,,,"19,97","0,3617605","99,63126","19,97","0,3633499","99,63138",,,,"19,97","0,389576","99,63126","19,97","0,3566742","99,63138"
,,,"19,98","0,3741582","99,68138",,,,,,,,,,"19,98","0,3619194","99,68125","19,98","0,363032","99,68125",,,,"19,98","0,3840128","99,68125","19,98","0,3563563","99,68125"
,,,"19,99","0,3744761","99,73113",,,,,,,,,,"19,99","0,3627141","99,73113","19,99","0,3595352","99,73125",,,,"19,99","0,3816287","99,73138","19,99","0,3585815","99,73138"
,,,"20","0,3749529","99,78138",,,,,,,,,,"20","0,3641447","99,78138","20","0,3554026","99,78138",,,,"20","0,3800392","99,78138","20","0,3598531","99,78138"
,,,"20,01","0,3749529","99,83125",,,,,,,,,,"20,01","0,3654162","99,83138","20,01","0,3531774","99,83138",,,,"20,01","0,3768603","99,83138","20,01","0,3587405","99,83138"
,,,"20,02","0,3744761","99,88126",,,,,,,,,,"20,02","0,3673235","99,88113","20,02","0,3530184","99,88126",,,,"20,02","0,3725688","99,88126","20,02","0,3569921","99,88126"
,,,"20,03","0,3730456","99,93125",,,,,,,,,,"20,03","0,3698667","99,93125","20,03","0,3527006","99,93138",,,,"20,03","0,3698667","99,93138","20,03","0,3554026","99,93138"
,,,"20,04","0,3712972","99,98125",,,,,,,,,,"20,04","0,3725688","99,98125","20,04","0,3507932","99,98138",,,,"20,04","0,368913","99,98125","20,04","0,3534953","99,98125"
,,,"20,05","0,369072","100,0313",,,,,,,,,,"20,05","0,3730456","100,0313","20,05","0,3466606","100,0313",,,,"20,05","0,3681183","100,0313","20,05","0,3515879","100,0313"
,,,"20,06","0,3662109","100,0813",,,,,,,,,,"20,06","0,3722509","100,0813","20,06","0,3415743","100,0813",,,,"20,06","0,3673235","100,0811","20,06","0,3511111","100,0811"
,,,"20,07","0,3638268","100,1311",,,,,,,,,,"20,07","0,3720919","100,1313","20,07","0,3360113","100,1313",,,,"20,07","0,3657341","100,1314","20,07","0,3499985","100,1313"
,,,"20,08","0,3619194","100,1814",,,,,,,,,,"20,08","0,3730456","100,1813","20,08","0,3299713","100,1813",,,,"20,08","0,3643036","100,1813","20,08","0,3479322","100,1814"
,,,"20,09","0,3587405","100,2313",,,,,,,,,,"20,09","0,3736814","100,2314","20,09","0,3228188","100,2311",,,,"20,09","0,3643036","100,2313","20,09","0,3463427","100,2313"
,,,"20,1","0,3531774","100,2813",,,,,,,,,,"20,1","0,3738403","100,2814","20,1","0,3172556","100,2811",,,,"20,1","0,365893","100,2811","20,1","0,3466606","100,2811"
,,,"20,11","0,3466606","100,3313",,,,,,,,,,"20,11","0,3746351","100,3313","20,11","0,3134409","100,3311",,,,"20,11","0,3685951","100,3313","20,11","0,3468195","100,3313"
,,,"20,12","0,339667","100,3814",,,,,,,,,,"20,12","0,3752708","100,3814","20,12","0,3101031","100,3813",,,,"20,12","0,3712972","100,3813","20,12","0,3450712","100,3813"
,,,"20,13","0,3339449","100,4313",,,,,,,,,,"20,13","0,3760656","100,4314","20,13","0,3058116","100,4313",,,,"20,13","0,3746351","100,4313","20,13","0,342687","100,4313"
,,,"20,14","0,3288587","100,4813",,,,,,,,,,"20,14","0,377655","100,4813","20,14","0,301679","100,4811",,,,"20,14","0,3786087","100,481","20,14","0,3403028","100,481"
,,,"20,15","0,3225009","100,5311",,,,,,,,,,"20,15","0,3800392","100,5314","20,15","0,2977053","100,5311",,,,"20,15","0,3832181","100,5313","20,15","0,3376007","100,5313"
,,,"20,16","0,3142357","100,5813",,,,,,,,,,"20,16","0,3817876","100,5814","20,16","0,2942085","100,5814",,,,"20,16","0,3857613","100,5813","20,16","0,3356934","100,5813"
,,,"20,17","0,3088315","100,6313",,,,,,,,,,"20,17","0,3800392","100,6314","20,17","0,292937","100,6313",,,,"20,17","0,3860792","100,6313","20,17","0,3355344","100,6313"
,,,"20,18","0,3066063","100,6814",,,,,,,,,,"20,18","0,3760656","100,6813","20,18","0,2953211","100,6811",,,,"20,18","0,3860792","100,6811","20,18","0,336806","100,6811"
,,,"20,19","0,3040632","100,7311",,,,,,,,,,"20,19","0,3722509","100,7314","20,19","0,2994537","100,7311",,,,"20,19","0,3873507","100,7311","20,19","0,3388723","100,7311"
,,,"20,2","0,3008842","100,7814",,,,,,,,,,"20,2","0,3701846","100,7815","20,2","0,3018379","100,7813",,,,"20,2","0,3884633","100,7814","20,2","0,3404617","100,7813"
,,,"20,21","0,3008842","100,8313",,,,,,,,,,"20,21","0,368913","100,8314","20,21","0,3024737","100,8313",,,,"20,21","0,3887812","100,8313","20,21","0,3410975","100,8311"
,,,"20,22","0,3032684","100,8813",,,,,,,,,,"20,22","0,3674825","100,8814","20,22","0,3040632","100,8811",,,,"20,22","0,3900528","100,8811","20,22","0,3407796","100,8811"
,,,"20,23","0,3048579","100,9313",,,,,,,,,,"20,23","0,365893","100,9314","20,23","0,3072421","100,9313",,,,"20,23","0,3927549","100,9313","20,23","0,3407796","100,9313"
,,,"20,24","0,3048579","100,9813",,,,,,,,,,"20,24","0,3625552","100,9814","20,24","0,3102621","100,9813",,,,"20,24","0,395298","100,9814","20,24","0,3412565","100,9813"
,,,"20,25","0,3050168","101,0313",,,,,,,,,,"20,25","0,3579458","101,0314","20,25","0,3126462","101,0314",,,,"20,25","0,3968875","101,0313","20,25","0,3436407","101,0314"
,,,"20,26","0,307401","101,0814",,,,,,,,,,"20,26","0,3530184","101,0814","20,26","0,3137589","101,0811",,,,"20,26","0,3976822","101,0811","20,26","0,3463427","101,0811"
,,,"20,27","0,3113747","101,1311",,,,,,,,,,"20,27","0,3492037","101,1314","20,27","0,3150304","101,1314",,,,"20,27","0,3984769","101,1313","20,27","0,348409","101,1313"
,,,"20,28","0,316143","101,1814",,,,,,,,,,"20,28","0,3487269","101,1814","20,28","0,3158251","101,1813",,,,"20,28","0,3991127","101,1813","20,28","0,3499985","101,1813"
,,,"20,29","0,3217061","101,2313",,,,,,,,,,"20,29","0,3506342","101,2313","20,29","0,316143","101,2311",,,,"20,29","0,4007021","101,2313","20,29","0,3527006","101,2313"
,,,"20,3","0,328064","101,2813",,,,,,,,,,"20,3","0,3515879","101,2814","20,3","0,3164609","101,2813",,,,"20,3","0,4038811","101,2813","20,3","0,3563563","101,2811"
,,,"20,31","0,3356934","101,3311",,,,,,,,,,"20,31","0,3515879","101,3313","20,31","0,3177325","101,3313",,,,"20,31","0,4072189","101,3313","20,31","0,3606478","101,3313"
,,,"20,32","0,3428459","101,3814",,,,,,,,,,"20,32","0,3519058","101,3815","20,32","0,3201167","101,3813",,,,"20,32","0,4091263","101,3813","20,32","0,3646215","101,3813"
,,,"20,33","0,3476143","101,4314",,,,,,,,,,"20,33","0,351429","101,4314","20,33","0,3225009","101,4313",,,,"20,33","0,4102389","101,4313","20,33","0,3681183","101,4313"
,,,"20,34","0,351429","101,4813",,,,,,,,,,"20,34","0,3506342","101,4813","20,34","0,3240903","101,4811",,,,"20,34","0,4110336","101,4811","20,34","0,3705025","101,4811"
,,,"20,35","0,3558795","101,5313",,,,,,,,,,"20,35","0,3522237","101,5313","20,35","0,3253619","101,5314",,,,"20,35","0,4119873","101,5313","20,35","0,3712972","101,5314"
,,,"20,36","0,360171","101,5814",,,,,,,,,,"20,36","0,3574689","101,5815","20,36","0,3267924","101,5811",,,,"20,36","0,4134178","101,5813","20,36","0,3705025","101,5813"
,,,"20,37","0,3619194","101,6313",,,,,,,,,,"20,37","0,3627141","101,6314","20,37","0,3272692","101,6313",,,,"20,37","0,4151662","101,6313","20,37","0,3697077","101,6313"
,,,"20,38","0,3614426","101,6813",,,,,,,,,,"20,38","0,3654162","101,6813","20,38","0,328064","101,6811",,,,"20,38","0,4175504","101,6813","20,38","0,3712972","101,6811"
,,,"20,39","0,3614426","101,7311",,,,,,,,,,"20,39","0,3657341","101,7313","20,39","0,3291766","101,7313",,,,"20,39","0,4205704","101,7313","20,39","0,3733635","101,7313"
,,,"20,4","0,3635089","101,7814",,,,,,,,,,"20,4","0,365893","101,7814","20,4","0,3307661","101,7813",,,,"20,4","0,4229546","101,7813","20,4","0,3733635","101,7813"
,,,"20,41","0,3649394","101,8313",,,,,,,,,,"20,41","0,3662109","101,8314","20,41","0,3328323","101,8313",,,,"20,41","0,4234314","101,8313","20,41","0,3705025","101,8313"
,,,"20,42","0,3627141","101,8813",,,,,,,,,,"20,42","0,365893","101,8811","20,42","0,3348986","101,8811",,,,"20,42","0,4221598","101,8811","20,42","0,365893","101,8811"
,,,"20,43","0,3590584","101,9313",,,,,,,,,,"20,43","0,3638268","101,9314","20,43","0,3379186","101,9313",,,,"20,43","0,4202525","101,9313","20,43","0,3611247","101,9313"
,,,"20,44","0,3574689","101,9813",,,,,,,,,,"20,44","0,36033","101,9813","20,44","0,3410975","101,9811",,,,"20,44","0,4194578","101,9813","20,44","0,3566742","101,9813"
,,,"20,45","0,3579458","102,0314",,,,,,,,,,"20,45","0,3585815","102,0314","20,45","0,3444354","102,0313",,,,"20,45","0,4183451","102,0313","20,45","0,3546079","102,0313"
,,,"20,46","0,3577868","102,0813",,,,,,,,,,"20,46","0,3593763","102,0813","20,46","0,348409","102,0811",,,,"20,46","0,415802","102,0811","20,46","0,3530184","102,0811"
,,,"20,47","0,3547668","102,1311",,,,,,,,,,"20,47","0,36033","102,1313","20,47","0,35429","102,1314",,,,"20,47","0,4107157","102,1313","20,47","0,3507932","102,1314"
,,,"20,48","0,3515879","102,1814",,,,,,,,,,"20,48","0,3609657","102,1814","20,48","0,3595352","102,1813",,,,"20,48","0,4051526","102,1813","20,48","0,3487269","102,1813"
,,,"20,49","0,3503164","102,2313",,,,,,,,,,"20,49","0,3622373","102,2314","20,49","0,363032","102,2311",,,,"20,49","0,401179","102,2313","20,49","0,3468195","102,2313"
,,,"20,5","0,3527006","102,2813",,,,,,,,,,"20,5","0,3638268","102,2814","20,5","0,3649394","102,2811",,,,"20,5","0,3987948","102,2811","20,5","0,3442764","102,2811"
,,,"20,51","0,3555616","102,3313",,,,,,,,,,"20,51","0,3643036","102,3313","20,51","0,3650983","102,3313",,,,"20,51","0,3964106","102,3311","20,51","0,3404617","102,3311"
,,,"20,52","0,3555616","102,3814",,,,,,,,,,"20,52","0,3646215","102,3814","20,52","0,365893","102,3813",,,,"20,52","0,392437","102,3813","20,52","0,3372828","102,3813"
,,,"20,53","0,3539721","102,4314",,,,,,,,,,"20,53","0,3650983","102,4314","20,53","0,3682772","102,4311",,,,"20,53","0,3876686","102,4313","20,53","0,3360113","102,4313"
,,,"20,54","0,3538132","102,4813",,,,,,,,,,"20,54","0,3681183","102,4813","20,54","0,3725688","102,4811",,,,"20,54","0,3841718","102,4811","20,54","0,3363291","102,481"
,,,"20,55","0,3538132","102,5313",,,,,,,,,,"20,55","0,3752708","102,5314","20,55","0,3762245","102,5313",,,,"20,55","0,380834","102,5313","20,55","0,3376007","102,5313"
,,,"20,56","0,3522237","102,5814",,,,,,,,,,"20,56","0,3800392","102,5814","20,56","0,3789266","102,5813",,,,"20,56","0,3773371","102,5813","20,56","0,3376007","102,5813"
,,,"20,57","0,3498395","102,6313",,,,,,,,,,"20,57","0,3784498","102,6314","20,57","0,3801982","102,6313",,,,"20,57","0,3746351","102,6313","20,57","0,3360113","102,6313"
,,,"20,58","0,3474554","102,6813",,,,,,,,,,"20,58","0,377814","102,6813","20,58","0,3801982","102,6811",,,,"20,58","0,3725688","102,6811","20,58","0,3347397","102,6811"
,,,"20,59","0,3452301","102,7313",,,,,,,,,,"20,59","0,3801982","102,7313","20,59","0,3792445","102,7311",,,,"20,59","0,3722509","102,7311","20,59","0,3348986","102,7311"
,,,"20,6","0,3450712","102,7814",,,,,,,,,,"20,6","0,3792445","102,7814","20,6","0,3765424","102,7813",,,,"20,6","0,3733635","102,7811","20,6","0,3356934","102,7813"
,,,"20,61","0,3460248","102,8314",,,,,,,,,,"20,61","0,377655","102,8313","20,61","0,3705025","102,8311",,,,"20,61","0,3733635","102,8311","20,61","0,3364881","102,8311"
,,,"20,62","0,3468195","102,8814",,,,,,,,,,"20,62","0,3809929","102,8813","20,62","0,3625552","102,8811",,,,"20,62","0,3714561","102,881","20,62","0,3387133","102,8811"
,,,"20,63","0,3468195","102,9314",,,,,,,,,,"20,63","0,3849665","102,9314","20,63","0,3546079","102,9311",,,,"20,63","0,3709793","102,9311","20,63","0,3412565","102,9311"
,,,"20,64","0,3482501","102,9814",,,,,,,,,,"20,64","0,3848076","102,9814","20,64","0,3458659","102,9811",,,,"20,64","0,3720919","102,9813","20,64","0,342687","102,9811"
,,,"20,65","0,3498395","103,0315",,,,,,,,,,"20,65","0,3840128","103,0314","20,65","0,3352165","103,0313",,,,"20,65","0,3730456","103,0313","20,65","0,3428459","103,0313"
,,,"20,66","0,3506342","103,0814",,,,,,,,,,"20,66","0,3844897","103,0814","20,66","0,3229777","103,0811",,,,"20,66","0,3738403","103,0811","20,66","0,3471375","103,0811"
,,,"20,67","0,3507932","103,1313",,,,,,,,,,"20,67","0,3852844","103,1314","20,67","0,3105799","103,1311",,,,"20,67","0,3752708","103,1311","20,67","0,3561974","103,1313"
,,,"20,68","0,351429","103,1815",,,,,,,,,,"20,68","0,3873507","103,1814","20,68","0,2977053","103,1813",,,,"20,68","0,3754298","103,1813","20,68","0,3611247","103,1813"
,,,"20,69","0,3506342","103,2314",,,,,,,,,,"20,69","0,3897349","103,2313","20,69","0,2862612","103,2313",,,,"20,69","0,3746351","103,2313","20,69","0,3582636","103,2311"
,,,"20,7","0,3471375","103,2815",,,,,,,,,,"20,7","0,3868739","103,2814","20,7","0,2786318","103,2811",,,,"20,7","0,3768603","103,2811","20,7","0,3561974","103,2811"
,,,"20,71","0,3415743","103,3314",,,,,,,,,,"20,71","0,3805161","103,3314","20,71","0,2746582","103,3313",,,,"20,71","0,3809929","103,3313","20,71","0,3574689","103,3313"
,,,"20,72","0,3347397","103,3814",,,,,,,,,,"20,72","0,3773371","103,3814","20,72","0,2711614","103,3811",,,,"20,72","0,3841718","103,3811","20,72","0,3574689","103,3813"
,,,"20,73","0,3277461","103,4314",,,,,,,,,,"20,73","0,3754298","103,4314","20,73","0,2683004","103,4311",,,,"20,73","0,3849665","103,4311","20,73","0,3574689","103,4313"
,,,"20,74","0,322183","103,4813",,,,,,,,,,"20,74","0,3722509","103,4811","20,74","0,2676646","103,4811",,,,"20,74","0,386556","103,481","20,74","0,36033","103,481"
,,,"20,75","0,3180504","103,5313",,,,,,,,,,"20,75","0,3709793","103,5313","20,75","0,2698898","103,5313",,,,"20,75","0,3903707","103,5313","20,75","0,36033","103,5314"
,,,"20,76","0,3142357","103,5814",,,,,,,,,,"20,76","0,371774","103,5814","20,76","0,2727509","103,5813",,,,"20,76","0,3935496","103,5813","20,76","0,357151","103,5813"
,,,"20,77","0,3116926","103,6313",,,,,,,,,,"20,77","0,3706614","103,6314","20,77","0,2767245","103,6313",,,,"20,77","0,3956159","103,6313","20,77","0,3574689","103,6313"
,,,"20,78","0,3110568","103,6813",,,,,,,,,,"20,78","0,3682772","103,6813","20,78","0,2818108","103,6813",,,,"20,78","0,3980001","103,6813","20,78","0,3577868","103,6813"
,,,"20,79","0,3102621","103,7311",,,,,,,,,,"20,79","0,3674825","103,7313","20,79","0,2857844","103,7313",,,,"20,79","0,4008611","103,7313","20,79","0,3538132","103,7313"
,,,"20,8","0,3088315","103,7814",,,,,,,,,,"20,8","0,3666878","103,7814","20,8","0,2894402","103,7813",,,,"20,8","0,4038811","103,7813","20,8","0,3523827","103,7814"
,,,"20,81","0,3080368","103,8314",,,,,,,,,,"20,81","0,3641447","103,8313","20,81","0,2938906","103,8313",,,,"20,81","0,4048347","103,8313","20,81","0,3515879","103,8313"
,,,"20,82","0,3085136","103,8813",,,,,,,,,,"20,82","0,3614426","103,8813","20,82","0,2989769","103,8813",,,,"20,82","0,4046758","103,8813","20,82","0,3468195","103,8813"
,,,"20,83","0,3097852","103,9313",,,,,,,,,,"20,83","0,3590584","103,9314","20,83","0,3048579","103,9314",,,,"20,83","0,4056295","103,9314","20,83","0,3463427","103,9314"
,,,"20,84","0,3101031","103,9813",,,,,,,,,,"20,84","0,3550847","103,9814","20,84","0,3129641","103,9813",,,,"20,84","0,4088084","103,9814","20,84","0,3495216","103,9813"
,,,"20,85","0,3105799","104,0313",,,,,,,,,,"20,85","0,3522237","104,0313","20,85","0,3205935","104,0314",,,,"20,85","0,4123052","104,0314","20,85","0,3444354","104,0314"
,,,"20,86","0,3121694","104,0813",,,,,,,,,,"20,86","0,3534953","104,0811","20,86","0,3253619","104,0813",,,,"20,86","0,4138947","104,0813","20,86","0,3380775","104,0813"
,,,"20,87","0,3156662","104,1311",,,,,,,,,,"20,87","0,3554026","104,1313","20,87","0,3291766","104,1314",,,,"20,87","0,4150073","104,1314","20,87","0,3399849","104,1314"
,,,"20,88","0,3209114","104,1813",,,,,,,,,,"20,88","0,3555616","104,1814","20,88","0,3333092","104,1814",,,,"20,88","0,4162788","104,1814","20,88","0,3420512","104,1814"
,,,"20,89","0,3267924","104,2314",,,,,,,,,,"20,89","0,3558795","104,2313","20,89","0,3372828","104,2313",,,,"20,89","0,4175504","104,2314","20,89","0,3418922","104,2313"
,,,"20,9","0,3323555","104,2814",,,,,,,,,,"20,9","0,3566742","104,2813","20,9","0,339667","104,2814",,,,"20,9","0,4175504","104,2813","20,9","0,3434817","104,2813"
,,,"20,91","0,3360113","104,3313",,,,,,,,,,"20,91","0,3554026","104,3313","20,91","0,3428459","104,3313",,,,"20,91","0,4173914","104,3313","20,91","0,3415743","104,3313"
,,,"20,92","0,3383954","104,3814",,,,,,,,,,"20,92","0,3531774","104,3813","20,92","0,3476143","104,3814",,,,"20,92","0,4170736","104,3814","20,92","0,3372828","104,3814"
,,,"20,93","0,3399849","104,4313",,,,,,,,,,"20,93","0,3534953","104,4313","20,93","0,3523827","104,4313",,,,"20,93","0,4170736","104,4314","20,93","0,3415743","104,4313"
,,,"20,94","0,3412565","104,4814",,,,,,,,,,"20,94","0,3555616","104,4811","20,94","0,3566742","104,4811",,,,"20,94","0,4167557","104,4813","20,94","0,3479322","104,4811"
,,,"20,95","0,342687","104,5313",,,,,,,,,,"20,95","0,3577868","104,5314","20,95","0,3619194","104,5313",,,,"20,95","0,4165967","104,5313","20,95","0,3474554","104,5313"
,,,"20,96","0,345548","104,5814",,,,,,,,,,"20,96","0,3587405","104,5814","20,96","0,3665288","104,5814",,,,"20,96","0,4151662","104,5813","20,96","0,3463427","104,5814"
,,,"20,97","0,3498395","104,6314",,,,,,,,,,"20,97","0,3590584","104,6313","20,97","0,3698667","104,6313",,,,"20,97","0,4130999","104,6313","20,97","0,3482501","104,6313"
,,,"20,98","0,3523827","104,6814",,,,,,,,,,"20,98","0,3598531","104,6813","20,98","0,3733635","104,6811",,,,"20,98","0,4130999","104,6813","20,98","0,3479322","104,6811"
,,,"20,99","0,3523827","104,7313",,,,,,,,,,"20,99","0,3625552","104,7313","20,99","0,3762245","104,7313",,,,"20,99","0,4150073","104,7311","20,99","0,3487269","104,7313"
,,,"21","0,3534953","104,7814",,,,,,,,,,"21","0,3657341","104,7814","21","0,3773371","104,7814",,,,"21","0,4167557","104,7814","21","0,3522237","104,7814"
,,,"21,01","0,3569921","104,8314",,,,,,,,,,"21,01","0,3665288","104,8314","21,01","0,377655","104,8313",,,,"21,01","0,4178683","104,8313","21,01","0,3534953","104,8311"
,,,"21,02","0,3598531","104,8813",,,,,,,,,,"21,02","0,3649394","104,8813","21,02","0,3801982","104,8811",,,,"21,02","0,4178683","104,8811","21,02","0,3530184","104,8811"
,,,"21,03","0,3619194","104,9313",,,,,,,,,,"21,03","0,365893","104,9314","21,03","0,3833771","104,9311",,,,"21,03","0,4175504","104,9313","21,03","0,3546079","104,9313"
,,,"21,04","0,3638268","104,9813",,,,,,,,,,"21,04","0,369072","104,9814","21,04","0,383695","104,9811",,,,"21,04","0,4175504","104,9813","21,04","0,3555616","104,9813"
,,,"21,05","0,3650983","105,0314",,,,,,,,,,"21,05","0,3720919","105,0314","21,05","0,3825823","105,0311",,,,"21,05","0,4178683","105,0313","21,05","0,3550847","105,0313"
,,,"21,06","0,3657341","105,0814",,,,,,,,,,"21,06","0,3741582","105,0814","21,06","0,3825823","105,081",,,,"21,06","0,4178683","105,081","21,06","0,35429","105,081"
,,,"21,07","0,3662109","105,1313",,,,,,,,,,"21,07","0,3762245","105,1314","21,07","0,3817876","105,1311",,,,"21,07","0,4175504","105,1311","21,07","0,3530184","105,1311"
,,,"21,08","0,3670057","105,1813",,,,,,,,,,"21,08","0,3781319","105,1815","21,08","0,3781319","105,1813",,,,"21,08","0,4175504","105,1813","21,08","0,351429","105,1813"
,,,"21,09","0,3678004","105,2314",,,,,,,,,,"21,09","0,3794034","105,2314","21,09","0,3725688","105,2311",,,,"21,09","0,4170736","105,2311","21,09","0,3506342","105,2311"
,,,"21,1","0,3681183","105,2814",,,,,,,,,,"21,1","0,3801982","105,2814","21,1","0,3650983","105,2811",,,,"21,1","0,4151662","105,2811","21,1","0,3499985","105,2811"
,,,"21,11","0,3678004","105,3313",,,,,,,,,,"21,11","0,3805161","105,3314","21,11","0,3561974","105,3313",,,,"21,11","0,4118284","105,3311","21,11","0,3476143","105,3311"
,,,"21,12","0,3673235","105,3814",,,,,,,,,,"21,12","0,3809929","105,3815","21,12","0,3474554","105,3811",,,,"21,12","0,40706","105,3813","21,12","0,3439585","105,3811"
,,,"21,13","0,3670057","105,4313",,,,,,,,,,"21,13","0,3829002","105,4315","21,13","0,3391902","105,4311",,,,"21,13","0,4014969","105,4311","21,13","0,3418922","105,4311"
,,,"21,14","0,3678004","105,4813",,,,,,,,,,"21,14","0,3848076","105,4813","21,14","0,3301302","105,481",,,,"21,14","0,3956159","105,481","21,14","0,3420512","105,481"
,,,"21,15","0,3693899","105,5311",,,,,,,,,,"21,15","0,3841718","105,5314","21,15","0,3197988","105,5313",,,,"21,15","0,3911654","105,5311","21,15","0,3423691","105,5313"
,,,"21,16","0,3693899","105,5813",,,,,,,,,,"21,16","0,3829002","105,5815","21,16","0,3105799","105,5813",,,,"21,16","0,3871918","105,5813","21,16","0,3391902","105,5811"
,,,"21,17","0,3665288","105,6313",,,,,,,,,,"21,17","0,3832181","105,6314","21,17","0,3037453","105,6313",,,,"21,17","0,3841718","105,6314","21,17","0,3341039","105,6313"
,,,"21,18","0,3622373","105,6813",,,,,,,,,,"21,18","0,386556","105,6814","21,18","0,2981822","105,681",,,,"21,18","0,3813108","105,6811","21,18","0,3317197","105,6811"
,,,"21,19","0,3585815","105,7311",,,,,,,,,,"21,19","0,3908475","105,7313","21,19","0,2918243","105,7313",,,,"21,19","0,3762245","105,7313","21,19","0,3312429","105,7313"
,,,"21,2","0,3555616","105,7813",,,,,,,,,,"21,2","0,392437","105,7815","21,2","0,2862612","105,7813",,,,"21,2","0,3698667","105,7813","21,2","0,3299713","105,7814"
,,,"21,21","0,3519058","105,8313",,,,,,,,,,"21,21","0,3927549","105,8314","21,21","0,2827644","105,8313",,,,"21,21","0,3666878","105,8311","21,21","0,3285408","105,8313"
,,,"21,22","0,3460248","105,8813",,,,,,,,,,"21,22","0,3940264","105,8814","21,22","0,2818108","105,8813",,,,"21,22","0,3674825","105,8811","21,22","0,3293355","105,8813"
,,,"21,23","0,3383954","105,9313",,,,,,,,,,"21,23","0,3959338","105,9314","21,23","0,2826055","105,9314",,,,"21,23","0,3682772","105,9314","21,23","0,3299713","105,9314"
,,,"21,24","0,3317197","105,9813",,,,,,,,,,"21,24","0,3956159","105,9814","21,24","0,2851486","105,9814",,,,"21,24","0,368913","105,9814","21,24","0,3283819","105,9813"
,,,"21,25","0,3275871","106,0313",,,,,,,,,,"21,25","0,3929138","106,0314","21,25","0,2878507","106,0314",,,,"21,25","0,3693899","106,0313","21,25","0,3277461","106,0313"
,,,"21,26","0,3240903","106,0813",,,,,,,,,,"21,26","0,3897349","106,0811","21,26","0,2902349","106,0811",,,,"21,26","0,3701846","106,0811","21,26","0,3296534","106,0811"
,,,"21,27","0,3196398","106,1311",,,,,,,,,,"21,27","0,3873507","106,1313","21,27","0,292937","106,1314",,,,"21,27","0,3722509","106,1314","21,27","0,3333092","106,1314"
,,,"21,28","0,3148715","106,1814",,,,,,,,,,"21,28","0,386397","106,1813","21,28","0,2977053","106,1813",,,,"21,28","0,3749529","106,1814","21,28","0,3371239","106,1814"
,,,"21,29","0,3105799","106,2313",,,,,,,,,,"21,29","0,3844897","106,2313","21,29","0,3048579","106,2313",,,,"21,29","0,3773371","106,2313","21,29","0,3391902","106,2313"
,,,"21,3","0,3058116","106,2813",,,,,,,,,,"21,3","0,3816287","106,2813","21,3","0,3126462","106,2813",,,,"21,3","0,3794034","106,2813","21,3","0,3388723","106,2811"
,,,"21,31","0,3010432","106,3313",,,,,,,,,,"21,31","0,3797213","106,3313","21,31","0,3201167","106,3314",,,,"21,31","0,3816287","106,3313","21,31","0,3379186","106,3313"
,,,"21,32","0,2989769","106,3813",,,,,,,,,,"21,32","0,3781319","106,3814","21,32","0,3267924","106,3814",,,,"21,32","0,3833771","106,3814","21,32","0,3383954","106,3814"
,,,"21,33","0,3000895","106,4313",,,,,,,,,,"21,33","0,3752708","106,4314","21,33","0,3331502","106,4313",,,,"21,33","0,3857613","106,4313","21,33","0,3407796","106,4313"
,,,"21,34","0,3029505","106,4813",,,,,,,,,,"21,34","0,3720919","106,4811","21,34","0,3404617","106,4811",,,,"21,34","0,3879865","106,481","21,34","0,3428459","106,4811"
,,,"21,35","0,3058116","106,5313",,,,,,,,,,"21,35","0,3706614","106,5313","21,35","0,3495216","106,5311",,,,"21,35","0,3897349","106,5313","21,35","0,3447533","106,5313"
,,,"21,36","0,3093084","106,5814",,,,,,,,,,"21,36","0,368913","106,5814","21,36","0,3574689","106,5813",,,,"21,36","0,3911654","106,5813","21,36","0,3447533","106,5813"
,,,"21,37","0,3129641","106,6311",,,,,,,,,,"21,37","0,3650983","106,6314","21,37","0,3635089","106,6313",,,,"21,37","0,3940264","106,6313","21,37","0,3434817","106,6313"
,,,"21,38","0,3158251","106,6814",,,,,,,,,,"21,38","0,3622373","106,6813","21,38","0,368913","106,6811",,,,"21,38","0,3980001","106,6811","21,38","0,3434817","106,6811"
,,,"21,39","0,319322","106,7313",,,,,,,,,,"21,39","0,3606478","106,7313","21,39","0,3730456","106,7311",,,,"21,39","0,4000664","106,7311","21,39","0,3452301","106,7311"
,,,"21,4","0,3253619","106,7813",,,,,,,,,,"21,4","0,3585815","106,7814","21,4","0,3760656","106,7813",,,,"21,4","0,401179","106,7813","21,4","0,3463427","106,7813"
,,,"21,41","0,3331502","106,8314",,,,,,,,,,"21,41","0,3574689","106,8313","21,41","0,3781319","106,8311",,,,"21,41","0,4027685","106,8311","21,41","0,3466606","106,8313"
,,,"21,42","0,3395081","106,8813",,,,,,,,,,"21,42","0,3587405","106,8813","21,42","0,380834","106,8811",,,,"21,42","0,4051526","106,8811","21,42","0,3471375","106,8811"
,,,"21,43","0,3442764","106,9313",,,,,,,,,,"21,43","0,3593763","106,9314","21,43","0,383695","106,9311",,,,"21,43","0,4072189","106,9311","21,43","0,3471375","106,9311"
,,,"21,44","0,348409","106,9813",,,,,,,,,,"21,44","0,357151","106,9814","21,44","0,3857613","106,9813",,,,"21,44","0,4091263","106,9811","21,44","0,3450712","106,9811"
,,,"21,45","0,3527006","107,0314",,,,,,,,,,"21,45","0,3561974","107,0314","21,45","0,3881454","107,0313",,,,"21,45","0,4110336","107,0313","21,45","0,3423691","107,0311"
,,,"21,46","0,3563563","107,0813",,,,,,,,,,"21,46","0,3569921","107,0814","21,46","0,3903707","107,081",,,,"21,46","0,4118284","107,0811","21,46","0,3403028","107,0811"
,,,"21,47","0,3582636","107,1313",,,,,,,,,,"21,47","0,3585815","107,1314","21,47","0,3908475","107,1311",,,,"21,47","0,4126231","107,1313","21,47","0,3403028","107,1313"
,,,"21,48","0,3593763","107,1815",,,,,,,,,,"21,48","0,3614426","107,1815","21,48","0,3913244","107,1814",,,,"21,48","0,4138947","107,1811","21,48","0,3407796","107,1813"
,,,"21,49","0,3611247","107,2313",,,,,,,,,,"21,49","0,3638268","107,2314","21,49","0,3932317","107,2311",,,,"21,49","0,4146894","107,2313","21,49","0,3395081","107,2311"
,,,"21,5","0,3627141","107,2814",,,,,,,,,,"21,5","0,3633499","107,2814","21,5","0,3956159","107,2813",,,,"21,5","0,4146894","107,2813","21,5","0,3376007","107,2813"
,,,"21,51","0,3622373","107,3314",,,,,,,,,,"21,51","0,3619194","107,3314","21,51","0,395298","107,3311",,,,"21,51","0,4143715","107,3313","21,51","0,336806","107,3313"
,,,"21,52","0,36033","107,3814",,,,,,,,,,"21,52","0,3638268","107,3814","21,52","0,392437","107,3813",,,,"21,52","0,4142126","107,3813","21,52","0,3352165","107,3813"
,,,"21,53","0,3595352","107,4315",,,,,,,,,,"21,53","0,3673235","107,4314","21,53","0,3897349","107,4313",,,,"21,53","0,4135768","107,4311","21,53","0,3331502","107,4311"
,,,"21,54","0,3595352","107,4814",,,,,,,,,,"21,54","0,3705025","107,4813","21,54","0,3887812","107,4811",,,,"21,54","0,4126231","107,4811","21,54","0,3331502","107,4811"
,,,"21,55","0,3590584","107,5313",,,,,,,,,,"21,55","0,3738403","107,5314","21,55","0,3868739","107,5314",,,,"21,55","0,4102389","107,5313","21,55","0,3356934","107,5314"
,,,"21,56","0,3554026","107,5815",,,,,,,,,,"21,56","0,3765424","107,5814","21,56","0,3825823","107,5811",,,,"21,56","0,4056295","107,5813","21,56","0,3372828","107,5811"
,,,"21,57","0,3506342","107,6314",,,,,,,,,,"21,57","0,377655","107,6314","21,57","0,3770193","107,6313",,,,"21,57","0,4008611","107,6313","21,57","0,3371239","107,6313"
,,,"21,58","0,3487269","107,6814",,,,,,,,,,"21,58","0,3784498","107,6813","21,58","0,3728867","107,6811",,,,"21,58","0,3968875","107,6811","21,58","0,3355344","107,6811"
,,,"21,59","0,3515879","107,7313",,,,,,,,,,"21,59","0,3800392","107,7311","21,59","0,3709793","107,7313",,,,"21,59","0,392437","107,7313","21,59","0,3339449","107,7314"
,,,"21,6","0,3554026","107,7815",,,,,,,,,,"21,6","0,3813108","107,7814","21,6","0,3685951","107,7813",,,,"21,6","0,3881454","107,7813","21,6","0,3352165","107,7814"
,,,"21,61","0,3566742","107,8314",,,,,,,,,,"21,61","0,3821055","107,8314","21,61","0,3650983","107,8313",,,,"21,61","0,3860792","107,8313","21,61","0,3395081","107,8313"
,,,"21,62","0,3566742","107,8814",,,,,,,,,,"21,62","0,3841718","107,8813","21,62","0,3614426","107,8811",,,,"21,62","0,3860792","107,8811","21,62","0,3431638","107,8811"
,,,"21,63","0,357151","107,9313",,,,,,,,,,"21,63","0,386556","107,9313","21,63","0,3582636","107,9313",,,,"21,63","0,3857613","107,9313","21,63","0,3450712","107,9313"
,,,"21,64","0,3577868","107,9813",,,,,,,,,,"21,64","0,3873507","107,9814","21,64","0,3563563","107,9811",,,,"21,64","0,3848076","107,9811","21,64","0,3468195","107,9811"
,,,"21,65","0,3579458","108,0314",,,,,,,,,,"21,65","0,386397","108,0313","21,65","0,3546079","108,0313",,,,"21,65","0,3844897","108,0313","21,65","0,3498395","108,0313"
,,,"21,66","0,3579458","108,0813",,,,,,,,,,"21,66","0,3856023","108,0813","21,66","0,3519058","108,0811",,,,"21,66","0,3844897","108,0811","21,66","0,3522237","108,0811"
,,,"21,67","0,3577868","108,1311",,,,,,,,,,"21,67","0,3871918","108,1313","21,67","0,3479322","108,1313",,,,"21,67","0,3833771","108,1313","21,67","0,3534953","108,1313"
,,,"21,68","0,357151","108,1814",,,,,,,,,,"21,68","0,3919601","108,1813","21,68","0,3442764","108,1813",,,,"21,68","0,3816287","108,1813","21,68","0,3546079","108,1813"
,,,"21,69","0,3579458","108,2313",,,,,,,,,,"21,69","0,3959338","108,2313","21,69","0,339667","108,2313",,,,"21,69","0,3797213","108,2313","21,69","0,3547668","108,2313"
,,,"21,7","0,3595352","108,2814",,,,,,,,,,"21,7","0,395298","108,2813","21,7","0,3348986","108,2813",,,,"21,7","0,377655","108,2811","21,7","0,3531774","108,2811"
,,,"21,71","0,3593763","108,3311",,,,,,,,,,"21,71","0,3927549","108,3313","21,71","0,3323555","108,3313",,,,"21,71","0,3744761","108,3313","21,71","0,3507932","108,3311"
,,,"21,72","0,3577868","108,3813",,,,,,,,,,"21,72","0,392437","108,3813","21,72","0,3328323","108,3814",,,,"21,72","0,3714561","108,3814","21,72","0,3495216","108,3813"
,,,"21,73","0,3569921","108,4313",,,,,,,,,,"21,73","0,3940264","108,4314","21,73","0,3333092","108,4313",,,,"21,73","0,3712972","108,4313","21,73","0,3492037","108,4313"
,,,"21,74","0,3574689","108,4813",,,,,,,,,,"21,74","0,3964106","108,4813","21,74","0,3317197","108,4811",,,,"21,74","0,3733635","108,4811","21,74","0,3503164","108,4811"
,,,"21,75","0,357151","108,5311",,,,,,,,,,"21,75","0,3991127","108,5314","21,75","0,3301302","108,5313",,,,"21,75","0,3754298","108,5313","21,75","0,351429","108,5313"
,,,"21,76","0,3563563","108,5813",,,,,,,,,,"21,76","0,3999074","108,5814","21,76","0,3301302","108,5813",,,,"21,76","0,3757477","108,5813","21,76","0,3492037","108,5813"
,,,"21,77","0,3561974","108,6313",,,,,,,,,,"21,77","0,3968875","108,6314","21,77","0,3304482","108,6313",,,,"21,77","0,3760656","108,6311","21,77","0,3439585","108,6311"
,,,"21,78","0,3563563","108,6813",,,,,,,,,,"21,78","0,3929138","108,6813","21,78","0,330925","108,681",,,,"21,78","0,3781319","108,6811","21,78","0,3399849","108,6811"
,,,"21,79","0,3569921","108,7311",,,,,,,,,,"21,79","0,3892581","108,7313","21,79","0,3315608","108,7311",,,,"21,79","0,3824234","108,7313","21,79","0,3388723","108,7311"
,,,"21,8","0,3563563","108,7813",,,,,,,,,,"21,8","0,3840128","108,7814","21,8","0,3304482","108,7813",,,,"21,8","0,386397","108,7813","21,8","0,3395081","108,7813"
,,,"21,81","0,3530184","108,8313",,,,,,,,,,"21,81","0,3773371","108,8313","21,81","0,3277461","108,8313",,,,"21,81","0,3881454","108,8313","21,81","0,339667","108,8313"
,,,"21,82","0,3468195","108,8813",,,,,,,,,,"21,82","0,3722509","108,8813","21,82","0,3253619","108,8811",,,,"21,82","0,3887812","108,8813","21,82","0,3391902","108,8813"
,,,"21,83","0,3404617","108,9313",,,,,,,,,,"21,83","0,3682772","108,9314","21,83","0,3236135","108,9314",,,,"21,83","0,3900528","108,9313","21,83","0,3372828","108,9313"
,,,"21,84","0,3344218","108,9814",,,,,,,,,,"21,84","0,3619194","108,9814","21,84","0,3225009","108,9813",,,,"21,84","0,3932317","108,9813","21,84","0,3356934","108,9813"
,,,"21,85","0,3288587","109,0315",,,,,,,,,,"21,85","0,3538132","109,0314","21,85","0,322183","109,0313",,,,"21,85","0,3972054","109,0313","21,85","0,3348986","109,0313"
,,,"21,86","0,3228188","109,0814",,,,,,,,,,"21,86","0,3487269","109,0813","21,86","0,322024","109,0811",,,,"21,86","0,4003843","109,0811","21,86","0,3336271","109,0811"
,,,"21,87","0,3169378","109,1313",,,,,,,,,,"21,87","0,3463427","109,1314","21,87","0,322183","109,1314",,,,"21,87","0,4030863","109,1314","21,87","0,3323555","109,1313"
,,,"21,88","0,3126462","109,1814",,,,,,,,,,"21,88","0,3444354","109,1814","21,88","0,3240903","109,1813",,,,"21,88","0,4056295","109,1814","21,88","0,3331502","109,1814"
,,,"21,89","0,3105799","109,2313",,,,,,,,,,"21,89","0,3431638","109,2313","21,89","0,3272692","109,2313",,,,"21,89","0,4080137","109,2313","21,89","0,3355344","109,2313"
,,,"21,9","0,3101031","109,2814",,,,,,,,,,"21,9","0,3436407","109,2814","21,9","0,3301302","109,2813",,,,"21,9","0,4091263","109,2813","21,9","0,3376007","109,2813"
,,,"21,91","0,3089905","109,3313",,,,,,,,,,"21,91","0,3434817","109,3313","21,91","0,3317197","109,3313",,,,"21,91","0,4094442","109,3313","21,91","0,3391902","109,3313"
,,,"21,92","0,3072421","109,3814",,,,,,,,,,"21,92","0,3420512","109,3814","21,92","0,3328323","109,3814",,,,"21,92","0,4102389","109,3813","21,92","0,3407796","109,3813"
,,,"21,93","0,3058116","109,4314",,,,,,,,,,"21,93","0,3420512","109,4315","21,93","0,3336271","109,4313",,,,"21,93","0,4123052","109,4313","21,93","0,3431638","109,4314"
,,,"21,94","0,3069242","109,4813",,,,,,,,,,"21,94","0,3436407","109,4813","21,94","0,3339449","109,4811",,,,"21,94","0,4138947","109,4811","21,94","0,345548","109,4811"
,,,"21,95","0,3085136","109,5313",,,,,,,,,,"21,95","0,3458659","109,5313","21,95","0,3347397","109,5314",,,,"21,95","0,4143715","109,5314","21,95","0,3463427","109,5314"
,,,"21,96","0,3089905","109,5814",,,,,,,,,,"21,96","0,3492037","109,5814","21,96","0,3356934","109,5814",,,,"21,96","0,4142126","109,5814","21,96","0,3466606","109,5813"
,,,"21,97","0,3097852","109,6314",,,,,,,,,,"21,97","0,3554026","109,6313","21,97","0,3364881","109,6314",,,,"21,97","0,4151662","109,6314","21,97","0,3490448","109,6313"
,,,"21,98","0,3134409","109,6814",,,,,,,,,,"21,98","0,360171","109,6814","21,98","0,3376007","109,6813",,,,"21,98","0,4159609","109,6811","21,98","0,3531774","109,6811"
,,,"21,99","0,3188451","109,7311",,,,,,,,,,"21,99","0,3606478","109,7313","21,99","0,3403028","109,7314",,,,"21,99","0,4154841","109,7313","21,99","0,3566742","109,7313"
,,,"22","0,3240903","109,7813",,,,,,,,,,"22","0,3609657","109,7814","22","0,3439585","109,7813",,,,"22","0,4146894","109,7813","22","0,36033","109,7813"
,,,"22,01","0,3296534","109,8314",,,,,,,,,,"22,01","0,3635089","109,8314","22,01","0,3468195","109,8313",,,,"22,01","0,4143715","109,8311","22,01","0,3654162","109,8313"
,,,"22,02","0,3356934","109,8813",,,,,,,,,,"22,02","0,3666878","109,8813","22,02","0,3495216","109,8811",,,,"22,02","0,4143715","109,8811","22,02","0,3705025","109,8811"
,,,"22,03","0,3407796","109,9313",,,,,,,,,,"22,03","0,3693899","109,9313","22,03","0,3527006","109,9313",,,,"22,03","0,4134178","109,9313","22,03","0,3741582","109,9313"
,,,"22,04","0,3447533","109,9813",,,,,,,,,,"22,04","0,3720919","109,9814","22,04","0,357151","109,9813",,,,"22,04","0,4111926","109,9813","22,04","0,3770193","109,9813"
,,,"22,05","0,3474554","110,0313",,,,,,,,,,"22,05","0,3730456","110,0314","22,05","0,3609657","110,0313",,,,"22,05","0,4080137","110,0313","22,05","0,3797213","110,0314"
,,,"22,06","0,3492037","110,0813",,,,,,,,,,"22,06","0,3722509","110,0811","22,06","0,3625552","110,0813",,,,"22,06","0,4032453","110,0811","22,06","0,3824234","110,0811"
,,,"22,07","0,3506342","110,1311",,,,,,,,,,"22,07","0,3714561","110,1313","22,07","0,3633499","110,1313",,,,"22,07","0,3980001","110,1313","22,07","0,3852844","110,1313"
,,,"22,08","0,3523827","110,1813",,,,,,,,,,"22,08","0,3714561","110,1814","22,08","0,3654162","110,1813",,,,"22,08","0,3945033","110,1814","22,08","0,3871918","110,1814"
,,,"22,09","0,3538132","110,2313",,,,,,,,,,"22,09","0,3709793","110,2314","22,09","0,3685951","110,2311",,,,"22,09","0,3932317","110,2311","22,09","0,3871918","110,2313"
,,,"22,1","0,3538132","110,2811",,,,,,,,,,"22,1","0,3705025","110,2813","22,1","0,3714561","110,2813",,,,"22,1","0,3911654","110,2811","22,1","0,3873507","110,2811"
,,,"22,11","0,3531774","110,3311",,,,,,,,,,"22,11","0,3697077","110,3313","22,11","0,3744761","110,3311",,,,"22,11","0,3873507","110,3311","22,11","0,389576","110,3311"
,,,"22,12","0,3539721","110,3813",,,,,,,,,,"22,12","0,3681183","110,3814","22,12","0,3770193","110,3813",,,,"22,12","0,3849665","110,3813","22,12","0,3919601","110,3813"
,,,"22,13","0,3554026","110,4314",,,,,,,,,,"22,13","0,3666878","110,4314","22,13","0,3805161","110,4313",,,,"22,13","0,3856023","110,4313","22,13","0,3927549","110,4313"
,,,"22,14","0,3574689","110,4813",,,,,,,,,,"22,14","0,365893","110,4813","22,14","0,3841718","110,481",,,,"22,14","0,3871918","110,481","22,14","0,3935496","110,481"
,,,"22,15","0,3625552","110,5313",,,,,,,,,,"22,15","0,3650983","110,5314","22,15","0,386556","110,5311",,,,"22,15","0,3879865","110,5311","22,15","0,3948212","110,5311"
,,,"22,16","0,3693899","110,5814",,,,,,,,,,"22,16","0,3643036","110,5815","22,16","0,386556","110,5813",,,,"22,16","0,3876686","110,5813","22,16","0,3948212","110,5813"
,,,"22,17","0,3730456","110,6313",,,,,,,,,,"22,17","0,3635089","110,6314","22,17","0,3876686","110,6311",,,,"22,17","0,3881454","110,6313","22,17","0,3929138","110,6313"
,,,"22,18","0,3720919","110,6814",,,,,,,,,,"22,18","0,3622373","110,6814","22,18","0,3900528","110,6811",,,,"22,18","0,389576","110,6811","22,18","0,3897349","110,6811"
,,,"22,19","0,369072","110,7313",,,,,,,,,,"22,19","0,3609657","110,7314","22,19","0,3908475","110,7311",,,,"22,19","0,3903707","110,7311","22,19","0,3840128","110,7311"
,,,"22,2","0,368913","110,7814",,,,,,,,,,"22,2","0,3606478","110,7815","22,2","0,3887812","110,7813",,,,"22,2","0,3911654","110,7813","22,2","0,3749529","110,7813"
,,,"22,21","0,371774","110,8314",,,,,,,,,,"22,21","0,3617605","110,8315","22,21","0,3856023","110,8313",,,,"22,21","0,3911654","110,8313","22,21","0,3650983","110,8313"
,,,"22,22","0,3736814","110,8813",,,,,,,,,,"22,22","0,363032","110,8814","22,22","0,3825823","110,8811",,,,"22,22","0,3911654","110,881","22,22","0,3566742","110,8811"
,,,"22,23","0,371774","110,9313",,,,,,,,,,"22,23","0,3638268","110,9314","22,23","0,3781319","110,9311",,,,"22,23","0,392437","110,9311","22,23","0,3492037","110,9313"
,,,"22,24","0,3682772","110,9813",,,,,,,,,,"22,24","0,3633499","110,9815","22,24","0,3706614","110,9811",,,,"22,24","0,3940264","110,9813","22,24","0,3428459","110,9813"
,,,"22,25","0,3665288","111,0314",,,,,,,,,,"22,25","0,3622373","111,0315","22,25","0,36033","111,0313",,,,"22,25","0,3948212","111,0314","22,25","0,3383954","111,0313"
,,,"22,26","0,3673235","111,0813",,,,,,,,,,"22,26","0,3627141","111,0813","22,26","0,3474554","111,0811",,,,"22,26","0,3960927","111,0811","22,26","0,3352165","111,0811"
,,,"22,27","0,369072","111,1313",,,,,,,,,,"22,27","0,3654162","111,1314","22,27","0,3355344","111,1314",,,,"22,27","0,3984769","111,1313","22,27","0,3331502","111,1313"
,,,"22,28","0,3705025","111,1813",,,,,,,,,,"22,28","0,3682772","111,1814","22,28","0,3264745","111,1813",,,,"22,28","0,4007021","111,1814","22,28","0,3323555","111,1814"
,,,"22,29","0,3709793","111,2313",,,,,,,,,,"22,29","0,3698667","111,2314","22,29","0,3185272","111,2313",,,,"22,29","0,4014969","111,2313","22,29","0,3325144","111,2313"
,,,"22,3","0,3706614","111,2814",,,,,,,,,,"22,3","0,3725688","111,2813","22,3","0,3108978","111,2813",,,,"22,3","0,4022916","111,2811","22,3","0,3333092","111,2811"
,,,"22,31","0,3678004","111,3313",,,,,,,,,,"22,31","0,3752708","111,3313","22,31","0,3040632","111,3313",,,,"22,31","0,4022916","111,3313","22,31","0,3331502","111,3313"
,,,"22,32","0,3622373","111,3813",,,,,,,,,,"22,32","0,3754298","111,3815","22,32","0,298659","111,3813",,,,"22,32","0,401179","111,3813","22,32","0,3336271","111,3814"
,,,"22,33","0,3561974","111,4313",,,,,,,,,,"22,33","0,3738403","111,4314","22,33","0,295798","111,4311",,,,"22,33","0,401179","111,4313","22,33","0,3360113","111,4313"
,,,"22,34","0,3519058","111,4813",,,,,,,,,,"22,34","0,3741582","111,4811","22,34","0,2938906","111,481",,,,"22,34","0,4038811","111,4811","22,34","0,339667","111,4811"
,,,"22,35","0,3479322","111,5313",,,,,,,,,,"22,35","0,3760656","111,5313","22,35","0,2918243","111,5314",,,,"22,35","0,4067421","111,5314","22,35","0,3442764","111,5314"
,,,"22,36","0,3420512","111,5814",,,,,,,,,,"22,36","0,3762245","111,5814","22,36","0,2902349","111,5813",,,,"22,36","0,4075368","111,5811","22,36","0,3468195","111,5811"
,,,"22,37","0,3341039","111,6313",,,,,,,,,,"22,37","0,3744761","111,6314","22,37","0,2913475","111,6313",,,,"22,37","0,4088084","111,6313","22,37","0,3482501","111,6313"
,,,"22,38","0,3256798","111,6813",,,,,,,,,,"22,38","0,3714561","111,6813","22,38","0,2942085","111,6813",,,,"22,38","0,4107157","111,6813","22,38","0,3511111","111,6813"
,,,"22,39","0,3188451","111,7311",,,,,,,,,,"22,39","0,3681183","111,731","22,39","0,2962748","111,7314",,,,"22,39","0,4107157","111,7313","22,39","0,3554026","111,7313"
,,,"22,4","0,3148715","111,7814",,,,,,,,,,"22,4","0,3641447","111,7813","22,4","0,2981822","111,7814",,,,"22,4","0,4103979","111,7814","22,4","0,3579458","111,7814"
,,,"22,41","0,3137589","111,8313",,,,,,,,,,"22,41","0,3617605","111,8313","22,41","0,3024737","111,8314",,,,"22,41","0,4110336","111,8313","22,41","0,3595352","111,8313"
,,,"22,42","0,3140768","111,8813",,,,,,,,,,"22,42","0,3611247","111,8811","22,42","0,3081957","111,8813",,,,"22,42","0,4111926","111,8813","22,42","0,3619194","111,8813"
,,,"22,43","0,3142357","111,9313",,,,,,,,,,"22,43","0,36033","111,9313","22,43","0,3134409","111,9313",,,,"22,43","0,4103979","111,9314","22,43","0,3643036","111,9313"
,,,"22,44","0,3145536","111,9813",,,,,,,,,,"22,44","0,3563563","111,9813","22,44","0,3180504","111,9813",,,,"22,44","0,4103979","111,9813","22,44","0,3673235","111,9813"
,,,"22,45","0,3158251","112,0314",,,,,,,,,,"22,45","0,3511111","112,0313","22,45","0,3228188","112,0313",,,,"22,45","0,4123052","112,0314","22,45","0,3698667","112,0313"
,,,"22,46","0,316143","112,0813",,,,,,,,,,"22,46","0,3476143","112,0813","22,46","0,3269514","112,0811",,,,"22,46","0,4142126","112,0811","22,46","0,3706614","112,0811"
,,,"22,47","0,3148715","112,1313",,,,,,,,,,"22,47","0,3474554","112,1313","22,47","0,3293355","112,1313",,,,"22,47","0,4162788","112,1313","22,47","0,3697077","112,1313"
,,,"22,48","0,3145536","112,1814",,,,,,,,,,"22,48","0,3476143","112,1814","22,48","0,3304482","112,1813",,,,"22,48","0,4165967","112,1813","22,48","0,3682772","112,1811"
,,,"22,49","0,316143","112,2313",,,,,,,,,,"22,49","0,345548","112,2314","22,49","0,3315608","112,2313",,,,"22,49","0,4151662","112,2311","22,49","0,3673235","112,2313"
,,,"22,5","0,3180504","112,2813",,,,,,,,,,"22,5","0,3410975","112,2814","22,5","0,3336271","112,2813",,,,"22,5","0,4142126","112,2811","22,5","0,365893","112,2811"
,,,"22,51","0,3196398","112,3313",,,,,,,,,,"22,51","0,3383954","112,3314","22,51","0,3360113","112,3313",,,,"22,51","0,4143715","112,3313","22,51","0,3649394","112,3313"
,,,"22,52","0,322024","112,3814",,,,,,,,,,"22,52","0,339667","112,3815","22,52","0,3371239","112,3814",,,,"22,52","0,4135768","112,3813","22,52","0,363032","112,3814"
,,,"22,53","0,3256798","112,4314",,,,,,,,,,"22,53","0,3428459","112,4314","22,53","0,3380775","112,4313",,,,"22,53","0,4110336","112,4313","22,53","0,36033","112,4313"
,,,"22,54","0,3288587","112,4813",,,,,,,,,,"22,54","0,3466606","112,4813","22,54","0,3399849","112,481",,,,"22,54","0,4080137","112,481","22,54","0,3590584","112,481"
,,,"22,55","0,330925","112,5313",,,,,,,,,,"22,55","0,3507932","112,5314","22,55","0,3412565","112,5311",,,,"22,55","0,4059474","112,5311","22,55","0,3587405","112,5311"
,,,"22,56","0,3325144","112,5814",,,,,,,,,,"22,56","0,3531774","112,5815","22,56","0,3407796","112,5813",,,,"22,56","0,4030863","112,5813","22,56","0,357151","112,5811"
,,,"22,57","0,3347397","112,6314",,,,,,,,,,"22,57","0,3539721","112,6314","22,57","0,3410975","112,6311",,,,"22,57","0,4003843","112,6311","22,57","0,3554026","112,6311"
,,,"22,58","0,336806","112,6813",,,,,,,,,,"22,58","0,3554026","112,6813","22,58","0,3428459","112,681",,,,"22,58","0,4003843","112,681","22,58","0,3566742","112,6811"
,,,"22,59","0,3372828","112,7311",,,,,,,,,,"22,59","0,3558795","112,7313","22,59","0,3428459","112,7311",,,,"22,59","0,4008611","112,731","22,59","0,3579458","112,731"
,,,"22,6","0,3363291","112,7814",,,,,,,,,,"22,6","0,3558795","112,7815","22,6","0,3423691","112,7811",,,,"22,6","0,398318","112,7811","22,6","0,3555616","112,7811"
,,,"22,61","0,3364881","112,8314",,,,,,,,,,"22,61","0,3577868","112,8314","22,61","0,3447533","112,8311",,,,"22,61","0,3937086","112,8311","22,61","0,3527006","112,8311"
,,,"22,62","0,3380775","112,8815",,,,,,,,,,"22,62","0,3611247","112,8813","22,62","0,3495216","112,8811",,,,"22,62","0,3921191","112,881","22,62","0,3538132","112,8811"
,,,"22,63","0,3376007","112,9314",,,,,,,,,,"22,63","0,3622373","112,9313","22,63","0,3530184","112,9313",,,,"22,63","0,3927549","112,9311","22,63","0,357151","112,9313"
,,,"22,64","0,3339449","112,9814",,,,,,,,,,"22,64","0,360171","112,9814","22,64","0,3547668","112,9813",,,,"22,64","0,3908475","112,9811","22,64","0,3598531","112,9811"
,,,"22,65","0,3315608","113,0314",,,,,,,,,,"22,65","0,3585815","113,0313","22,65","0,357151","113,0313",,,,"22,65","0,3873507","113,0313","22,65","0,3593763","113,0313"
,,,"22,66","0,3331502","113,0814",,,,,,,,,,"22,66","0,3598531","113,0814","22,66","0,3585815","113,081",,,,"22,66","0,3844897","113,0811","22,66","0,3569921","113,0811"
,,,"22,67","0,3371239","113,1313",,,,,,,,,,"22,67","0,3627141","113,1314","22,67","0,3582636","113,1311",,,,"22,67","0,3832181","113,1311","22,67","0,3555616","113,1311"
,,,"22,68","0,3387133","113,1814",,,,,,,,,,"22,68","0,3649394","113,1814","22,68","0,3585815","113,1813",,,,"22,68","0,3829002","113,1813","22,68","0,3569921","113,1811"
,,,"22,69","0,336806","113,2313",,,,,,,,,,"22,69","0,3665288","113,2314","22,69","0,360171","113,2311",,,,"22,69","0,3833771","113,2311","22,69","0,3582636","113,2311"
,,,"22,7","0,3339449","113,2813",,,,,,,,,,"22,7","0,3673235","113,2813","22,7","0,3614426","113,2811",,,,"22,7","0,3844897","113,2813","22,7","0,3593763","113,2813"
,,,"22,71","0,3333092","113,3313",,,,,,,,,,"22,71","0,3665288","113,3314","22,71","0,3617605","113,3313",,,,"22,71","0,3856023","113,3313","22,71","0,3609657","113,3313"
,,,"22,72","0,3360113","113,3814",,,,,,,,,,"22,72","0,3665288","113,3814","22,72","0,3609657","113,3813",,,,"22,72","0,3879865","113,3813","22,72","0,3625552","113,3813"
,,,"22,73","0,3388723","113,4314",,,,,,,,,,"22,73","0,3681183","113,4314","22,73","0,3595352","113,4311",,,,"22,73","0,3919601","113,4313","22,73","0,3641447","113,4311"
,,,"22,74","0,3391902","113,4813",,,,,,,,,,"22,74","0,3681183","113,4813","22,74","0,3585815","113,4811",,,,"22,74","0,3951391","113,4811","22,74","0,3673235","113,481"
,,,"22,75","0,3380775","113,5311",,,,,,,,,,"22,75","0,3666878","113,5314","22,75","0,3566742","113,5313",,,,"22,75","0,3960927","113,5313","22,75","0,3698667","113,5313"
,,,"22,76","0,339667","113,5813",,,,,,,,,,"22,76","0,3662109","113,5815","22,76","0,3527006","113,5813",,,,"22,76","0,3972054","113,5813","22,76","0,3697077","113,5813"
,,,"22,77","0,3434817","113,6314",,,,,,,,,,"22,77","0,3665288","113,6314","22,77","0,348409","113,6313",,,,"22,77","0,4007021","113,6313","22,77","0,3685951","113,6313"
,,,"22,78","0,3460248","113,6813",,,,,,,,,,"22,78","0,3666878","113,6813","22,78","0,3428459","113,6811",,,,"22,78","0,4046758","113,6811","22,78","0,369072","113,6811"
,,,"22,79","0,3476143","113,731",,,,,,,,,,"22,79","0,3681183","113,7313","22,79","0,3341039","113,7313",,,,"22,79","0,4075368","113,7313","22,79","0,3693899","113,7313"
,,,"22,8","0,3499985","113,7813",,,,,,,,,,"22,8","0,3698667","113,7814","22,8","0,3240903","113,7813",,,,"22,8","0,4078547","113,7814","22,8","0,3685951","113,7814"
,,,"22,81","0,3523827","113,8314",,,,,,,,,,"22,81","0,3712972","113,8313","22,81","0,3153483","113,8313",,,,"22,81","0,4059474","113,8313","22,81","0,3678004","113,8313"
,,,"22,82","0,3530184","113,8813",,,,,,,,,,"22,82","0,3725688","113,8811","22,82","0,3089905","113,8813",,,,"22,82","0,4054705","113,8811","22,82","0,3673235","113,8813"
,,,"22,83","0,3523827","113,9311",,,,,,,,,,"22,83","0,3741582","113,9313","22,83","0,30454","113,9314",,,,"22,83","0,40706","113,9314","22,83","0,3666878","113,9313"
,,,"22,84","0,3522237","113,9813",,,,,,,,,,"22,84","0,3749529","113,9813","22,84","0,3013611","113,9813",,,,"22,84","0,4086494","113,9813","22,84","0,3665288","113,9813"
,,,"22,85","0,3538132","114,0313",,,,,,,,,,"22,85","0,3749529","114,0313","22,85","0,2989769","114,0314",,,,"22,85","0,409921","114,0313","22,85","0,3678004","114,0313"
,,,"22,86","0,357151","114,0813",,,,,,,,,,"22,86","0,3754298","114,0811","22,86","0,2961159","114,0813",,,,"22,86","0,4111926","114,0811","22,86","0,3674825","114,0813"
,,,"22,87","0,3609657","114,1311",,,,,,,,,,"22,87","0,3762245","114,1313","22,87","0,2945264","114,1314",,,,"22,87","0,4107157","114,1313","22,87","0,3657341","114,1314"
,,,"22,88","0,363032","114,1814",,,,,,,,,,"22,88","0,3762245","114,1814","22,88","0,2954801","114,1814",,,,"22,88","0,4075368","114,1814","22,88","0,3654162","114,1813"
,,,"22,89","0,3619194","114,2313",,,,,,,,,,"22,89","0,3754298","114,2313","22,89","0,298659","114,2313",,,,"22,89","0,4054705","114,2313","22,89","0,3665288","114,2313"
,,,"22,9","0,357151","114,2814",,,,,,,,,,"22,9","0,3744761","114,2813","22,9","0,3021558","114,2811",,,,"22,9","0,4051526","114,2811","22,9","0,365893","114,2813"
,,,"22,91","0,3495216","114,3313",,,,,,,,,,"22,91","0,3722509","114,3313","22,91","0,3042221","114,3313",,,,"22,91","0,4038811","114,3314","22,91","0,3635089","114,3314"
,,,"22,92","0,3412565","114,3814",,,,,,,,,,"22,92","0,3693899","114,3814","22,92","0,3058116","114,3814",,,,"22,92","0,4016558","114,3814","22,92","0,363032","114,3813"
,,,"22,93","0,3348986","114,4314",,,,,,,,,,"22,93","0,3674825","114,4314","22,93","0,3080368","114,4313",,,,"22,93","0,4014969","114,4313","22,93","0,3638268","114,4314"
,,,"22,94","0,330925","114,4813",,,,,,,,,,"22,94","0,3670057","114,4813","22,94","0,3105799","114,4811",,,,"22,94","0,4024506","114,4813","22,94","0,3641447","114,4811"
,,,"22,95","0,3283819","114,5314",,,,,,,,,,"22,95","0,3673235","114,5313","22,95","0,3140768","114,5314",,,,"22,95","0,4027685","114,5314","22,95","0,3643036","114,5314"
,,,"22,96","0,3245672","114,5814",,,,,,,,,,"22,96","0,3673235","114,5814","22,96","0,3177325","114,5814",,,,"22,96","0,4016558","114,5813","22,96","0,3646215","114,5814"
,,,"22,97","0,3196398","114,6313",,,,,,,,,,"22,97","0,3665288","114,6313","22,97","0,322024","114,6313",,,,"22,97","0,4003843","114,6314","22,97","0,3635089","114,6314"
,,,"22,98","0,3140768","114,6814",,,,,,,,,,"22,98","0,3662109","114,6813","22,98","0,3264745","114,6811",,,,"22,98","0,4014969","114,6813","22,98","0,3625552","114,6813"
,,,"22,99","0,3096263","114,7313",,,,,,,,,,"22,99","0,3662109","114,7313","22,99","0,3307661","114,7311",,,,"22,99","0,4046758","114,7313","22,99","0,3625552","114,7313"
,,,"23","0,3066063","114,7814",,,,,,,,,,"23","0,3649394","114,7815","23","0,3344218","114,7813",,,,"23","0,4080137","114,7814","23","0,3627141","114,7814"
,,,"23,01","0,3050168","114,8314",,,,,,,,,,"23,01","0,3633499","114,8313","23,01","0,3387133","114,8313",,,,"23,01","0,4086494","114,8311","23,01","0,3614426","114,8313"
,,,"23,02","0,3042221","114,8814",,,,,,,,,,"23,02","0,3635089","114,8811","23,02","0,3431638","114,8811",,,,"23,02","0,4075368","114,8811","23,02","0,3595352","114,8811"
,,,"23,03","0,3042221","114,9313",,,,,,,,,,"23,03","0,3635089","114,9314","23,03","0,3476143","114,9313",,,,"23,03","0,4064242","114,9311","23,03","0,3579458","114,9313"
,,,"23,04","0,30454","114,9814",,,,,,,,,,"23,04","0,3598531","114,9814","23,04","0,3515879","114,9811",,,,"23,04","0,40706","114,9811","23,04","0,3569921","114,9813"
,,,"23,05","0,3056526","115,0315",,,,,,,,,,"23,05","0,3539721","115,0314","23,05","0,3538132","115,0311",,,,"23,05","0,4083315","115,0311","23,05","0,3561974","115,0313"
,,,"23,06","0,3080368","115,0814",,,,,,,,,,"23,06","0,3499985","115,0813","23,06","0,3547668","115,081",,,,"23,06","0,4083315","115,081","23,06","0,35429","115,0811"
,,,"23,07","0,3113747","115,1313",,,,,,,,,,"23,07","0,3487269","115,1314","23,07","0,3558795","115,1313",,,,"23,07","0,4067421","115,1313","23,07","0,3511111","115,1313"
,,,"23,08","0,3145536","115,1814",,,,,,,,,,"23,08","0,3482501","115,1814","23,08","0,3577868","115,1813",,,,"23,08","0,4051526","115,1813","23,08","0,3482501","115,1813"
,,,"23,09","0,3172556","115,2314",,,,,,,,,,"23,09","0,3487269","115,2313","23,09","0,3582636","115,2311",,,,"23,09","0,4046758","115,2313","23,09","0,3471375","115,2311"
,,,"23,1","0,3212293","115,2814",,,,,,,,,,"23,1","0,3492037","115,2814","23,1","0,3585815","115,2813",,,,"23,1","0,4048347","115,2811","23,1","0,3476143","115,2811"
,,,"23,11","0,3256798","115,3313",,,,,,,,,,"23,11","0,3492037","115,3315","23,11","0,360171","115,3313",,,,"23,11","0,4064242","115,3313","23,11","0,348409","115,3313"
,,,"23,12","0,3288587","115,3814",,,,,,,,,,"23,12","0,351429","115,3815","23,12","0,3633499","115,3813",,,,"23,12","0,4096031","115,3813","23,12","0,348409","115,3813"
,,,"23,13","0,3301302","115,4313",,,,,,,,,,"23,13","0,3558795","115,4315","23,13","0,3662109","115,4313",,,,"23,13","0,4102389","115,4313","23,13","0,3490448","115,4313"
,,,"23,14","0,3315608","115,4813",,,,,,,,,,"23,14","0,3595352","115,4813","23,14","0,3682772","115,4811",,,,"23,14","0,4067421","115,4811","23,14","0,3503164","115,481"
,,,"23,15","0,3333092","115,5313",,,,,,,,,,"23,15","0,3617605","115,5314","23,15","0,3693899","115,5314",,,,"23,15","0,4022916","115,5313","23,15","0,3492037","115,5314"
,,,"23,16","0,3356934","115,5814",,,,,,,,,,"23,16","0,3633499","115,5814","23,16","0,3705025","115,5813",,,,"23,16","0,3984769","115,5813","23,16","0,3450712","115,5813"
,,,"23,17","0,3376007","115,6313",,,,,,,,,,"23,17","0,3643036","115,6314","23,17","0,371774","115,6313",,,,"23,17","0,3951391","115,6313","23,17","0,3428459","115,6313"
,,,"23,18","0,3379186","115,6814",,,,,,,,,,"23,18","0,3633499","115,6813","23,18","0,3730456","115,6811",,,,"23,18","0,3927549","115,6813","23,18","0,3428459","115,6811"
,,,"23,19","0,3364881","115,7311",,,,,,,,,,"23,19","0,3627141","115,7314","23,19","0,3728867","115,7313",,,,"23,19","0,3919601","115,7313","23,19","0,3418922","115,7314"
,,,"23,2","0,336806","115,7813",,,,,,,,,,"23,2","0,3646215","115,7815","23,2","0,3706614","115,7813",,,,"23,2","0,3921191","115,7813","23,2","0,3407796","115,7814"
,,,"23,21","0,3404617","115,8314",,,,,,,,,,"23,21","0,3670057","115,8315","23,21","0,3685951","115,8313",,,,"23,21","0,3919601","115,8313","23,21","0,3418922","115,8313"
,,,"23,22","0,345548","115,8811",,,,,,,,,,"23,22","0,3685951","115,8813","23,22","0,3670057","115,8813",,,,"23,22","0,3921191","115,8813","23,22","0,3434817","115,8813"
,,,"23,23","0,3495216","115,9311",,,,,,,,,,"23,23","0,3705025","115,9314","23,23","0,3650983","115,9314",,,,"23,23","0,3948212","115,9314","23,23","0,3420512","115,9314"
,,,"23,24","0,3522237","115,9811",,,,,,,,,,"23,24","0,3720919","115,9813","23,24","0,3627141","115,9814",,,,"23,24","0,4000664","115,9814","23,24","0,3399849","115,9813"
,,,"23,25","0,3538132","116,0311",,,,,,,,,,"23,25","0,3728867","116,0313","23,25","0,3614426","116,0313",,,,"23,25","0,4067421","116,0314","23,25","0,3399849","116,0314"
,,,"23,26","0,3547668","116,0811",,,,,,,,,,"23,26","0,3749529","116,0813","23,26","0,3595352","116,0811",,,,"23,26","0,4126231","116,0811","23,26","0,3412565","116,0813"
,,,"23,27","0,3561974","116,1311",,,,,,,,,,"23,27","0,3792445","116,1313","23,27","0,3566742","116,1314",,,,"23,27","0,415802","116,1314","23,27","0,3428459","116,1313"
,,,"23,28","0,3585815","116,1813",,,,,,,,,,"23,28","0,3829002","116,1814","23,28","0,3539721","116,1814",,,,"23,28","0,4181862","116,1814","23,28","0,3447533","116,1814"
,,,"23,29","0,3595352","116,2313",,,,,,,,,,"23,29","0,3844897","116,2313","23,29","0,3522237","116,2313",,,,"23,29","0,4213651","116,2313","23,29","0,345548","116,2313"
,,,"23,3","0,3585815","116,2813",,,,,,,,,,"23,3","0,3852844","116,2811","23,3","0,3490448","116,2813",,,,"23,3","0,424703","116,2811","23,3","0,3444354","116,2811"
,,,"23,31","0,3569921","116,3311",,,,,,,,,,"23,31","0,3856023","116,3313","23,31","0,342687","116,3313",,,,"23,31","0,4278819","116,3313","23,31","0,3444354","116,3313"
,,,"23,32","0,3563563","116,3813",,,,,,,,,,"23,32","0,3832181","116,3814","23,32","0,3341039","116,3814",,,,"23,32","0,4313787","116,3814","23,32","0,3447533","116,3814"
,,,"23,33","0,3563563","116,4311",,,,,,,,,,"23,33","0,3794034","116,4314","23,33","0,3272692","116,4314",,,,"23,33","0,4356702","116,4313","23,33","0,3436407","116,4314"
,,,"23,34","0,3574689","116,4813",,,,,,,,,,"23,34","0,3784498","116,4813","23,34","0,3228188","116,481",,,,"23,34","0,439326","116,4811","23,34","0,3442764","116,4811"
,,,"23,35","0,3590584","116,5313",,,,,,,,,,"23,35","0,3800392","116,5313","23,35","0,319322","116,5313",,,,"23,35","0,4413923","116,5313","23,35","0,348409","116,5313"
,,,"23,36","0,3614426","116,5814",,,,,,,,,,"23,36","0,3829002","116,5813","23,36","0,3150304","116,5813",,,,"23,36","0,442028","116,5813","23,36","0,3519058","116,5814"
,,,"23,37","0,3649394","116,6313",,,,,,,,,,"23,37","0,3857613","116,6313","23,37","0,3110568","116,6313",,,,"23,37","0,442187","116,6313","23,37","0,3538132","116,6313"
,,,"23,38","0,3685951","116,6813",,,,,,,,,,"23,38","0,386556","116,6813","23,38","0,3088315","116,6811",,,,"23,38","0,442187","116,6811","23,38","0,3569921","116,6811"
,,,"23,39","0,3697077","116,7313",,,,,,,,,,"23,39","0,3848076","116,7313","23,39","0,3085136","116,7311",,,,"23,39","0,4396439","116,7311","23,39","0,360171","116,7311"
,,,"23,4","0,369072","116,7814",,,,,,,,,,"23,4","0,3833771","116,7814","23,4","0,3081957","116,7813",,,,"23,4","0,4366239","116,7813","23,4","0,3606478","116,7813"
,,,"23,41","0,3685951","116,8314",,,,,,,,,,"23,41","0,3832181","116,8314","23,41","0,3064474","116,8311",,,,"23,41","0,4356702","116,8311","23,41","0,3609657","116,8311"
,,,"23,42","0,3681183","116,8813",,,,,,,,,,"23,42","0,3824234","116,8813","23,42","0,3061295","116,8811",,,,"23,42","0,4345576","116,8811","23,42","0,363032","116,8811"
,,,"23,43","0,3662109","116,9313",,,,,,,,,,"23,43","0,3805161","116,9314","23,43","0,3088315","116,9313",,,,"23,43","0,430584","116,9313","23,43","0,3649394","116,9311"
,,,"23,44","0,3635089","116,9814",,,,,,,,,,"23,44","0,3784498","116,9814","23,44","0,3121694","116,9813",,,,"23,44","0,4250208","116,9813","23,44","0,3646215","116,9811"
,,,"23,45","0,3609657","117,0314",,,,,,,,,,"23,45","0,3749529","117,0314","23,45","0,3148715","117,0313",,,,"23,45","0,4205704","117,0313","23,45","0,3625552","117,0313"
,,,"23,46","0,3574689","117,0814",,,,,,,,,,"23,46","0,3705025","117,0814","23,46","0,3169378","117,0811",,,,"23,46","0,4175504","117,081","23,46","0,360171","117,081"
,,,"23,47","0,35429","117,1313",,,,,,,,,,"23,47","0,3673235","117,1314","23,47","0,319322","117,1313",,,,"23,47","0,4162788","117,1314","23,47","0,3585815","117,1313"
,,,"23,48","0,3511111","117,1814",,,,,,,,,,"23,48","0,3673235","117,1815","23,48","0,322024","117,1813",,,,"23,48","0,4162788","117,1811","23,48","0,3569921","117,1813"
,,,"23,49","0,3468195","117,2314",,,,,,,,,,"23,49","0,369072","117,2314","23,49","0,3256798","117,2311",,,,"23,49","0,4167557","117,2311","23,49","0,3555616","117,2311"
,,,"23,5","0,3412565","117,2814",,,,,,,,,,"23,5","0,3706614","117,2815","23,5","0,3317197","117,2811",,,,"23,5","0,4178683","117,2811","23,5","0,3555616","117,2811"
,,,"23,51","0,3344218","117,3313",,,,,,,,,,"23,51","0,3712972","117,3314","23,51","0,3380775","117,3311",,,,"23,51","0,418663","117,3313","23,51","0,3566742","117,3313"
,,,"23,52","0,3253619","117,3814",,,,,,,,,,"23,52","0,3698667","117,3815","23,52","0,3428459","117,3811",,,,"23,52","0,4189809","117,3811","23,52","0,3566742","117,3811"
,,,"23,53","0,3164609","117,4314",,,,,,,,,,"23,53","0,3670057","117,4315","23,53","0,3458659","117,4313",,,,"23,53","0,418663","117,4313","23,53","0,3547668","117,4313"
,,,"23,54","0,3116926","117,4813",,,,,,,,,,"23,54","0,3643036","117,4813","23,54","0,3479322","117,481",,,,"23,54","0,4181862","117,481","23,54","0,3527006","117,4811"
,,,"23,55","0,3108978","117,5314",,,,,,,,,,"23,55","0,3627141","117,5314","23,55","0,3498395","117,5313",,,,"23,55","0,4181862","117,5313","23,55","0,3507932","117,5313"
,,,"23,56","0,3093084","117,5814",,,,,,,,,,"23,56","0,3617605","117,5815","23,56","0,3515879","117,5813",,,,"23,56","0,4183451","117,5813","23,56","0,3476143","117,5811"
,,,"23,57","0,3061295","117,6313",,,,,,,,,,"23,57","0,3614426","117,6314","23,57","0,3547668","117,6313",,,,"23,57","0,4207293","117,6313","23,57","0,3442764","117,6313"
,,,"23,58","0,3040632","117,6813",,,,,,,,,,"23,58","0,3622373","117,6813","23,58","0,3587405","117,6811",,,,"23,58","0,4261335","117,6813","23,58","0,3410975","117,6811"
,,,"23,59","0,3032684","117,7311",,,,,,,,,,"23,59","0,3627141","117,7311","23,59","0,3614426","117,7311",,,,"23,59","0,4310608","117,7313","23,59","0,3388723","117,7313"
,,,"23,6","0,3032684","117,7815",,,,,,,,,,"23,6","0,3619194","117,7814","23,6","0,3611247","117,7811",,,,"23,6","0,433445","117,7813","23,6","0,3395081","117,7813"
,,,"23,61","0,3053347","117,8314",,,,,,,,,,"23,61","0,3614426","117,8314","23,61","0,3593763","117,8313",,,,"23,61","0,4345576","117,8313","23,61","0,3423691","117,8313"
,,,"23,62","0,3093084","117,8813",,,,,,,,,,"23,62","0,3638268","117,8813","23,62","0,3587405","117,8813",,,,"23,62","0,4374186","117,8813","23,62","0,3439585","117,8813"
,,,"23,63","0,3140768","117,9314",,,,,,,,,,"23,63","0,369072","117,9313","23,63","0,3609657","117,9313",,,,"23,63","0,4428228","117,9313","23,63","0,3428459","117,9311"
,,,"23,64","0,3188451","117,9814",,,,,,,,,,"23,64","0,3725688","117,9813","23,64","0,3643036","117,9811",,,,"23,64","0,4493395","117,9811","23,64","0,3410975","117,9811"
,,,"23,65","0,3228188","118,0314",,,,,,,,,,"23,65","0,3733635","118,0313","23,65","0,3662109","118,0313",,,,"23,65","0,4563332","118,0313","23,65","0,339667","118,0313"
,,,"23,66","0,3259977","118,0813",,,,,,,,,,"23,66","0,3738403","118,0811","23,66","0,365893","118,0811",,,,"23,66","0,4612605","118,0811","23,66","0,3399849","118,0811"
,,,"23,67","0,3299713","118,1311",,,,,,,,,,"23,67","0,3754298","118,1313","23,67","0,3654162","118,1313",,,,"23,67","0,4628499","118,1313","23,67","0,3412565","118,1314"
,,,"23,68","0,3355344","118,1814",,,,,,,,,,"23,68","0,3768603","118,1814","23,68","0,3666878","118,1813",,,,"23,68","0,4612605","118,1811","23,68","0,3428459","118,1813"
,,,"23,69","0,3412565","118,2313",,,,,,,,,,"23,69","0,3754298","118,2313","23,69","0,368913","118,2313",,,,"23,69","0,4604658","118,2313","23,69","0,3420512","118,2311"
,,,"23,7","0,3460248","118,2813",,,,,,,,,,"23,7","0,3728867","118,2813","23,7","0,3706614","118,2813",,,,"23,7","0,4618963","118,2811","23,7","0,3403028","118,2813"
,,,"23,71","0,348409","118,3313",,,,,,,,,,"23,71","0,3709793","118,3313","23,71","0,371774","118,3313",,,,"23,71","0,4634857","118,3313","23,71","0,3388723","118,3313"
,,,"23,72","0,3487269","118,3813",,,,,,,,,,"23,72","0,3698667","118,3814","23,72","0,3733635","118,3813",,,,"23,72","0,4647573","118,3813","23,72","0,3391902","118,3813"
,,,"23,73","0,3499985","118,4313",,,,,,,,,,"23,73","0,3706614","118,4313","23,73","0,3754298","118,4313",,,,"23,73","0,4650752","118,4311","23,73","0,3407796","118,4313"
,,,"23,74","0,3531774","118,4813",,,,,,,,,,"23,74","0,3733635","118,4813","23,74","0,3773371","118,481",,,,"23,74","0,4628499","118,4811","23,74","0,342687","118,4811"
,,,"23,75","0,3547668","118,5313",,,,,,,,,,"23,75","0,3770193","118,5314","23,75","0,3789266","118,5313",,,,"23,75","0,4599889","118,5313","23,75","0,3442764","118,5313"
,,,"23,76","0,3538132","118,5814",,,,,,,,,,"23,76","0,3805161","118,5814","23,76","0,3800392","118,5811",,,,"23,76","0,4587173","118,5813","23,76","0,3444354","118,5813"
,,,"23,77","0,3538132","118,6313",,,,,,,,,,"23,77","0,3832181","118,6313","23,77","0,380834","118,6311",,,,"23,77","0,4579226","118,6311","23,77","0,3450712","118,6311"
,,,"23,78","0,3563563","118,6813",,,,,,,,,,"23,78","0,3841718","118,6813","23,78","0,3817876","118,6811",,,,"23,78","0,4563332","118,6811","23,78","0,3479322","118,6811"
,,,"23,79","0,3590584","118,7313",,,,,,,,,,"23,79","0,3824234","118,7313","23,79","0,3825823","118,7311",,,,"23,79","0,4549026","118,7311","23,79","0,3522237","118,7311"
,,,"23,8","0,36033","118,7814",,,,,,,,,,"23,8","0,3800392","118,7815","23,8","0,383695","118,7811",,,,"23,8","0,453949","118,7813","23,8","0,3530184","118,7813"
,,,"23,81","0,3606478","118,8314",,,,,,,,,,"23,81","0,3797213","118,8314","23,81","0,3840128","118,8313",,,,"23,81","0,4515648","118,8313","23,81","0,351429","118,8313"
,,,"23,82","0,3606478","118,8813",,,,,,,,,,"23,82","0,3805161","118,8814","23,82","0,3844897","118,8811",,,,"23,82","0,4493395","118,8811","23,82","0,3523827","118,8811"
,,,"23,83","0,3606478","118,9313",,,,,,,,,,"23,83","0,3797213","118,9313","23,83","0,386397","118,9313",,,,"23,83","0,4493395","118,9313","23,83","0,3547668","118,9313"
,,,"23,84","0,3611247","118,9814",,,,,,,,,,"23,84","0,3789266","118,9814","23,84","0,3889402","118,9813",,,,"23,84","0,4493395","118,9811","23,84","0,3519058","118,9813"
,,,"23,85","0,3611247","119,0314",,,,,,,,,,"23,85","0,3792445","119,0314","23,85","0,3900528","119,0314",,,,"23,85","0,4477501","119,0313","23,85","0,3479322","119,0313"
,,,"23,86","0,360171","119,0813",,,,,,,,,,"23,86","0,3794034","119,0814","23,86","0,3897349","119,0811",,,,"23,86","0,4456838","119,0811","23,86","0,3498395","119,0811"
,,,"23,87","0,3590584","119,1313",,,,,,,,,,"23,87","0,3794034","119,1313","23,87","0,3884633","119,1314",,,,"23,87","0,445207","119,1313","23,87","0,351429","119,1314"
,,,"23,88","0,3598531","119,1815",,,,,,,,,,"23,88","0,3805161","119,1814","23,88","0,3852844","119,1813",,,,"23,88","0,4464785","119,1814","23,88","0,3482501","119,1813"
,,,"23,89","0,3606478","119,2314",,,,,,,,,,"23,89","0,3825823","119,2313","23,89","0,3797213","119,2313",,,,"23,89","0,4472733","119,2313","23,89","0,348409","119,2313"
,,,"23,9","0,3585815","119,2814",,,,,,,,,,"23,9","0,3856023","119,2813","23,9","0,3749529","119,2813",,,,"23,9","0,4456838","119,2813","23,9","0,3499985","119,2814"
,,,"23,91","0,3561974","119,3314",,,,,,,,,,"23,91","0,3876686","119,3314","23,91","0,3720919","119,3313",,,,"23,91","0,4417101","119,3313","23,91","0,3460248","119,3313"
,,,"23,92","0,3555616","119,3814",,,,,,,,,,"23,92","0,3889402","119,3814","23,92","0,3685951","119,3813",,,,"23,92","0,4372597","119,3813","23,92","0,345548","119,3814"
,,,"23,93","0,3561974","119,4315",,,,,,,,,,"23,93","0,3892581","119,4314","23,93","0,3643036","119,4314",,,,"23,93","0,433445","119,4313","23,93","0,3522237","119,4314"
,,,"23,94","0,3574689","119,4814",,,,,,,,,,"23,94","0,3897349","119,4813","23,94","0,3606478","119,4811",,,,"23,94","0,4297892","119,4813","23,94","0,3527006","119,4811"
,,,"23,95","0,360171","119,5313",,,,,,,,,,"23,95","0,3903707","119,5313","23,95","0,3574689","119,5314",,,,"23,95","0,4261335","119,5314","23,95","0,3490448","119,5313"
,,,"23,96","0,3611247","119,5814",,,,,,,,,,"23,96","0,3897349","119,5813","23,96","0,3546079","119,5814",,,,"23,96","0,421524","119,5813","23,96","0,3511111","119,5813"
,,,"23,97","0,3593763","119,6314",,,,,,,,,,"23,97","0,3879865","119,6313","23,97","0,3531774","119,6314",,,,"23,97","0,4178683","119,6314","23,97","0,351429","119,6314"
,,,"23,98","0,3566742","119,6813",,,,,,,,,,"23,98","0,3873507","119,6813","23,98","0,3531774","119,6813",,,,"23,98","0,415802","119,6813","23,98","0,3507932","119,6813"
,,,"23,99","0,3550847","119,7313",,,,,,,,,,"23,99","0,3879865","119,7311","23,99","0,3519058","119,7314",,,,"23,99","0,4135768","119,7314","23,99","0,3598531","119,7313"
,,,"24","0,35429","119,7814",,,,,,,,,,"24","0,3868739","119,7814","24","0,3490448","119,7814",,,,"24","0,4107157","119,7814","24","0,3666878","119,7814"
,,,"24,01","0,3523827","119,8313",,,,,,,,,,"24,01","0,383695","119,8313","24,01","0,3471375","119,8313",,,,"24,01","0,4067421","119,8313","24,01","0,3643036","119,8314"
,,,"24,02","0,3495216","119,8813",,,,,,,,,,"24,02","0,3800392","119,8813","24,02","0,3476143","119,8813",,,,"24,02","0,4024506","119,8813","24,02","0,3693899","119,8813"
,,,"24,03","0,3439585","119,9313",,,,,,,,,,"24,03","0,3781319","119,9314","24,03","0,3519058","119,9313",,,,"24,03","0,3992716","119,9314","24,03","0,3792445","119,9313"
,,,"24,04","0,3371239","119,9813",,,,,,,,,,"24,04","0,3781319","119,9813","24,04","0,3585815","119,9813",,,,"24,04","0,3980001","119,9813","24,04","0,3770193","119,9813"
,,,"24,05","0,330925","120,0314",,,,,,,,,,"24,05","0,3784498","120,0313","24,05","0,3650983","120,0313",,,,"24,05","0,398318","120,0311","24,05","0,3736814","120,0313"
,,,"24,06","0,3264745","120,0813",,,,,,,,,,"24,06","0,3781319","120,0813","24,06","0,3681183","120,0811",,,,"24,06","0,3991127","120,0811","24,06","0,3781319","120,0811"
,,,"24,07","0,3228188","120,1311",,,,,,,,,,"24,07","0,3768603","120,1313","24,07","0,3682772","120,1313",,,,"24,07","0,4007021","120,1313","24,07","0,377655","120,1313"
,,,"24,08","0,3204346","120,1814",,,,,,,,,,"24,08","0,3754298","120,1814","24,08","0,368913","120,1813",,,,"24,08","0,4032453","120,1813","24,08","0,3744761","120,1813"
,,,"24,09","0,3196398","120,2314",,,,,,,,,,"24,09","0,3733635","120,2314","24,09","0,3706614","120,2311",,,,"24,09","0,4059474","120,2311","24,09","0,377814","120,2311"
,,,"24,1","0,3185272","120,2813",,,,,,,,,,"24,1","0,3705025","120,2813","24,1","0,371774","120,2811",,,,"24,1","0,4080137","120,2811","24,1","0,3765424","120,2811"
,,,"24,11","0,3158251","120,3313",,,,,,,,,,"24,11","0,3685951","120,3314","24,11","0,3722509","120,3311",,,,"24,11","0,4107157","120,3311","24,11","0,369072","120,3311"
,,,"24,12","0,3134409","120,3813",,,,,,,,,,"24,12","0,369072","120,3814","24,12","0,3728867","120,3813",,,,"24,12","0,4150073","120,3813","24,12","0,3662109","120,3813"
,,,"24,13","0,313282","120,4313",,,,,,,,,,"24,13","0,3698667","120,4314","24,13","0,3722509","120,4313",,,,"24,13","0,4197756","120,4313","24,13","0,3635089","120,4313"
,,,"24,14","0,3142357","120,4813",,,,,,,,,,"24,14","0,3681183","120,4814","24,14","0,3705025","120,481",,,,"24,14","0,4237493","120,481","24,14","0,3577868","120,481"
,,,"24,15","0,3158251","120,5313",,,,,,,,,,"24,15","0,3665288","120,5314","24,15","0,3681183","120,5311",,,,"24,15","0,4278819","120,5311","24,15","0,3555616","120,5311"
,,,"24,16","0,3169378","120,5814",,,,,,,,,,"24,16","0,3682772","120,5814","24,16","0,3657341","120,5811",,,,"24,16","0,4313787","120,5813","24,16","0,3538132","120,5811"
,,,"24,17","0,3180504","120,6311",,,,,,,,,,"24,17","0,3720919","120,6314","24,17","0,3646215","120,6311",,,,"24,17","0,4345576","120,6311","24,17","0,348409","120,6311"
,,,"24,18","0,3197988","120,6813",,,,,,,,,,"24,18","0,3749529","120,6815","24,18","0,3665288","120,6811",,,,"24,18","0,4382133","120,6811","24,18","0,3452301","120,6811"
,,,"24,19","0,322183","120,7313",,,,,,,,,,"24,19","0,377814","120,7314","24,19","0,3685951","120,7311",,,,"24,19","0,4413923","120,7311","24,19","0,3434817","120,7311"
,,,"24,2","0,3261566","120,7813",,,,,,,,,,"24,2","0,3805161","120,7815","24,2","0,368913","120,7813",,,,"24,2","0,4429817","120,7814","24,2","0,339667","120,7813"
,,,"24,21","0,3317197","120,8313",,,,,,,,,,"24,21","0,3832181","120,8315","24,21","0,3682772","120,8311",,,,"24,21","0,4437765","120,8311","24,21","0,3360113","120,8311"
,,,"24,22","0,3383954","120,8813",,,,,,,,,,"24,22","0,386556","120,8814","24,22","0,3705025","120,8811",,,,"24,22","0,4456838","120,8811","24,22","0,3355344","120,8811"
,,,"24,23","0,3450712","120,9313",,,,,,,,,,"24,23","0,3900528","120,9315","24,23","0,3746351","120,9313",,,,"24,23","0,4469554","120,9313","24,23","0,3356934","120,9311"
,,,"24,24","0,3495216","120,9814",,,,,,,,,,"24,24","0,3903707","120,9815","24,24","0,377814","120,9811",,,,"24,24","0,4467964","120,9813","24,24","0,3363291","120,9813"
,,,"24,25","0,3523827","121,0314",,,,,,,,,,"24,25","0,3879865","121,0315","24,25","0,3773371","121,0313",,,,"24,25","0,4456838","121,0313","24,25","0,3360113","121,0313"
,,,"24,26","0,3546079","121,0813",,,,,,,,,,"24,26","0,386397","121,0814","24,26","0,3744761","121,0811",,,,"24,26","0,4436175","121,081","24,26","0,3339449","121,0811"
,,,"24,27","0,3550847","121,1313",,,,,,,,,,"24,27","0,3852844","121,1314","24,27","0,3722509","121,1313",,,,"24,27","0,4401207","121,1313","24,27","0,3331502","121,1313"
,,,"24,28","0,3546079","121,1814",,,,,,,,,,"24,28","0,3832181","121,1814","24,28","0,371774","121,1813",,,,"24,28","0,4348755","121,1814","24,28","0,3339449","121,1813"
,,,"24,29","0,3538132","121,2313",,,,,,,,,,"24,29","0,3816287","121,2313","24,29","0,3722509","121,2311",,,,"24,29","0,4294713","121,2313","24,29","0,3341039","121,2313"
,,,"24,3","0,3530184","121,2814",,,,,,,,,,"24,3","0,3821055","121,2813","24,3","0,3725688","121,2813",,,,"24,3","0,4262924","121,2813","24,3","0,3355344","121,2813"
,,,"24,31","0,3519058","121,3313",,,,,,,,,,"24,31","0,383695","121,3311","24,31","0,3733635","121,3313",,,,"24,31","0,4226367","121,3313","24,31","0,3372828","121,3313"
,,,"24,32","0,3527006","121,3813",,,,,,,,,,"24,32","0,3856023","121,3814","24,32","0,3749529","121,3813",,,,"24,32","0,4170736","121,3813","24,32","0,3383954","121,3813"
,,,"24,33","0,3577868","121,4314",,,,,,,,,,"24,33","0,3871918","121,4314","24,33","0,3762245","121,4313",,,,"24,33","0,4111926","121,4313","24,33","0,3407796","121,4313"
,,,"24,34","0,3638268","121,4813",,,,,,,,,,"24,34","0,3887812","121,4811","24,34","0,3762245","121,4811",,,,"24,34","0,4054705","121,4811","24,34","0,3458659","121,4811"
,,,"24,35","0,3665288","121,5313",,,,,,,,,,"24,35","0,3913244","121,5313","24,35","0,3765424","121,5313",,,,"24,35","0,3968875","121,5314","24,35","0,3515879","121,5314"
,,,"24,36","0,365893","121,5814",,,,,,,,,,"24,36","0,3929138","121,5814","24,36","0,377814","121,5813",,,,"24,36","0,3860792","121,5813","24,36","0,3550847","121,5813"
,,,"24,37","0,3638268","121,6313",,,,,,,,,,"24,37","0,3937086","121,6313","24,37","0,3786087","121,6314",,,,"24,37","0,377814","121,6314","24,37","0,3561974","121,6313"
,,,"24,38","0,3614426","121,6813",,,,,,,,,,"24,38","0,3945033","121,6813","24,38","0,377655","121,6811",,,,"24,38","0,3722509","121,6811","24,38","0,3566742","121,6813"
,,,"24,39","0,3609657","121,7311",,,,,,,,,,"24,39","0,3964106","121,7311","24,39","0,3733635","121,7313",,,,"24,39","0,3670057","121,7313","24,39","0,3579458","121,7313"
,,,"24,4","0,3627141","121,7813",,,,,,,,,,"24,4","0,3980001","121,7814","24,4","0,3673235","121,7813",,,,"24,4","0,3627141","121,7813","24,4","0,3590584","121,7813"
,,,"24,41","0,3635089","121,8314",,,,,,,,,,"24,41","0,3987948","121,8313","24,41","0,3614426","121,8313",,,,"24,41","0,3611247","121,8313","24,41","0,3587405","121,8313"
,,,"24,42","0,3611247","121,8811",,,,,,,,,,"24,42","0,3984769","121,8811","24,42","0,3574689","121,8813",,,,"24,42","0,3614426","121,8811","24,42","0,357151","121,8813"
,,,"24,43","0,3590584","121,9313",,,,,,,,,,"24,43","0,398318","121,9313","24,43","0,3546079","121,9313",,,,"24,43","0,3617605","121,9313","24,43","0,3563563","121,9313"
,,,"24,44","0,3593763","121,9814",,,,,,,,,,"24,44","0,3976822","121,9814","24,44","0,3515879","121,9813",,,,"24,44","0,3625552","121,9811","24,44","0,3547668","121,9811"
,,,"24,45","0,3598531","122,0314",,,,,,,,,,"24,45","0,3972054","122,0313","24,45","0,3474554","122,0314",,,,"24,45","0,3650983","122,0313","24,45","0,3515879","122,0313"
,,,"24,46","0,3595352","122,0813",,,,,,,,,,"24,46","0,398318","122,0813","24,46","0,3428459","122,0811",,,,"24,46","0,3682772","122,0811","24,46","0,3492037","122,0811"
,,,"24,47","0,360171","122,1311",,,,,,,,,,"24,47","0,4008611","122,1313","24,47","0,3399849","122,1314",,,,"24,47","0,371774","122,1313","24,47","0,3495216","122,1313"
,,,"24,48","0,3619194","122,1814",,,,,,,,,,"24,48","0,4046758","122,1814","24,48","0,3388723","122,1811",,,,"24,48","0,3765424","122,1813","24,48","0,3511111","122,1813"
,,,"24,49","0,3646215","122,2313",,,,,,,,,,"24,49","0,40706","122,2313","24,49","0,3383954","122,2313",,,,"24,49","0,3825823","122,2311","24,49","0,3503164","122,2313"
,,,"24,5","0,3662109","122,2814",,,,,,,,,,"24,5","0,4067421","122,2813","24,5","0,3387133","122,2813",,,,"24,5","0,3884633","122,2813","24,5","0,3479322","122,2813"
,,,"24,51","0,3649394","122,3313",,,,,,,,,,"24,51","0,40404","122,3314","24,51","0,3387133","122,3311",,,,"24,51","0,3932317","122,3313","24,51","0,345548","122,3313"
,,,"24,52","0,3606478","122,3814",,,,,,,,,,"24,52","0,4016558","122,3814","24,52","0,3372828","122,3813",,,,"24,52","0,3964106","122,3814","24,52","0,3423691","122,3813"
,,,"24,53","0,3555616","122,4314",,,,,,,,,,"24,53","0,4007021","122,4314","24,53","0,3356934","122,4313",,,,"24,53","0,398318","122,4313","24,53","0,3391902","122,4313"
,,,"24,54","0,3507932","122,4814",,,,,,,,,,"24,54","0,4000664","122,4813","24,54","0,3355344","122,481",,,,"24,54","0,401179","122,4811","24,54","0,3379186","122,4811"
,,,"24,55","0,3452301","122,5314",,,,,,,,,,"24,55","0,3980001","122,5315","24,55","0,3360113","122,5313",,,,"24,55","0,4054705","122,5313","24,55","0,3379186","122,5313"
,,,"24,56","0,339667","122,5814",,,,,,,,,,"24,56","0,3959338","122,5814","24,56","0,3363291","122,5813",,,,"24,56","0,4096031","122,5813","24,56","0,3371239","122,5813"
,,,"24,57","0,3352165","122,6314",,,,,,,,,,"24,57","0,3951391","122,6314","24,57","0,3360113","122,6313",,,,"24,57","0,4123052","122,6313","24,57","0,3360113","122,6311"
,,,"24,58","0,3312429","122,6814",,,,,,,,,,"24,58","0,3935496","122,6813","24,58","0,3363291","122,6811",,,,"24,58","0,4135768","122,6811","24,58","0,3352165","122,6811"
,,,"24,59","0,3277461","122,7313",,,,,,,,,,"24,59","0,3911654","122,7313","24,59","0,3387133","122,7313",,,,"24,59","0,4143715","122,7311","24,59","0,3348986","122,7311"
,,,"24,6","0,3253619","122,7814",,,,,,,,,,"24,6","0,3900528","122,7814","24,6","0,3423691","122,7813",,,,"24,6","0,4159609","122,7813","24,6","0,3360113","122,7813"
,,,"24,61","0,3237724","122,8314",,,,,,,,,,"24,61","0,3887812","122,8314","24,61","0,3466606","122,8311",,,,"24,61","0,4175504","122,8311","24,61","0,3383954","122,8311"
,,,"24,62","0,3217061","122,8814",,,,,,,,,,"24,62","0,3849665","122,8811","24,62","0,3515879","122,8811",,,,"24,62","0,4178683","122,8811","24,62","0,3407796","122,8811"
,,,"24,63","0,3182093","122,9313",,,,,,,,,,"24,63","0,380834","122,9313","24,63","0,3563563","122,9313",,,,"24,63","0,4165967","122,9313","24,63","0,3423691","122,9311"
,,,"24,64","0,3148715","122,9814",,,,,,,,,,"24,64","0,3781319","122,9815","24,64","0,3598531","122,9811",,,,"24,64","0,4154841","122,9811","24,64","0,3431638","122,9813"
,,,"24,65","0,3118515","123,0314",,,,,,,,,,"24,65","0,3749529","123,0314","24,65","0,3614426","123,0313",,,,"24,65","0,4150073","123,0313","24,65","0,3439585","123,0313"
,,,"24,66","0,3081957","123,0814",,,,,,,,,,"24,66","0,3712972","123,0813","24,66","0,3619194","123,0811",,,,"24,66","0,4130999","123,081","24,66","0,3450712","123,0811"
,,,"24,67","0,3050168","123,1314",,,,,,,,,,"24,67","0,3705025","123,1313","24,67","0,3625552","123,1313",,,,"24,67","0,409921","123,1313","24,67","0,3476143","123,1313"
,,,"24,68","0,3048579","123,1815",,,,,,,,,,"24,68","0,3709793","123,1814","24,68","0,3635089","123,1813",,,,"24,68","0,4072189","123,1813","24,68","0,3503164","123,1813"
,,,"24,69","0,3064474","123,2314",,,,,,,,,,"24,69","0,3701846","123,2314","24,69","0,3641447","123,2311",,,,"24,69","0,4056295","123,2313","24,69","0,3519058","123,2311"
,,,"24,7","0,3081957","123,2814",,,,,,,,,,"24,7","0,3698667","123,2814","24,7","0,3638268","123,2813",,,,"24,7","0,4043579","123,2811","24,7","0,3527006","123,2811"
,,,"24,71","0,3118515","123,3313",,,,,,,,,,"24,71","0,3728867","123,3314","24,71","0,3633499","123,3311",,,,"24,71","0,4038811","123,3313","24,71","0,3546079","123,3313"
,,,"24,72","0,3174146","123,3813",,,,,,,,,,"24,72","0,3792445","123,3815","24,72","0,3649394","123,3813",,,,"24,72","0,40404","123,3811","24,72","0,3598531","123,3813"
,,,"24,73","0,3244082","123,4313",,,,,,,,,,"24,73","0,3856023","123,4314","24,73","0,3682772","123,4313",,,,"24,73","0,4043579","123,4313","24,73","0,3674825","123,4313"
,,,"24,74","0,3317197","123,4813",,,,,,,,,,"24,74","0,3913244","123,4811","24,74","0,3714561","123,4811",,,,"24,74","0,40404","123,4811","24,74","0,3746351","123,4811"
,,,"24,75","0,3380775","123,5311",,,,,,,,,,"24,75","0,395298","123,5314","24,75","0,3738403","123,5313",,,,"24,75","0,4032453","123,5313","24,75","0,3801982","123,5313"
,,,"24,76","0,3420512","123,5814",,,,,,,,,,"24,76","0,3967285","123,5814","24,76","0,3757477","123,5813",,,,"24,76","0,4024506","123,5813","24,76","0,3841718","123,5811"
,,,"24,77","0,3447533","123,6313",,,,,,,,,,"24,77","0,3980001","123,6314","24,77","0,3765424","123,6313",,,,"24,77","0,4027685","123,6313","24,77","0,386556","123,6314"
,,,"24,78","0,3476143","123,6813",,,,,,,,,,"24,78","0,4014969","123,6814","24,78","0,3760656","123,6813",,,,"24,78","0,4046758","123,6811","24,78","0,3871918","123,6811"
,,,"24,79","0,3506342","123,7311",,,,,,,,,,"24,79","0,4030863","123,7313","24,79","0,3738403","123,7313",,,,"24,79","0,4062653","123,7313","24,79","0,3871918","123,7313"
,,,"24,8","0,3523827","123,7813",,,,,,,,,,"24,8","0,4003843","123,7814","24,8","0,3705025","123,7813",,,,"24,8","0,40706","123,7813","24,8","0,3857613","123,7813"
,,,"24,81","0,3530184","123,8313",,,,,,,,,,"24,81","0,3976822","123,8313","24,81","0,3674825","123,8313",,,,"24,81","0,40706","123,8313","24,81","0,3833771","123,8313"
,,,"24,82","0,3538132","123,8813",,,,,,,,,,"24,82","0,3968875","123,8813","24,82","0,3666878","123,8813",,,,"24,82","0,4059474","123,8814","24,82","0,3821055","123,8813"
,,,"24,83","0,3554026","123,9311",,,,,,,,,,"24,83","0,3976822","123,9313","24,83","0,3682772","123,9314",,,,"24,83","0,4046758","123,9314","24,83","0,3816287","123,9314"
,,,"24,84","0,3555616","123,9813",,,,,,,,,,"24,84","0,398318","123,9813","24,84","0,3709793","123,9814",,,,"24,84","0,4054705","123,9813","24,84","0,3781319","123,9813"
,,,"24,85","0,3546079","124,0314",,,,,,,,,,"24,85","0,3975233","124,0313","24,85","0,3730456","124,0314",,,,"24,85","0,4086494","124,0314","24,85","0,3730456","124,0314"
,,,"24,86","0,3531774","124,0813",,,,,,,,,,"24,86","0,3956159","124,0811","24,86","0,3744761","124,0813",,,,"24,86","0,4118284","124,0811","24,86","0,3697077","124,0813"
,,,"24,87","0,3519058","124,1311",,,,,,,,,,"24,87","0,395298","124,1313","24,87","0,3746351","124,1314",,,,"24,87","0,4142126","124,1314","24,87","0,3681183","124,1314"
,,,"24,88","0,3511111","124,1813",,,,,,,,,,"24,88","0,3976822","124,1814","24,88","0,3744761","124,1813",,,,"24,88","0,4162788","124,1814","24,88","0,365893","124,1813"
,,,"24,89","0,3511111","124,2313",,,,,,,,,,"24,89","0,3999074","124,2313","24,89","0,3746351","124,2313",,,,"24,89","0,4183451","124,2313","24,89","0,3609657","124,2314"
,,,"24,9","0,3506342","124,2813",,,,,,,,,,"24,9","0,3995895","124,2814","24,9","0,3757477","124,2811",,,,"24,9","0,4207293","124,2813","24,9","0,3539721","124,2813"
,,,"24,91","0,3479322","124,3311",,,,,,,,,,"24,91","0,3972054","124,3313","24,91","0,3765424","124,3313",,,,"24,91","0,4234314","124,3313","24,91","0,3487269","124,3313"
,,,"24,92","0,3436407","124,3813",,,,,,,,,,"24,92","0,395298","124,3813","24,92","0,3770193","124,3814",,,,"24,92","0,4261335","124,3814","24,92","0,3460248","124,3814"
,,,"24,93","0,3410975","124,4314",,,,,,,,,,"24,93","0,3951391","124,4313","24,93","0,3781319","124,4314",,,,"24,93","0,4286766","124,4313","24,93","0,3431638","124,4313"
,,,"24,94","0,3415743","124,4813",,,,,,,,,,"24,94","0,3951391","124,4813","24,94","0,3789266","124,4811",,,,"24,94","0,4316966","124,4811","24,94","0,3371239","124,4811"
,,,"24,95","0,3428459","124,5313",,,,,,,,,,"24,95","0,3945033","124,5314","24,95","0,3797213","124,5313",,,,"24,95","0,433445","124,5314","24,95","0,330925","124,5313"
,,,"24,96","0,3418922","124,5814",,,,,,,,,,"24,96","0,3919601","124,5813","24,96","0,3809929","124,5814",,,,"24,96","0,433286","124,5814","24,96","0,3275871","124,5814"
,,,"24,97","0,3395081","124,6314",,,,,,,,,,"24,97","0,3881454","124,6314","24,97","0,3824234","124,6313",,,,"24,97","0,4326502","124,6314","24,97","0,3272692","124,6313"
,,,"24,98","0,3395081","124,6814",,,,,,,,,,"24,98","0,3852844","124,6813","24,98","0,3813108","124,6811",,,,"24,98","0,4316966","124,6811","24,98","0,3283819","124,6811"
,,,"24,99","0,3407796","124,7313",,,,,,,,,,"24,99","0,3849665","124,7313","24,99","0,3781319","124,7313",,,,"24,99","0,4293124","124,7311","24,99","0,3291766","124,7313"
,,,"25","0,3420512","124,7814",,,,,,,,,,"25","0,3876686","124,7814","25","0,3744761","124,7814",,,,"25","0,4262924","124,7813","25","0,3293355","124,7813"
,,,"25,01","0,3431638","124,8314",,,,,,,,,,"25,01","0,3916422","124,8313","25,01","0,3705025","124,8311",,,,"25,01","0,421524","124,8311","25,01","0,3307661","124,8313"
,,,"25,02","0,3460248","124,8813",,,,,,,,,,"25,02","0,3935496","124,8813","25,02","0,3654162","124,881",,,,"25,02","0,4150073","124,8811","25,02","0,3339449","124,881"
,,,"25,03","0,3503164","124,9313",,,,,,,,,,"25,03","0,3921191","124,9314","25,03","0,3585815","124,9311",,,,"25,03","0,4086494","124,9313","25,03","0,3363291","124,9311"
,,,"25,04","0,3534953","124,9814",,,,,,,,,,"25,04","0,3900528","124,9814","25,04","0,3506342","124,9811",,,,"25,04","0,4051526","124,9813","25,04","0,3379186","124,9813"
,,,"25,05","0,3546079","125,0314",,,,,,,,,,"25,05","0,3889402","125,0314","25,05","0,3431638","125,0313",,,,"25,05","0,40404","125,0313","25,05","0,3399849","125,0313"
,,,"25,06","0,3531774","125,0814",,,,,,,,,,"25,06","0,3879865","125,0814","25,06","0,3364881","125,0811",,,,"25,06","0,4024506","125,081","25,06","0,3436407","125,081"
,,,"25,07","0,3515879","125,1313",,,,,,,,,,"25,07","0,3848076","125,1313","25,07","0,3296534","125,1313",,,,"25,07","0,3987948","125,1313","25,07","0,3471375","125,1313"
,,,"25,08","0,351429","125,1814",,,,,,,,,,"25,08","0,3817876","125,1814","25,08","0,3236135","125,1813",,,,"25,08","0,3932317","125,1811","25,08","0,3487269","125,1813"
,,,"25,09","0,3515879","125,2314",,,,,,,,,,"25,09","0,3809929","125,2314","25,09","0,3182093","125,2311",,,,"25,09","0,3871918","125,2311","25,09","0,3495216","125,2311"
,,,"25,1","0,351429","125,2814",,,,,,,,,,"25,1","0,3821055","125,2814","25,1","0,313282","125,2811",,,,"25,1","0,3829002","125,2811","25,1","0,351429","125,2811"
,,,"25,11","0,3511111","125,3313",,,,,,,,,,"25,11","0,3840128","125,3314","25,11","0,3072421","125,3311",,,,"25,11","0,3813108","125,3313","25,11","0,3538132","125,3313"
,,,"25,12","0,3499985","125,3814",,,,,,,,,,"25,12","0,3849665","125,3815","25,12","0,3021558","125,3813",,,,"25,12","0,3829002","125,3813","25,12","0,3554026","125,3811"
,,,"25,13","0,3471375","125,4313",,,,,,,,,,"25,13","0,3844897","125,4315","25,13","0,3013611","125,4311",,,,"25,13","0,3857613","125,4313","25,13","0,3566742","125,4311"
,,,"25,14","0,3436407","125,4813",,,,,,,,,,"25,14","0,3844897","125,4814","25,14","0,3034274","125,481",,,,"25,14","0,3876686","125,4811","25,14","0,3585815","125,481"
,,,"25,15","0,3418922","125,5313",,,,,,,,,,"25,15","0,3876686","125,5313","25,15","0,3053347","125,5313",,,,"25,15","0,3879865","125,5313","25,15","0,3595352","125,5313"
,,,"25,16","0,339667","125,5814",,,,,,,,,,"25,16","0,3903707","125,5815","25,16","0,3058116","125,5813",,,,"25,16","0,3884633","125,5811","25,16","0,36033","125,5811"
,,,"25,17","0,3360113","125,6313",,,,,,,,,,"25,17","0,3897349","125,6315","25,17","0,3066063","125,6313",,,,"25,17","0,3916422","125,6313","25,17","0,3622373","125,6313"
,,,"25,18","0,3315608","125,6814",,,,,,,,,,"25,18","0,3873507","125,6814","25,18","0,3093084","125,6811",,,,"25,18","0,3967285","125,6811","25,18","0,3646215","125,6811"
,,,"25,19","0,328064","125,7313",,,,,,,,,,"25,19","0,386556","125,7314","25,19","0,3129641","125,7313",,,,"25,19","0,401179","125,7313","25,19","0,3649394","125,7313"
,,,"25,2","0,3261566","125,7814",,,,,,,,,,"25,2","0,386556","125,7815","25,2","0,3166199","125,7813",,,,"25,2","0,4051526","125,7813","25,2","0,3633499","125,7813"
,,,"25,21","0,324885","125,8313",,,,,,,,,,"25,21","0,3840128","125,8314","25,21","0,3201167","125,8313",,,,"25,21","0,4080137","125,8311","25,21","0,3614426","125,8313"
,,,"25,22","0,3236135","125,8811",,,,,,,,,,"25,22","0,3789266","125,8813","25,22","0,3236135","125,8811",,,,"25,22","0,4094442","125,8811","25,22","0,3598531","125,8813"
,,,"25,23","0,3232956","125,9313",,,,,,,,,,"25,23","0,3752708","125,9314","25,23","0,3264745","125,9313",,,,"25,23","0,4119873","125,9313","25,23","0,3590584","125,9313"
,,,"25,24","0,3229777","125,9813",,,,,,,,,,"25,24","0,3760656","125,9814","25,24","0,3291766","125,9813",,,,"25,24","0,4170736","125,9813","25,24","0,3590584","125,9813"
,,,"25,25","0,3228188","126,0313",,,,,,,,,,"25,25","0,3800392","126,0314","25,25","0,3320376","126,0313",,,,"25,25","0,4210472","126,0314","25,25","0,3590584","126,0314"
,,,"25,26","0,3228188","126,0813",,,,,,,,,,"25,26","0,383695","126,0813","25,26","0,3356934","126,0813",,,,"25,26","0,4226367","126,0813","25,26","0,3590584","126,0813"
,,,"25,27","0,322183","126,1311",,,,,,,,,,"25,27","0,3860792","126,1313","25,27","0,339667","126,1314",,,,"25,27","0,4234314","126,1314","25,27","0,360171","126,1314"
,,,"25,28","0,322024","126,1813",,,,,,,,,,"25,28","0,3884633","126,1814","25,28","0,3423691","126,1814",,,,"25,28","0,4250208","126,1814","25,28","0,3625552","126,1813"
,,,"25,29","0,324885","126,2311",,,,,,,,,,"25,29","0,3905296","126,2313","25,29","0,3436407","126,2313",,,,"25,29","0,4270872","126,2313","25,29","0,3638268","126,2313"
,,,"25,3","0,3288587","126,2813",,,,,,,,,,"25,3","0,3927549","126,2814","25,3","0,3463427","126,2813",,,,"25,3","0,4294713","126,2813","25,3","0,3641447","126,2813"
,,,"25,31","0,3296534","126,3313",,,,,,,,,,"25,31","0,3959338","126,3313","25,31","0,3522237","126,3314",,,,"25,31","0,4321734","126,3313","25,31","0,3650983","126,3313"
,,,"25,32","0,3291766","126,3813",,,,,,,,,,"25,32","0,3987948","126,3814","25,32","0,3595352","126,3814",,,,"25,32","0,4353523","126,3814","25,32","0,3666878","126,3813"
,,,"25,33","0,3307661","126,4313",,,,,,,,,,"25,33","0,4008611","126,4314","25,33","0,3654162","126,4313",,,,"25,33","0,4396439","126,4313","25,33","0,3681183","126,4313"
,,,"25,34","0,3336271","126,4813",,,,,,,,,,"25,34","0,4014969","126,4811","25,34","0,3682772","126,4811",,,,"25,34","0,4436175","126,4811","25,34","0,3681183","126,4811"
,,,"25,35","0,3364881","126,5313",,,,,,,,,,"25,35","0,4016558","126,5313","25,35","0,3685951","126,5313",,,,"25,35","0,4461606","126,5313","25,35","0,3674825","126,5313"
,,,"25,36","0,3395081","126,5814",,,,,,,,,,"25,36","0,4024506","126,5814","25,36","0,3673235","126,5813",,,,"25,36","0,4475912","126,5814","25,36","0,3665288","126,5813"
,,,"25,37","0,3423691","126,6313",,,,,,,,,,"25,37","0,4038811","126,6314","25,37","0,3681183","126,6313",,,,"25,37","0,4493395","126,6313","25,37","0,3657341","126,6313"
,,,"25,38","0,3447533","126,6813",,,,,,,,,,"25,38","0,4048347","126,6811","25,38","0,3728867","126,6811",,,,"25,38","0,4528364","126,6811","25,38","0,3665288","126,6811"
,,,"25,39","0,3463427","126,7313",,,,,,,,,,"25,39","0,4051526","126,7313","25,39","0,3781319","126,7313",,,,"25,39","0,4555384","126,7313","25,39","0,3673235","126,7311"
,,,"25,4","0,3487269","126,7813",,,,,,,,,,"25,4","0,4051526","126,7815","25,4","0,3800392","126,7813",,,,"25,4","0,4579226","126,7813","25,4","0,3678004","126,7813"
,,,"25,41","0,3506342","126,8313",,,,,,,,,,"25,41","0,4054705","126,8314","25,41","0,3800392","126,8313",,,,"25,41","0,4599889","126,8313","25,41","0,368913","126,8313"
,,,"25,42","0,351429","126,8813",,,,,,,,,,"25,42","0,4064242","126,8813","25,42","0,3816287","126,8811",,,,"25,42","0,4604658","126,8811","25,42","0,3701846","126,8811"
,,,"25,43","0,3522237","126,9313",,,,,,,,,,"25,43","0,4086494","126,9314","25,43","0,3844897","126,9313",,,,"25,43","0,4591942","126,9313","25,43","0,3706614","126,9313"
,,,"25,44","0,3546079","126,9814",,,,,,,,,,"25,44","0,4096031","126,9814","25,44","0,3857613","126,9813",,,,"25,44","0,4576047","126,9811","25,44","0,3701846","126,9813"
,,,"25,45","0,357151","127,0314",,,,,,,,,,"25,45","0,4102389","127,0314","25,45","0,386397","127,0313",,,,"25,45","0,4560153","127,0313","25,45","0,3697077","127,0313"
,,,"25,46","0,3579458","127,0814",,,,,,,,,,"25,46","0,4111926","127,0814","25,46","0,3881454","127,0811",,,,"25,46","0,4533132","127,0811","25,46","0,3678004","127,081"
,,,"25,47","0,3577868","127,1313",,,,,,,,,,"25,47","0,4126231","127,1314","25,47","0,389576","127,1313",,,,"25,47","0,4496574","127,1313","25,47","0,3650983","127,1313"
,,,"25,48","0,3585815","127,1815",,,,,,,,,,"25,48","0,4126231","127,1814","25,48","0,3892581","127,1813",,,,"25,48","0,4444122","127,1813","25,48","0,3633499","127,1813"
,,,"25,49","0,36033","127,2313",,,,,,,,,,"25,49","0,4115105","127,2314","25,49","0,3879865","127,2311",,,,"25,49","0,4388491","127,2311","25,49","0,3617605","127,2311"
,,,"25,5","0,3614426","127,2815",,,,,,,,,,"25,5","0,4102389","127,2813","25,5","0,3860792","127,2811",,,,"25,5","0,4345576","127,2811","25,5","0,3611247","127,2813"
,,,"25,51","0,3606478","127,3314",,,,,,,,,,"25,51","0,4083315","127,3314","25,51","0,3832181","127,3313",,,,"25,51","0,4316966","127,3313","25,51","0,3627141","127,3314"
,,,"25,52","0,3587405","127,3814",,,,,,,,,,"25,52","0,4056295","127,3814","25,52","0,3784498","127,3814",,,,"25,52","0,4297892","127,3813","25,52","0,3649394","127,3813"
,,,"25,53","0,3574689","127,4315",,,,,,,,,,"25,53","0,4032453","127,4314","25,53","0,3728867","127,4313",,,,"25,53","0,4281998","127,4313","25,53","0,3646215","127,4313"
,,,"25,54","0,3574689","127,4813",,,,,,,,,,"25,54","0,4027685","127,4813","25,54","0,3666878","127,4811",,,,"25,54","0,4262924","127,4811","25,54","0,3622373","127,481"
,,,"25,55","0,3585815","127,5313",,,,,,,,,,"25,55","0,4035632","127,5314","25,55","0,3595352","127,5313",,,,"25,55","0,4221598","127,5313","25,55","0,3587405","127,5311"
,,,"25,56","0,3598531","127,5815",,,,,,,,,,"25,56","0,4038811","127,5814","25,56","0,3515879","127,5811",,,,"25,56","0,4150073","127,5811","25,56","0,3563563","127,5811"
,,,"25,57","0,3614426","127,6314",,,,,,,,,,"25,57","0,4032453","127,6314","25,57","0,3436407","127,6311",,,,"25,57","0,4080137","127,6311","25,57","0,3569921","127,6311"
,,,"25,58","0,363032","127,6813",,,,,,,,,,"25,58","0,4024506","127,6814","25,58","0,3356934","127,6811",,,,"25,58","0,4032453","127,6811","25,58","0,3606478","127,681"
,,,"25,59","0,3635089","127,7313",,,,,,,,,,"25,59","0,4016558","127,7313","25,59","0,3277461","127,7313",,,,"25,59","0,3987948","127,7313","25,59","0,3641447","127,7311"
,,,"25,6","0,3638268","127,7814",,,,,,,,,,"25,6","0,4016558","127,7814","25,6","0,3196398","127,7813",,,,"25,6","0,392437","127,7813","25,6","0,3657341","127,7813"
,,,"25,61","0,3641447","127,8315",,,,,,,,,,"25,61","0,4007021","127,8314","25,61","0,3108978","127,8313",,,,"25,61","0,386397","127,8313","25,61","0,3665288","127,8313"
,,,"25,62","0,3638268","127,8814",,,,,,,,,,"25,62","0,398318","127,8813","25,62","0,3037453","127,8811",,,,"25,62","0,3840128","127,8811","25,62","0,3674825","127,8811"
,,,"25,63","0,3611247","127,9313",,,,,,,,,,"25,63","0,3959338","127,9314","25,63","0,3005663","127,9313",,,,"25,63","0,3833771","127,9313","25,63","0,3682772","127,9313"
,,,"25,64","0,3566742","127,9813",,,,,,,,,,"25,64","0,3932317","127,9814","25,64","0,3002485","127,9811",,,,"25,64","0,3809929","127,9813","25,64","0,3701846","127,9811"
,,,"25,65","0,3523827","128,0313",,,,,,,,,,"25,65","0,3905296","128,0314","25,65","0,3018379","128,0313",,,,"25,65","0,3789266","128,0313","25,65","0,3730456","128,0313"
,,,"25,66","0,3487269","128,0813",,,,,,,,,,"25,66","0,3887812","128,0811","25,66","0,3037453","128,0811",,,,"25,66","0,3792445","128,0811","25,66","0,3765424","128,0811"
,,,"25,67","0,3444354","128,1311",,,,,,,,,,"25,67","0,3881454","128,1313","25,67","0,3056526","128,1313",,,,"25,67","0,3816287","128,1313","25,67","0,3792445","128,1313"
,,,"25,68","0,3391902","128,1814",,,,,,,,,,"25,68","0,3884633","128,1813","25,68","0,307401","128,1813",,,,"25,68","0,3849665","128,1813","25,68","0,380834","128,1813"
,,,"25,69","0,3352165","128,2313",,,,,,,,,,"25,69","0,3887812","128,2313","25,69","0,3110568","128,2313",,,,"25,69","0,3884633","128,2311","25,69","0,3800392","128,2311"
,,,"25,7","0,3325144","128,2814",,,,,,,,,,"25,7","0,3897349","128,2813","25,7","0,3158251","128,2813",,,,"25,7","0,3921191","128,2811","25,7","0,3789266","128,2811"
,,,"25,71","0,3293355","128,3311",,,,,,,,,,"25,71","0,3903707","128,3313","25,71","0,3204346","128,3313",,,,"25,71","0,3964106","128,3313","25,71","0,3797213","128,3313"
,,,"25,72","0,3253619","128,3814",,,,,,,,,,"25,72","0,3892581","128,3813","25,72","0,3256798","128,3813",,,,"25,72","0,4019737","128,3813","25,72","0,3833771","128,3813"
,,,"25,73","0,322183","128,4313",,,,,,,,,,"25,73","0,3879865","128,4314","25,73","0,3325144","128,4311",,,,"25,73","0,4083315","128,4313","25,73","0,3879865","128,4313"
,,,"25,74","0,3209114","128,4811",,,,,,,,,,"25,74","0,3871918","128,4814","25,74","0,3388723","128,4811",,,,"25,74","0,4134178","128,481","25,74","0,3913244","128,481"
,,,"25,75","0,3204346","128,5311",,,,,,,,,,"25,75","0,3876686","128,5314","25,75","0,3423691","128,5311",,,,"25,75","0,4167557","128,5311","25,75","0,3921191","128,5313"
,,,"25,76","0,3201167","128,5813",,,,,,,,,,"25,76","0,3889402","128,5814","25,76","0,3442764","128,5811",,,,"25,76","0,4197756","128,5811","25,76","0,3905296","128,5811"
,,,"25,77","0,3196398","128,6313",,,,,,,,,,"25,77","0,389576","128,6314","25,77","0,3466606","128,6313",,,,"25,77","0,4226367","128,6313","25,77","0,389576","128,6313"
,,,"25,78","0,3188451","128,6813",,,,,,,,,,"25,78","0,3889402","128,6813","25,78","0,3498395","128,6811",,,,"25,78","0,4262924","128,6811","25,78","0,3900528","128,6811"
,,,"25,79","0,3196398","128,7311",,,,,,,,,,"25,79","0,3897349","128,7313","25,79","0,3522237","128,7311",,,,"25,79","0,4301071","128,7311","25,79","0,3897349","128,7311"
,,,"25,8","0,3229777","128,7813",,,,,,,,,,"25,8","0,3929138","128,7813","25,8","0,3546079","128,7813",,,,"25,8","0,433445","128,7813","25,8","0,3889402","128,7813"
,,,"25,81","0,3264745","128,8313",,,,,,,,,,"25,81","0,3964106","128,8314","25,81","0,3566742","128,8311",,,,"25,81","0,4350344","128,8313","25,81","0,3881454","128,8311"
,,,"25,82","0,3283819","128,8813",,,,,,,,,,"25,82","0,3991127","128,8813","25,82","0,3590584","128,8811",,,,"25,82","0,4356702","128,8811","25,82","0,3871918","128,8811"
,,,"25,83","0,3301302","128,9313",,,,,,,,,,"25,83","0,4016558","128,9314","25,83","0,3617605","128,9313",,,,"25,83","0,4366239","128,9313","25,83","0,3848076","128,9313"
,,,"25,84","0,3341039","128,9813",,,,,,,,,,"25,84","0,4056295","128,9814","25,84","0,3643036","128,9813",,,,"25,84","0,4380544","128,9813","25,84","0,3816287","128,9813"
,,,"25,85","0,3388723","129,0314",,,,,,,,,,"25,85","0,4088084","129,0314","25,85","0,3657341","129,0313",,,,"25,85","0,4372597","129,0313","25,85","0,3789266","129,0313"
,,,"25,86","0,342687","129,0813",,,,,,,,,,"25,86","0,409921","129,0814","25,86","0,3650983","129,0811",,,,"25,86","0,433445","129,0811","25,86","0,3762245","129,0811"
,,,"25,87","0,3452301","129,1313",,,,,,,,,,"25,87","0,4091263","129,1314","25,87","0,3643036","129,1314",,,,"25,87","0,4294713","129,1314","25,87","0,3728867","129,1314"
,,,"25,88","0,348409","129,1814",,,,,,,,,,"25,88","0,4075368","129,1814","25,88","0,3650983","129,1814",,,,"25,88","0,4261335","129,1813","25,88","0,3698667","129,1814"
,,,"25,89","0,3519058","129,2314",,,,,,,,,,"25,89","0,40706","129,2313","25,89","0,3665288","129,2311",,,,"25,89","0,4218419","129,2313","25,89","0,3674825","129,2311"
,,,"25,9","0,3538132","129,2813",,,,,,,,,,"25,9","0,4078547","129,2814","25,9","0,3670057","129,2813",,,,"25,9","0,4175504","129,2811","25,9","0,3641447","129,2813"
,,,"25,91","0,3527006","129,3313",,,,,,,,,,"25,91","0,4083315","129,3313","25,91","0,3678004","129,3314",,,,"25,91","0,4130999","129,3313","25,91","0,3587405","129,3313"
,,,"25,92","0,3511111","129,3814",,,,,,,,,,"25,92","0,4091263","129,3814","25,92","0,3701846","129,3813",,,,"25,92","0,4086494","129,3814","25,92","0,3547668","129,3814"
,,,"25,93","0,351429","129,4314",,,,,,,,,,"25,93","0,4107157","129,4314","25,93","0,3730456","129,4314",,,,"25,93","0,4059474","129,4314","25,93","0,3534953","129,4313"
,,,"25,94","0,3530184","129,4813",,,,,,,,,,"25,94","0,4126231","129,4813","25,94","0,3749529","129,4813",,,,"25,94","0,4054705","129,4811","25,94","0,3538132","129,4811"
,,,"25,95","0,3539721","129,5314",,,,,,,,,,"25,95","0,4138947","129,5313","25,95","0,3752708","129,5314",,,,"25,95","0,40404","129,5314","25,95","0,35429","129,5314"
,,,"25,96","0,3527006","129,5814",,,,,,,,,,"25,96","0,4150073","129,5814","25,96","0,3754298","129,5814",,,,"25,96","0,4003843","129,5813","25,96","0,3555616","129,5814"
,,,"25,97","0,3507932","129,6314",,,,,,,,,,"25,97","0,4162788","129,6314","25,97","0,3760656","129,6313",,,,"25,97","0,3987948","129,6313","25,97","0,3585815","129,6313"
,,,"25,98","0,351429","129,6814",,,,,,,,,,"25,98","0,4170736","129,6813","25,98","0,3765424","129,6813",,,,"25,98","0,4008611","129,6813","25,98","0,3619194","129,6813"
,,,"25,99","0,3539721","129,7313",,,,,,,,,,"25,99","0,4175504","129,7311","25,99","0,3765424","129,7313",,,,"25,99","0,4027685","129,7314","25,99","0,3646215","129,7313"
,,,"26","0,3563563","129,7814",,,,,,,,,,"26","0,418663","129,7814","26","0,3754298","129,7814",,,,"26","0,4024506","129,7814","26","0,3673235","129,7814"
,,,"26,01","0,3561974","129,8314",,,,,,,,,,"26,01","0,4194578","129,8313","26,01","0,3733635","129,8313",,,,"26,01","0,4016558","129,8314","26,01","0,3705025","129,8314"
,,,"26,02","0,3531774","129,8813",,,,,,,,,,"26,02","0,4197756","129,8813","26,02","0,3714561","129,8813",,,,"26,02","0,4019737","129,8813","26,02","0,3738403","129,8813"
,,,"26,03","0,3490448","129,9313",,,,,,,,,,"26,03","0,4199346","129,9313","26,03","0,3701846","129,9313",,,,"26,03","0,4038811","129,9314","26,03","0,377655","129,9314"
,,,"26,04","0,3468195","129,9813",,,,,,,,,,"26,04","0,4207293","129,9813","26,04","0,3674825","129,9813",,,,"26,04","0,4075368","129,9813","26,04","0,3813108","129,9813"
,,,"26,05","0,3468195","130,0313",,,,,,,,,,"26,05","0,421524","130,0314","26,05","0,363032","130,0314",,,,"26,05","0,4123052","130,0313","26,05","0,383695","130,0313"
,,,"26,06","0,3460248","130,0814",,,,,,,,,,"26,06","0,4223188","130,0811","26,06","0,357151","130,0811",,,,"26,06","0,4142126","130,0811","26,06","0,3849665","130,0811"
,,,"26,07","0,3442764","130,1311",,,,,,,,,,"26,07","0,4237493","130,1313","26,07","0,3519058","130,1313",,,,"26,07","0,4134178","130,1313","26,07","0,386556","130,1314"
,,,"26,08","0,3444354","130,1814",,,,,,,,,,"26,08","0,4250208","130,1814","26,08","0,3474554","130,1813",,,,"26,08","0,4123052","130,1813","26,08","0,3887812","130,1813"
,,,"26,09","0,3476143","130,2313",,,,,,,,,,"26,09","0,4261335","130,2313","26,09","0,3434817","130,2313",,,,"26,09","0,4130999","130,2313","26,09","0,3905296","130,2313"
,,,"26,1","0,3519058","130,2814",,,,,,,,,,"26,1","0,4269282","130,2814","26,1","0,3399849","130,2813",,,,"26,1","0,4151662","130,2811","26,1","0,3916422","130,2811"
,,,"26,11","0,35429","130,3313",,,,,,,,,,"26,11","0,4269282","130,3313","26,11","0,3363291","130,3311",,,,"26,11","0,4189809","130,3311","26,11","0,3921191","130,3311"
,,,"26,12","0,3554026","130,3814",,,,,,,,,,"26,12","0,4262924","130,3814","26,12","0,3320376","130,3813",,,,"26,12","0,4234314","130,3813","26,12","0,3932317","130,3813"
,,,"26,13","0,3569921","130,4313",,,,,,,,,,"26,13","0,4262924","130,4315","26,13","0,3291766","130,4311",,,,"26,13","0,4269282","130,4313","26,13","0,3948212","130,4313"
,,,"26,14","0,3582636","130,4813",,,,,,,,,,"26,14","0,4261335","130,4813","26,14","0,3269514","130,481",,,,"26,14","0,4289945","130,4811","26,14","0,3948212","130,481"
,,,"26,15","0,3587405","130,5314",,,,,,,,,,"26,15","0,424544","130,5315","26,15","0,3253619","130,5311",,,,"26,15","0,4293124","130,5313","26,15","0,3927549","130,5313"
,,,"26,16","0,3593763","130,5814",,,,,,,,,,"26,16","0,4199346","130,5815","26,16","0,3228188","130,5813",,,,"26,16","0,4286766","130,5813","26,16","0,3884633","130,5813"
,,,"26,17","0,3606478","130,6313",,,,,,,,,,"26,17","0,4154841","130,6314","26,17","0,3201167","130,6313",,,,"26,17","0,4281998","130,6313","26,17","0,3852844","130,6314"
,,,"26,18","0,3611247","130,6813",,,,,,,,,,"26,18","0,412782","130,6813","26,18","0,3190041","130,6811",,,,"26,18","0,4285177","130,6811","26,18","0,3832181","130,6813"
,,,"26,19","0,3598531","130,7311",,,,,,,,,,"26,19","0,4110336","130,7314","26,19","0,3188451","130,7311",,,,"26,19","0,4285177","130,7313","26,19","0,3797213","130,7311"
,,,"26,2","0,3577868","130,7813",,,,,,,,,,"26,2","0,4102389","130,7815","26,2","0,3196398","130,7813",,,,"26,2","0,4277229","130,7813","26,2","0,3765424","130,7813"
,,,"26,21","0,3561974","130,8313",,,,,,,,,,"26,21","0,4107157","130,8315","26,21","0,3209114","130,8313",,,,"26,21","0,4262924","130,8313","26,21","0,3749529","130,8313"
,,,"26,22","0,3550847","130,8811",,,,,,,,,,"26,22","0,4111926","130,8814","26,22","0,322024","130,8811",,,,"26,22","0,4250208","130,8811","26,22","0,3733635","130,8811"
,,,"26,23","0,3538132","130,9313",,,,,,,,,,"26,23","0,4094442","130,9315","26,23","0,3213882","130,9313",,,,"26,23","0,4237493","130,9313","26,23","0,3705025","130,9311"
,,,"26,24","0,3511111","130,9813",,,,,,,,,,"26,24","0,4083315","130,9814","26,24","0,322024","130,9813",,,,"26,24","0,4226367","130,9813","26,24","0,3674825","130,9813"
,,,"26,25","0,3468195","131,0313",,,,,,,,,,"26,25","0,4102389","131,0314","26,25","0,3245672","131,0314",,,,"26,25","0,4229546","131,0313","26,25","0,3657341","131,0313"
,,,"26,26","0,3403028","131,0813",,,,,,,,,,"26,26","0,4123052","131,0814","26,26","0,328064","131,0811",,,,"26,26","0,4231135","131,0811","26,26","0,3654162","131,0811"
,,,"26,27","0,3344218","131,1311",,,,,,,,,,"26,27","0,4138947","131,1314","26,27","0,3301302","131,1313",,,,"26,27","0,4226367","131,1313","26,27","0,365893","131,1313"
,,,"26,28","0,3304482","131,1814",,,,,,,,,,"26,28","0,415802","131,1814","26,28","0,3312429","131,1813",,,,"26,28","0,4210472","131,1814","26,28","0,3665288","131,1813"
,,,"26,29","0,3272692","131,2311",,,,,,,,,,"26,29","0,4178683","131,2314","26,29","0,3320376","131,2313",,,,"26,29","0,4199346","131,2313","26,29","0,3665288","131,2313"
,,,"26,3","0,324885","131,2813",,,,,,,,,,"26,3","0,4173914","131,2814","26,3","0,3348986","131,2811",,,,"26,3","0,4207293","131,2813","26,3","0,368913","131,2811"
,,,"26,31","0,3228188","131,3313",,,,,,,,,,"26,31","0,4154841","131,3314","26,31","0,3379186","131,3311",,,,"26,31","0,4218419","131,3313","26,31","0,3736814","131,3313"
,,,"26,32","0,3201167","131,3814",,,,,,,,,,"26,32","0,4150073","131,3814","26,32","0,3391902","131,3814",,,,"26,32","0,4221598","131,3814","26,32","0,377655","131,3814"
,,,"26,33","0,3182093","131,4314",,,,,,,,,,"26,33","0,415802","131,4314","26,33","0,3403028","131,4313",,,,"26,33","0,4221598","131,4311","26,33","0,3809929","131,4313"
,,,"26,34","0,3190041","131,4813",,,,,,,,,,"26,34","0,4167557","131,4813","26,34","0,3431638","131,4811",,,,"26,34","0,4223188","131,481","26,34","0,3873507","131,4811"
,,,"26,35","0,3213882","131,5311",,,,,,,,,,"26,35","0,4199346","131,5313","26,35","0,3466606","131,5313",,,,"26,35","0,4207293","131,5314","26,35","0,3967285","131,5314"
,,,"26,36","0,3229777","131,5814",,,,,,,,,,"26,36","0,4237493","131,5814","26,36","0,3476143","131,5813",,,,"26,36","0,4183451","131,5813","26,36","0,4054705","131,5813"
,,,"26,37","0,3240903","131,6314",,,,,,,,,,"26,37","0,4258156","131,6314","26,37","0,3490448","131,6313",,,,"26,37","0,4183451","131,6313","26,37","0,412782","131,6313"
,,,"26,38","0,3256798","131,6813",,,,,,,,,,"26,38","0,4258156","131,6813","26,38","0,3530184","131,6811",,,,"26,38","0,4197756","131,6811","26,38","0,4197756","131,681"
,,,"26,39","0,3269514","131,7311",,,,,,,,,,"26,39","0,4262924","131,7313","26,39","0,3574689","131,7313",,,,"26,39","0,4183451","131,7313","26,39","0,4250208","131,7313"
,,,"26,4","0,3296534","131,7814",,,,,,,,,,"26,4","0,4281998","131,7814","26,4","0,3595352","131,7813",,,,"26,4","0,4159609","131,7813","26,4","0,4301071","131,7814"
,,,"26,41","0,3347397","131,8314",,,,,,,,,,"26,41","0,4302661","131,8314","26,41","0,36033","131,8313",,,,"26,41","0,4151662","131,8313","26,41","0,4361471","131,8313"
,,,"26,42","0,3391902","131,8813",,,,,,,,,,"26,42","0,4302661","131,8813","26,42","0,3617605","131,8813",,,,"26,42","0,415802","131,8813","26,42","0,442187","131,8811"
,,,"26,43","0,3420512","131,9313",,,,,,,,,,"26,43","0,4262924","131,9313","26,43","0,3638268","131,9313",,,,"26,43","0,415802","131,9313","26,43","0,4460017","131,9311"
,,,"26,44","0,3447533","131,9813",,,,,,,,,,"26,44","0,4210472","131,9813","26,44","0,3650983","131,9813",,,,"26,44","0,4150073","131,9811","26,44","0,4467964","131,9811"
,,,"26,45","0,3479322","132,0314",,,,,,,,,,"26,45","0,4183451","132,0313","26,45","0,3657341","132,0313",,,,"26,45","0,412782","132,0313","26,45","0,4461606","132,0314"
,,,"26,46","0,3498395","132,0813",,,,,,,,,,"26,46","0,4197756","132,0813","26,46","0,3657341","132,0813",,,,"26,46","0,4102389","132,081","26,46","0,445207","132,0811"
,,,"26,47","0,3519058","132,1311",,,,,,,,,,"26,47","0,4226367","132,1313","26,47","0,3670057","132,1314",,,,"26,47","0,4080137","132,1313","26,47","0,4444122","132,1313"
,,,"26,48","0,3563563","132,1814",,,,,,,,,,"26,48","0,4239082","132,1814","26,48","0,3681183","132,1813",,,,"26,48","0,4062653","132,1813","26,48","0,4425049","132,1813"
,,,"26,49","0,3598531","132,2313",,,,,,,,,,"26,49","0,4226367","132,2314","26,49","0,3682772","132,2311",,,,"26,49","0,4038811","132,2313","26,49","0,4385312","132,2311"
,,,"26,5","0,3606478","132,2813",,,,,,,,,,"26,5","0,4223188","132,2814","26,5","0,3698667","132,2811",,,,"26,5","0,4000664","132,281","26,5","0,4324913","132,2811"
,,,"26,51","0,3606478","132,3314",,,,,,,,,,"26,51","0,4237493","132,3314","26,51","0,3738403","132,3313",,,,"26,51","0,3967285","132,3313","26,51","0,424544","132,3313"
,,,"26,52","0,3614426","132,3814",,,,,,,,,,"26,52","0,4234314","132,3814","26,52","0,3762245","132,3813",,,,"26,52","0,3956159","132,3814","26,52","0,4159609","132,3813"
,,,"26,53","0,3627141","132,4314",,,,,,,,,,"26,53","0,4218419","132,4314","26,53","0,3749529","132,4313",,,,"26,53","0,3964106","132,4313","26,53","0,40706","132,4313"
,,,"26,54","0,3646215","132,4814",,,,,,,,,,"26,54","0,4213651","132,4813","26,54","0,3730456","132,481",,,,"26,54","0,3956159","132,4811","26,54","0,3964106","132,4811"
,,,"26,55","0,3665288","132,5313",,,,,,,,,,"26,55","0,4218419","132,5314","26,55","0,3712972","132,5311",,,,"26,55","0,3916422","132,5313","26,55","0,3833771","132,5311"
,,,"26,56","0,3681183","132,5814",,,,,,,,,,"26,56","0,4207293","132,5814","26,56","0,3681183","132,5813",,,,"26,56","0,3873507","132,5813","26,56","0,3706614","132,5814"
,,,"26,57","0,3678004","132,6313",,,,,,,,,,"26,57","0,4194578","132,6314","26,57","0,3625552","132,6311",,,,"26,57","0,3871918","132,6311","26,57","0,3614426","132,6313"
,,,"26,58","0,3662109","132,6814",,,,,,,,,,"26,58","0,4199346","132,6814","26,58","0,3563563","132,6811",,,,"26,58","0,3900528","132,6811","26,58","0,3554026","132,6811"
,,,"26,59","0,3650983","132,7313",,,,,,,,,,"26,59","0,4194578","132,7313","26,59","0,3511111","132,7313",,,,"26,59","0,3916422","132,7311","26,59","0,3490448","132,7313"
,,,"26,6","0,3641447","132,7814",,,,,,,,,,"26,6","0,4173914","132,7814","26,6","0,3460248","132,7813",,,,"26,6","0,3908475","132,7813","26,6","0,3407796","132,7813"
,,,"26,61","0,3619194","132,8314",,,,,,,,,,"26,61","0,4165967","132,8313","26,61","0,3403028","132,8311",,,,"26,61","0,3903707","132,8311","26,61","0,3339449","132,8313"
,,,"26,62","0,3590584","132,8814",,,,,,,,,,"26,62","0,418663","132,8813","26,62","0,3341039","132,8811",,,,"26,62","0,3916422","132,8811","26,62","0,3312429","132,8811"
,,,"26,63","0,3574689","132,9314",,,,,,,,,,"26,63","0,4210472","132,9313","26,63","0,3275871","132,9311",,,,"26,63","0,3927549","132,9311","26,63","0,3312429","132,9313"
,,,"26,64","0,3577868","132,9814",,,,,,,,,,"26,64","0,4226367","132,9814","26,64","0,3217061","132,9813",,,,"26,64","0,3932317","132,9811","26,64","0,3323555","132,9811"
,,,"26,65","0,3595352","133,0314",,,,,,,,,,"26,65","0,4239082","133,0314","26,65","0,3174146","133,0313",,,,"26,65","0,395298","133,0311","26,65","0,3336271","133,0313"
,,,"26,66","0,3619194","133,0813",,,,,,,,,,"26,66","0,4253387","133,0813","26,66","0,3134409","133,081",,,,"26,66","0,3991127","133,0811","26,66","0,3348986","133,0811"
,,,"26,67","0,3633499","133,1313",,,,,,,,,,"26,67","0,4254977","133,1314","26,67","0,3085136","133,1311",,,,"26,67","0,4007021","133,1313","26,67","0,3372828","133,1313"
,,,"26,68","0,363032","133,1815",,,,,,,,,,"26,68","0,4253387","133,1815","26,68","0,3034274","133,1813",,,,"26,68","0,4000664","133,1811","26,68","0,3404617","133,1811"
,,,"26,69","0,3622373","133,2314",,,,,,,,,,"26,69","0,4250208","133,2313","26,69","0,3010432","133,2311",,,,"26,69","0,4008611","133,2311","26,69","0,3428459","133,2311"
,,,"26,7","0,3614426","133,2814",,,,,,,,,,"26,7","0,424703","133,2813","26,7","0,3026327","133,2811",,,,"26,7","0,4056295","133,2811","26,7","0,3452301","133,2811"
,,,"26,71","0,3598531","133,3313",,,,,,,,,,"26,71","0,4253387","133,3314","26,71","0,3061295","133,3313",,,,"26,71","0,4115105","133,3313","26,71","0,3499985","133,3313"
,,,"26,72","0,3558795","133,3814",,,,,,,,,,"26,72","0,4277229","133,3814","26,72","0,3077189","133,3813",,,,"26,72","0,4151662","133,3811","26,72","0,3574689","133,3813"
,,,"26,73","0,3507932","133,4314",,,,,,,,,,"26,73","0,4294713","133,4313","26,73","0,3064474","133,4311",,,,"26,73","0,415802","133,4313","26,73","0,3657341","133,4313"
,,,"26,74","0,3450712","133,4813",,,,,,,,,,"26,74","0,4278819","133,4813","26,74","0,3056526","133,4811",,,,"26,74","0,4143715","133,481","26,74","0,3730456","133,4811"
,,,"26,75","0,3395081","133,5311",,,,,,,,,,"26,75","0,424703","133,5313","26,75","0,3077189","133,5314",,,,"26,75","0,4138947","133,5314","26,75","0,3801982","133,5313"
,,,"26,76","0,3347397","133,5814",,,,,,,,,,"26,76","0,4231135","133,5814","26,76","0,3110568","133,5811",,,,"26,76","0,4150073","133,5813","26,76","0,3860792","133,5813"
,,,"26,77","0,3317197","133,6314",,,,,,,,,,"26,77","0,4234314","133,6314","26,77","0,3153483","133,6313",,,,"26,77","0,4165967","133,6313","26,77","0,3911654","133,6313"
,,,"26,78","0,3299713","133,6814",,,,,,,,,,"26,78","0,424703","133,6813","26,78","0,3205935","133,6813",,,,"26,78","0,4178683","133,6813","26,78","0,3964106","133,6813"
,,,"26,79","0,3299713","133,7311",,,,,,,,,,"26,79","0,4254977","133,7313","26,79","0,3269514","133,7313",,,,"26,79","0,418663","133,7313","26,79","0,4019737","133,7313"
,,,"26,8","0,3320376","133,7814",,,,,,,,,,"26,8","0,4258156","133,7814","26,8","0,3328323","133,7814",,,,"26,8","0,4183451","133,7813","26,8","0,4046758","133,7813"
,,,"26,81","0,3333092","133,8313",,,,,,,,,,"26,81","0,4269282","133,8314","26,81","0,3376007","133,8313",,,,"26,81","0,4170736","133,8313","26,81","0,4043579","133,8314"
,,,"26,82","0,3320376","133,8814",,,,,,,,,,"26,82","0,4297892","133,8813","26,82","0,3420512","133,8811",,,,"26,82","0,4162788","133,8813","26,82","0,4043579","133,8811"
,,,"26,83","0,3301302","133,9313",,,,,,,,,,"26,83","0,4316966","133,9313","26,83","0,3474554","133,9313",,,,"26,83","0,4175504","133,9313","26,83","0,4048347","133,9313"
,,,"26,84","0,3291766","133,9814",,,,,,,,,,"26,84","0,4297892","133,9814","26,84","0,3522237","133,9813",,,,"26,84","0,4191399","133,9813","26,84","0,4046758","133,9813"
,,,"26,85","0,3288587","134,0314",,,,,,,,,,"26,85","0,4270872","134,0314","26,85","0,3566742","134,0313",,,,"26,85","0,4183451","134,0314","26,85","0,40404","134,0314"
,,,"26,86","0,3283819","134,0813",,,,,,,,,,"26,86","0,4261335","134,0813","26,86","0,3593763","134,0811",,,,"26,86","0,4162788","134,0811","26,86","0,4030863","134,0813"
,,,"26,87","0,3291766","134,1311",,,,,,,,,,"26,87","0,4270872","134,1313","26,87","0,3593763","134,1315",,,,"26,87","0,4146894","134,1314","26,87","0,4014969","134,1314"
,,,"26,88","0,3320376","134,1814",,,,,,,,,,"26,88","0,427405","134,1813","26,88","0,3579458","134,1814",,,,"26,88","0,4146894","134,1814","26,88","0,4008611","134,1814"
,,,"26,89","0,3344218","134,2313",,,,,,,,,,"26,89","0,4262924","134,2313","26,89","0,3569921","134,2313",,,,"26,89","0,4142126","134,2313","26,89","0,4008611","134,2313"
,,,"26,9","0,3352165","134,2813",,,,,,,,,,"26,9","0,4254977","134,2813","26,9","0,3566742","134,2813",,,,"26,9","0,4126231","134,2813","26,9","0,3999074","134,2813"
,,,"26,91","0,3363291","134,3313",,,,,,,,,,"26,91","0,4262924","134,3313","26,91","0,3566742","134,3314",,,,"26,91","0,4123052","134,3314","26,91","0,3976822","134,3313"
,,,"26,92","0,3387133","134,3814",,,,,,,,,,"26,92","0,4278819","134,3813","26,92","0,3569921","134,3814",,,,"26,92","0,4134178","134,3814","26,92","0,3967285","134,3814"
,,,"26,93","0,3420512","134,4314",,,,,,,,,,"26,93","0,4301071","134,4313","26,93","0,3566742","134,4314",,,,"26,93","0,4135768","134,4314","26,93","0,3960927","134,4314"
,,,"26,94","0,3466606","134,4813",,,,,,,,,,"26,94","0,4316966","134,4813","26,94","0,3558795","134,4811",,,,"26,94","0,4126231","134,4811","26,94","0,3927549","134,4811"
,,,"26,95","0,3515879","134,5313",,,,,,,,,,"26,95","0,433286","134,5314","26,95","0,3555616","134,5314",,,,"26,95","0,4107157","134,5313","26,95","0,386397","134,5314"
,,,"26,96","0,3554026","134,5814",,,,,,,,,,"26,96","0,4340807","134,5814","26,96","0,3561974","134,5813",,,,"26,96","0,4080137","134,5814","26,96","0,3781319","134,5814"
,,,"26,97","0,3577868","134,6314",,,,,,,,,,"26,97","0,433445","134,6313","26,97","0,3566742","134,6313",,,,"26,97","0,4054705","134,6313","26,97","0,3697077","134,6313"
,,,"26,98","0,3593763","134,6814",,,,,,,,,,"26,98","0,4329681","134,6813","26,98","0,3566742","134,6813",,,,"26,98","0,4035632","134,6813","26,98","0,363032","134,6811"
,,,"26,99","0,360171","134,7313",,,,,,,,,,"26,99","0,433286","134,7313","26,99","0,3563563","134,7313",,,,"26,99","0,4019737","134,7313","26,99","0,3595352","134,7311"
,,,"27","0,3593763","134,7814",,,,,,,,,,"27","0,4337629","134,7814","27","0,3554026","134,7814",,,,"27","0,4000664","134,7814","27","0,357151","134,7813"
,,,"27,01","0,3577868","134,8314",,,,,,,,,,"27,01","0,4326502","134,8313","27,01","0,35429","134,8313",,,,"27,01","0,3975233","134,8313","27,01","0,3555616","134,8311"
,,,"27,02","0,3569921","134,8813",,,,,,,,,,"27,02","0,4309019","134,8813","27,02","0,3539721","134,8811",,,,"27,02","0,3956159","134,8811","27,02","0,3547668","134,8811"
,,,"27,03","0,3561974","134,9311",,,,,,,,,,"27,03","0,4309019","134,9314","27,03","0,3538132","134,9311",,,,"27,03","0,395298","134,9313","27,03","0,3534953","134,9313"
,,,"27,04","0,3546079","134,9814",,,,,,,,,,"27,04","0,4318555","134,9815","27,04","0,3531774","134,9813",,,,"27,04","0,3967285","134,9811","27,04","0,3522237","134,9811"
,,,"27,05","0,35429","135,0313",,,,,,,,,,"27,05","0,4329681","135,0314","27,05","0,3539721","135,0313",,,,"27,05","0,3987948","135,0313","27,05","0,3531774","135,0313"
,,,"27,06","0,3558795","135,0814",,,,,,,,,,"27,06","0,4324913","135,0814","27,06","0,3554026","135,081",,,,"27,06","0,4007021","135,081","27,06","0,3554026","135,081"
,,,"27,07","0,3555616","135,1311",,,,,,,,,,"27,07","0,4316966","135,1313","27,07","0,3547668","135,1311",,,,"27,07","0,4000664","135,1311","27,07","0,357151","135,1311"
,,,"27,08","0,3534953","135,1813",,,,,,,,,,"27,08","0,4316966","135,1815","27,08","0,3515879","135,1813",,,,"27,08","0,3987948","135,1813","27,08","0,3598531","135,1811"
,,,"27,09","0,351429","135,2311",,,,,,,,,,"27,09","0,4326502","135,2314","27,09","0,3479322","135,231",,,,"27,09","0,398318","135,2311","27,09","0,3638268","135,2311"
,,,"27,1","0,3506342","135,2814",,,,,,,,,,"27,1","0,4340807","135,2814","27,1","0,3458659","135,2811",,,,"27,1","0,3987948","135,2811","27,1","0,3678004","135,2811"
,,,"27,11","0,3503164","135,3313",,,,,,,,,,"27,11","0,4340807","135,3314","27,11","0,3447533","135,3313",,,,"27,11","0,3999074","135,3313","27,11","0,3714561","135,3311"
,,,"27,12","0,3506342","135,3813",,,,,,,,,,"27,12","0,4318555","135,3815","27,12","0,3444354","135,3813",,,,"27,12","0,4024506","135,3813","27,12","0,3762245","135,3813"
,,,"27,13","0,3499985","135,4314",,,,,,,,,,"27,13","0,4301071","135,4315","27,13","0,3450712","135,4311",,,,"27,13","0,4056295","135,4313","27,13","0,3805161","135,4311"
,,,"27,14","0,3482501","135,4813",,,,,,,,,,"27,14","0,4294713","135,4814","27,14","0,3444354","135,4811",,,,"27,14","0,4072189","135,481","27,14","0,3840128","135,481"
,,,"27,15","0,3468195","135,5311",,,,,,,,,,"27,15","0,4297892","135,5314","27,15","0,3420512","135,5313",,,,"27,15","0,4075368","135,5313","27,15","0,3884633","135,5314"
,,,"27,16","0,348409","135,5814",,,,,,,,,,"27,16","0,4297892","135,5815","27,16","0,3395081","135,5813",,,,"27,16","0,4064242","135,5813","27,16","0,392437","135,5813"
,,,"27,17","0,3506342","135,6313",,,,,,,,,,"27,17","0,4294713","135,6314","27,17","0,3391902","135,6313",,,,"27,17","0,4048347","135,6313","27,17","0,3932317","135,6313"
,,,"27,18","0,3515879","135,6813",,,,,,,,,,"27,18","0,4289945","135,6814","27,18","0,339667","135,6811",,,,"27,18","0,4032453","135,6811","27,18","0,3935496","135,6811"
,,,"27,19","0,3539721","135,7313",,,,,,,,,,"27,19","0,4285177","135,7313","27,19","0,3383954","135,7313",,,,"27,19","0,4038811","135,7313","27,19","0,3951391","135,7313"
,,,"27,2","0,3590584","135,7814",,,,,,,,,,"27,2","0,4289945","135,7815","27,2","0,3371239","135,7813",,,,"27,2","0,4054705","135,7813","27,2","0,3967285","135,7813"
,,,"27,21","0,3643036","135,8314",,,,,,,,,,"27,21","0,4313787","135,8314","27,21","0,3363291","135,8313",,,,"27,21","0,4067421","135,8313","27,21","0,3972054","135,8313"
,,,"27,22","0,3678004","135,8813",,,,,,,,,,"27,22","0,4342397","135,8813","27,22","0,3348986","135,8813",,,,"27,22","0,4075368","135,8811","27,22","0,3984769","135,8813"
,,,"27,23","0,3705025","135,9313",,,,,,,,,,"27,23","0,4356702","135,9314","27,23","0,3323555","135,9314",,,,"27,23","0,4088084","135,9314","27,23","0,3992716","135,9313"
,,,"27,24","0,3720919","135,9813",,,,,,,,,,"27,24","0,4340807","135,9814","27,24","0,3291766","135,9813",,,,"27,24","0,409921","135,9813","27,24","0,3992716","135,9813"
,,,"27,25","0,3706614","136,0314",,,,,,,,,,"27,25","0,4302661","136,0314","27,25","0,3267924","136,0314",,,,"27,25","0,4111926","136,0314","27,25","0,4003843","136,0314"
,,,"27,26","0,3674825","136,0813",,,,,,,,,,"27,26","0,4270872","136,0814","27,26","0,3252029","136,0811",,,,"27,26","0,4135768","136,081","27,26","0,4003843","136,0811"
,,,"27,27","0,3646215","136,1311",,,,,,,,,,"27,27","0,4270872","136,1313","27,27","0,3237724","136,1314",,,,"27,27","0,4154841","136,1314","27,27","0,3976822","136,1314"
,,,"27,28","0,3614426","136,1813",,,,,,,,,,"27,28","0,4285177","136,1814","27,28","0,3217061","136,1814",,,,"27,28","0,4162788","136,1814","27,28","0,3948212","136,1814"
,,,"27,29","0,3577868","136,2313",,,,,,,,,,"27,29","0,4266103","136,2313","27,29","0,3201167","136,2313",,,,"27,29","0,4175504","136,2313","27,29","0,392437","136,2313"
,,,"27,3","0,3550847","136,2813",,,,,,,,,,"27,3","0,4218419","136,2813","27,3","0,3201167","136,2811",,,,"27,3","0,4194578","136,2811","27,3","0,389576","136,2811"
,,,"27,31","0,3531774","136,3313",,,,,,,,,,"27,31","0,4175504","136,3311","27,31","0,3213882","136,3313",,,,"27,31","0,4202525","136,3313","27,31","0,3849665","136,3313"
,,,"27,32","0,3519058","136,3813",,,,,,,,,,"27,32","0,4151662","136,3813","27,32","0,3236135","136,3814",,,,"27,32","0,4191399","136,3813","27,32","0,3809929","136,3814"
,,,"27,33","0,3507932","136,4313",,,,,,,,,,"27,33","0,4151662","136,4313","27,33","0,3259977","136,4313",,,,"27,33","0,4181862","136,4313","27,33","0,3792445","136,4313"
,,,"27,34","0,3503164","136,4813",,,,,,,,,,"27,34","0,4167557","136,4811","27,34","0,3269514","136,4811",,,,"27,34","0,4181862","136,4811","27,34","0,3784498","136,481"
,,,"27,35","0,3490448","136,5313",,,,,,,,,,"27,35","0,4191399","136,5314","27,35","0,3275871","136,5311",,,,"27,35","0,418663","136,5313","27,35","0,377814","136,5311"
,,,"27,36","0,3468195","136,5813",,,,,,,,,,"27,36","0,4194578","136,5814","27,36","0,3291766","136,5813",,,,"27,36","0,4189809","136,5813","27,36","0,3765424","136,5813"
,,,"27,37","0,3434817","136,6313",,,,,,,,,,"27,37","0,4178683","136,6314","27,37","0,3339449","136,6313",,,,"27,37","0,4194578","136,6313","27,37","0,3738403","136,6313"
,,,"27,38","0,3383954","136,6813",,,,,,,,,,"27,38","0,4170736","136,6813","27,38","0,3403028","136,6811",,,,"27,38","0,4183451","136,681","27,38","0,3728867","136,6811"
,,,"27,39","0,3328323","136,7313",,,,,,,,,,"27,39","0,4170736","136,7311","27,39","0,3450712","136,7311",,,,"27,39","0,415802","136,7311","27,39","0,3746351","136,7311"
,,,"27,4","0,3291766","136,7814",,,,,,,,,,"27,4","0,4178683","136,7813","27,4","0,3479322","136,7813",,,,"27,4","0,4143715","136,7811","27,4","0,3757477","136,7813"
,,,"27,41","0,3285408","136,8313",,,,,,,,,,"27,41","0,418663","136,8313","27,41","0,3495216","136,8311",,,,"27,41","0,4146894","136,8311","27,41","0,3728867","136,8311"
,,,"27,42","0,3293355","136,8813",,,,,,,,,,"27,42","0,4189809","136,8813","27,42","0,3503164","136,8811",,,,"27,42","0,4143715","136,8811","27,42","0,3720919","136,881"
,,,"27,43","0,3301302","136,9313",,,,,,,,,,"27,43","0,4194578","136,9313","27,43","0,3519058","136,9311",,,,"27,43","0,4146894","136,9311","27,43","0,3744761","136,9311"
,,,"27,44","0,3325144","136,9814",,,,,,,,,,"27,44","0,4207293","136,9814","27,44","0,3546079","136,9813",,,,"27,44","0,415802","136,9811","27,44","0,3746351","136,9811"
,,,"27,45","0,3372828","137,0314",,,,,,,,,,"27,45","0,4223188","137,0315","27,45","0,3582636","137,0313",,,,"27,45","0,4165967","137,0313","27,45","0,3722509","137,0313"
,,,"27,46","0,3418922","137,0814",,,,,,,,,,"27,46","0,4229546","137,0814","27,46","0,3617605","137,0811",,,,"27,46","0,4170736","137,0811","27,46","0,3709793","137,0811"
,,,"27,47","0,3439585","137,1313",,,,,,,,,,"27,47","0,4234314","137,1313","27,47","0,3635089","137,1313",,,,"27,47","0,4173914","137,1313","27,47","0,3698667","137,1311"
,,,"27,48","0,3447533","137,1814",,,,,,,,,,"27,48","0,4253387","137,1815","27,48","0,3633499","137,1813",,,,"27,48","0,4151662","137,1813","27,48","0,3685951","137,1811"
,,,"27,49","0,3463427","137,2314",,,,,,,,,,"27,49","0,4261335","137,2314","27,49","0,3627141","137,2313",,,,"27,49","0,4102389","137,2313","27,49","0,368913","137,2313"
,,,"27,5","0,3490448","137,2813",,,,,,,,,,"27,5","0,424703","137,2814","27,5","0,3646215","137,2813",,,,"27,5","0,4067421","137,2813","27,5","0,3685951","137,2813"
,,,"27,51","0,351429","137,3313",,,,,,,,,,"27,51","0,4237493","137,3314","27,51","0,3666878","137,3313",,,,"27,51","0,4064242","137,3313","27,51","0,3654162","137,3313"
,,,"27,52","0,351429","137,3814",,,,,,,,,,"27,52","0,4237493","137,3815","27,52","0,3678004","137,3813",,,,"27,52","0,4056295","137,3811","27,52","0,3641447","137,3813"
,,,"27,53","0,3506342","137,4314",,,,,,,,,,"27,53","0,4229546","137,4315","27,53","0,369072","137,4313",,,,"27,53","0,4024506","137,4313","27,53","0,3674825","137,4313"
,,,"27,54","0,3515879","137,4814",,,,,,,,,,"27,54","0,421524","137,4813","27,54","0,3709793","137,4811",,,,"27,54","0,3995895","137,4811","27,54","0,3701846","137,4811"
,,,"27,55","0,3547668","137,5314",,,,,,,,,,"27,55","0,4205704","137,5313","27,55","0,3714561","137,5313",,,,"27,55","0,3968875","137,5313","27,55","0,369072","137,5313"
,,,"27,56","0,3579458","137,5815",,,,,,,,,,"27,56","0,4181862","137,5814","27,56","0,3705025","137,5811",,,,"27,56","0,3937086","137,5813","27,56","0,3674825","137,5813"
,,,"27,57","0,3598531","137,6315",,,,,,,,,,"27,57","0,415802","137,6314","27,57","0,3698667","137,6313",,,,"27,57","0,3916422","137,6313","27,57","0,3665288","137,6313"
,,,"27,58","0,3598531","137,6814",,,,,,,,,,"27,58","0,415802","137,6813","27,58","0,3720919","137,6813",,,,"27,58","0,3908475","137,6811","27,58","0,3638268","137,6811"
,,,"27,59","0,3598531","137,7313",,,,,,,,,,"27,59","0,4178683","137,7313","27,59","0,3738403","137,7313",,,,"27,59","0,3884633","137,7313","27,59","0,3598531","137,7313"
,,,"27,6","0,3617605","137,7814",,,,,,,,,,"27,6","0,4199346","137,7814","27,6","0,3736814","137,7814",,,,"27,6","0,3852844","137,7813","27,6","0,3558795","137,7813"
,,,"27,61","0,3643036","137,8314",,,,,,,,,,"27,61","0,4207293","137,8314","27,61","0,3712972","137,8313",,,,"27,61","0,3832181","137,8313","27,61","0,3530184","137,8313"
,,,"27,62","0,3643036","137,8814",,,,,,,,,,"27,62","0,4202525","137,8813","27,62","0,3681183","137,8811",,,,"27,62","0,3829002","137,8811","27,62","0,3515879","137,8811"
,,,"27,63","0,3606478","137,9313",,,,,,,,,,"27,63","0,4189809","137,9313","27,63","0,3665288","137,9313",,,,"27,63","0,383695","137,9313","27,63","0,3511111","137,9313"
,,,"27,64","0,3566742","137,9814",,,,,,,,,,"27,64","0,4167557","137,9814","27,64","0,3673235","137,9813",,,,"27,64","0,3849665","137,9811","27,64","0,3506342","137,9813"
,,,"27,65","0,3538132","138,0315",,,,,,,,,,"27,65","0,4146894","138,0313","27,65","0,368913","138,0313",,,,"27,65","0,386397","138,0314","27,65","0,3499985","138,0313"
,,,"27,66","0,3507932","138,0813",,,,,,,,,,"27,66","0,4130999","138,0813","27,66","0,3681183","138,0813",,,,"27,66","0,386397","138,0811","27,66","0,3499985","138,0813"
,,,"27,67","0,3482501","138,1313",,,,,,,,,,"27,67","0,412782","138,1311","27,67","0,3646215","138,1313",,,,"27,67","0,3856023","138,1313","27,67","0,3499985","138,1314"
,,,"27,68","0,3463427","138,1813",,,,,,,,,,"27,68","0,4142126","138,1813","27,68","0,3595352","138,1813",,,,"27,68","0,3852844","138,1813","27,68","0,348409","138,1813"
,,,"27,69","0,3450712","138,2313",,,,,,,,,,"27,69","0,4151662","138,2311","27,69","0,3538132","138,2313",,,,"27,69","0,3860792","138,2313","27,69","0,3468195","138,2313"
,,,"27,7","0,3447533","138,2813",,,,,,,,,,"27,7","0,4159609","138,2813","27,7","0,348409","138,281",,,,"27,7","0,3884633","138,2813","27,7","0,3474554","138,2813"
,,,"27,71","0,345548","138,3311",,,,,,,,,,"27,71","0,4167557","138,3313","27,71","0,3436407","138,3313",,,,"27,71","0,3916422","138,3313","27,71","0,3490448","138,3311"
,,,"27,72","0,3471375","138,3813",,,,,,,,,,"27,72","0,4183451","138,3814","27,72","0,3387133","138,3813",,,,"27,72","0,3945033","138,3813","27,72","0,3511111","138,3813"
,,,"27,73","0,3482501","138,4313",,,,,,,,,,"27,73","0,4205704","138,4314","27,73","0,3336271","138,4313",,,,"27,73","0,3972054","138,4311","27,73","0,3539721","138,4313"
,,,"27,74","0,348409","138,4813",,,,,,,,,,"27,74","0,4218419","138,4814","27,74","0,3304482","138,4811",,,,"27,74","0,4007021","138,4811","27,74","0,3574689","138,4811"
,,,"27,75","0,3487269","138,5313",,,,,,,,,,"27,75","0,4237493","138,5314","27,75","0,3288587","138,5313",,,,"27,75","0,4051526","138,5313","27,75","0,3611247","138,5313"
,,,"27,76","0,3487269","138,5813",,,,,,,,,,"27,76","0,4250208","138,5814","27,76","0,3267924","138,5813",,,,"27,76","0,4083315","138,5813","27,76","0,3650983","138,5813"
,,,"27,77","0,3487269","138,6313",,,,,,,,,,"27,77","0,424703","138,6314","27,77","0,3244082","138,6311",,,,"27,77","0,4110336","138,6313","27,77","0,369072","138,6313"
,,,"27,78","0,3506342","138,6813",,,,,,,,,,"27,78","0,4234314","138,6814","27,78","0,3228188","138,6811",,,,"27,78","0,4151662","138,6811","27,78","0,3722509","138,6811"
,,,"27,79","0,3530184","138,7311",,,,,,,,,,"27,79","0,4221598","138,7313","27,79","0,3212293","138,7313",,,,"27,79","0,4197756","138,7311","27,79","0,3765424","138,7313"
,,,"27,8","0,3554026","138,7813",,,,,,,,,,"27,8","0,4202525","138,7814","27,8","0,3196398","138,7813",,,,"27,8","0,4210472","138,7813","27,8","0,3817876","138,7813"
,,,"27,81","0,3569921","138,8314",,,,,,,,,,"27,81","0,4183451","138,8314","27,81","0,3190041","138,8313",,,,"27,81","0,4191399","138,8313","27,81","0,3848076","138,8313"
,,,"27,82","0,3579458","138,8813",,,,,,,,,,"27,82","0,4181862","138,8813","27,82","0,3197988","138,8811",,,,"27,82","0,4178683","138,8811","27,82","0,3849665","138,8811"
,,,"27,83","0,3582636","138,9313",,,,,,,,,,"27,83","0,4199346","138,9313","27,83","0,3213882","138,9313",,,,"27,83","0,4191399","138,9313","27,83","0,3860792","138,9313"
,,,"27,84","0,3563563","138,9813",,,,,,,,,,"27,84","0,4218419","138,9814","27,84","0,3229777","138,9813",,,,"27,84","0,4223188","138,9813","27,84","0,3892581","138,9813"
,,,"27,85","0,3538132","139,0314",,,,,,,,,,"27,85","0,4223188","139,0314","27,85","0,3245672","139,0313",,,,"27,85","0,4239082","139,0313","27,85","0,3921191","139,0313"
,,,"27,86","0,3511111","139,0814",,,,,,,,,,"27,86","0,4223188","139,0814","27,86","0,3252029","139,0811",,,,"27,86","0,4231135","139,0811","27,86","0,3927549","139,0811"
,,,"27,87","0,3490448","139,1311",,,,,,,,,,"27,87","0,4231135","139,1313","27,87","0,3267924","139,1313",,,,"27,87","0,421524","139,1314","27,87","0,3932317","139,1313"
,,,"27,88","0,3487269","139,1814",,,,,,,,,,"27,88","0,4258156","139,1814","27,88","0,3299713","139,1813",,,,"27,88","0,4205704","139,1814","27,88","0,3932317","139,1813"
,,,"27,89","0,3503164","139,2314",,,,,,,,,,"27,89","0,4285177","139,2314","27,89","0,3328323","139,2313",,,,"27,89","0,4191399","139,2311","27,89","0,3908475","139,2311"
,,,"27,9","0,3515879","139,2814",,,,,,,,,,"27,9","0,4294713","139,2814","27,9","0,3360113","139,2813",,,,"27,9","0,4197756","139,2813","27,9","0,3881454","139,2813"
,,,"27,91","0,3499985","139,3313",,,,,,,,,,"27,91","0,4301071","139,3313","27,91","0,3399849","139,3314",,,,"27,91","0,4210472","139,3314","27,91","0,386556","139,3313"
,,,"27,92","0,3468195","139,3815",,,,,,,,,,"27,92","0,4326502","139,3814","27,92","0,342687","139,3813",,,,"27,92","0,4197756","139,3813","27,92","0,3852844","139,3814"
,,,"27,93","0,3439585","139,4314",,,,,,,,,,"27,93","0,4356702","139,4314","27,93","0,3436407","139,4313",,,,"27,93","0,4150073","139,4314","27,93","0,3841718","139,4314"
,,,"27,94","0,3423691","139,4814",,,,,,,,,,"27,94","0,4356702","139,4813","27,94","0,3450712","139,4811",,,,"27,94","0,4094442","139,4811","27,94","0,3832181","139,4811"
,,,"27,95","0,3420512","139,5313",,,,,,,,,,"27,95","0,4329681","139,5313","27,95","0,3466606","139,5314",,,,"27,95","0,4054705","139,5314","27,95","0,3805161","139,5314"
,,,"27,96","0,3423691","139,5814",,,,,,,,,,"27,96","0,4316966","139,5814","27,96","0,3468195","139,5814",,,,"27,96","0,4032453","139,5813","27,96","0,3773371","139,5813"
,,,"27,97","0,3418922","139,6314",,,,,,,,,,"27,97","0,4326502","139,6314","27,97","0,3474554","139,6314",,,,"27,97","0,4035632","139,6314","27,97","0,3749529","139,6314"
,,,"27,98","0,3415743","139,6814",,,,,,,,,,"27,98","0,4337629","139,6814","27,98","0,3495216","139,6811",,,,"27,98","0,4051526","139,6813","27,98","0,3725688","139,6813"
,,,"27,99","0,3415743","139,7313",,,,,,,,,,"27,99","0,4340807","139,7311","27,99","0,3492037","139,7313",,,,"27,99","0,4051526","139,7313","27,99","0,3681183","139,7314"
,,,"28","0,3423691","139,7814",,,,,,,,,,"28","0,4345576","139,7814","28","0,3460248","139,7814",,,,"28","0,4035632","139,7814","28","0,3635089","139,7813"
,,,"28,01","0,3452301","139,8314",,,,,,,,,,"28,01","0,4356702","139,8314","28,01","0,3442764","139,8313",,,,"28,01","0,4014969","139,8313","28,01","0,3595352","139,8313"
,,,"28,02","0,3503164","139,8813",,,,,,,,,,"28,02","0,4353523","139,8813","28,02","0,3447533","139,8814",,,,"28,02","0,4007021","139,8811","28,02","0,3555616","139,8811"
,,,"28,03","0,3534953","139,9311",,,,,,,,,,"28,03","0,433286","139,9313","28,03","0,345548","139,9313",,,,"28,03","0,4014969","139,9313","28,03","0,3522237","139,9313"
,,,"28,04","0,3527006","139,9813",,,,,,,,,,"28,04","0,4318555","139,9814","28,04","0,3463427","139,9813",,,,"28,04","0,4024506","139,9813","28,04","0,351429","139,9813"
,,,"28,05","0,351429","140,0313",,,,,,,,,,"28,05","0,4326502","140,0314","28,05","0,3476143","140,0313",,,,"28,05","0,4043579","140,0313","28,05","0,3530184","140,0313"
,,,"28,06","0,3531774","140,0813",,,,,,,,,,"28,06","0,433445","140,0811","28,06","0,3476143","140,0811",,,,"28,06","0,4064242","140,0811","28,06","0,3547668","140,0811"
,,,"28,07","0,3558795","140,1311",,,,,,,,,,"28,07","0,4324913","140,1313","28,07","0,3460248","140,1313",,,,"28,07","0,4064242","140,1313","28,07","0,3550847","140,1313"
,,,"28,08","0,3563563","140,1813",,,,,,,,,,"28,08","0,4297892","140,1814","28,08","0,3452301","140,1813",,,,"28,08","0,4048347","140,1813","28,08","0,35429","140,1813"
,,,"28,09","0,3554026","140,2313",,,,,,,,,,"28,09","0,4266103","140,2313","28,09","0,3450712","140,2313",,,,"28,09","0,4038811","140,2313","28,09","0,3538132","140,2311"
,,,"28,1","0,3558795","140,2813",,,,,,,,,,"28,1","0,4250208","140,2814","28,1","0,3447533","140,2811",,,,"28,1","0,4048347","140,2811","28,1","0,3538132","140,2811"
,,,"28,11","0,3577868","140,3313",,,,,,,,,,"28,11","0,4239082","140,3314","28,11","0,3452301","140,3311",,,,"28,11","0,4080137","140,3311","28,11","0,3550847","140,3313"
,,,"28,12","0,360171","140,3814",,,,,,,,,,"28,12","0,4223188","140,3814","28,12","0,3466606","140,3813",,,,"28,12","0,4115105","140,3813","28,12","0,3585815","140,3813"
,,,"28,13","0,363032","140,4313",,,,,,,,,,"28,13","0,4207293","140,4315","28,13","0,3479322","140,4313",,,,"28,13","0,4126231","140,4313","28,13","0,363032","140,4313"
,,,"28,14","0,3657341","140,4813",,,,,,,,,,"28,14","0,4202525","140,4813","28,14","0,3495216","140,481",,,,"28,14","0,4111926","140,481","28,14","0,3673235","140,481"
,,,"28,15","0,3670057","140,5313",,,,,,,,,,"28,15","0,4213651","140,5314","28,15","0,3519058","140,5311",,,,"28,15","0,4107157","140,5311","28,15","0,3705025","140,5311"
,,,"28,16","0,3678004","140,5814",,,,,,,,,,"28,16","0,421524","140,5814","28,16","0,3534953","140,5813",,,,"28,16","0,4123052","140,5813","28,16","0,3720919","140,5811"
,,,"28,17","0,368913","140,6313",,,,,,,,,,"28,17","0,4194578","140,6315","28,17","0,3539721","140,6311",,,,"28,17","0,4151662","140,6313","28,17","0,371774","140,6313"
,,,"28,18","0,368913","140,6814",,,,,,,,,,"28,18","0,4178683","140,6814","28,18","0,3558795","140,6811",,,,"28,18","0,4183451","140,6811","28,18","0,3720919","140,681"
,,,"28,19","0,3681183","140,7313",,,,,,,,,,"28,19","0,4181862","140,7314","28,19","0,3590584","140,7311",,,,"28,19","0,4210472","140,7311","28,19","0,3736814","140,731"
,,,"28,2","0,3674825","140,7814",,,,,,,,,,"28,2","0,4194578","140,7815","28,2","0,3606478","140,7813",,,,"28,2","0,4218419","140,7813","28,2","0,3744761","140,7813"
,,,"28,21","0,3665288","140,8314",,,,,,,,,,"28,21","0,4194578","140,8315","28,21","0,3606478","140,8311",,,,"28,21","0,4210472","140,8313","28,21","0,3736814","140,8311"
,,,"28,22","0,3635089","140,8813",,,,,,,,,,"28,22","0,4183451","140,8814","28,22","0,3611247","140,881",,,,"28,22","0,4205704","140,8811","28,22","0,3728867","140,881"
,,,"28,23","0,36033","140,9314",,,,,,,,,,"28,23","0,4178683","140,9314","28,23","0,3606478","140,9313",,,,"28,23","0,4207293","140,9313","28,23","0,3722509","140,9313"
,,,"28,24","0,3609657","140,9813",,,,,,,,,,"28,24","0,4181862","140,9814","28,24","0,3579458","140,9813",,,,"28,24","0,421524","140,9811","28,24","0,3701846","140,9813"
,,,"28,25","0,3638268","141,0313",,,,,,,,,,"28,25","0,4181862","141,0314","28,25","0,3550847","141,0314",,,,"28,25","0,4234314","141,0313","28,25","0,3674825","141,0314"
,,,"28,26","0,3662109","141,0814",,,,,,,,,,"28,26","0,4175504","141,0813","28,26","0,3519058","141,0811",,,,"28,26","0,4258156","141,0813","28,26","0,3657341","141,0811"
,,,"28,27","0,3674825","141,1313",,,,,,,,,,"28,27","0,4181862","141,1313","28,27","0,3471375","141,1314",,,,"28,27","0,4281998","141,1314","28,27","0,3649394","141,1313"
,,,"28,28","0,3674825","141,1814",,,,,,,,,,"28,28","0,4178683","141,1814","28,28","0,342687","141,1814",,,,"28,28","0,4297892","141,1813","28,28","0,363032","141,1814"
,,,"28,29","0,3674825","141,2313",,,,,,,,,,"28,29","0,4159609","141,2314","28,29","0,3410975","141,2313",,,,"28,29","0,4302661","141,2313","28,29","0,3598531","141,2313"
,,,"28,3","0,3666878","141,2814",,,,,,,,,,"28,3","0,4151662","141,2813","28,3","0,3407796","141,2811",,,,"28,3","0,4313787","141,2813","28,3","0,3579458","141,2813"
,,,"28,31","0,3649394","141,3313",,,,,,,,,,"28,31","0,4151662","141,3313","28,31","0,3388723","141,3314",,,,"28,31","0,4324913","141,3313","28,31","0,3587405","141,3313"
,,,"28,32","0,3622373","141,3813",,,,,,,,,,"28,32","0,4150073","141,3814","28,32","0,3364881","141,3813",,,,"28,32","0,4324913","141,3813","28,32","0,3606478","141,3813"
,,,"28,33","0,3595352","141,4314",,,,,,,,,,"28,33","0,4135768","141,4314","28,33","0,3339449","141,4313",,,,"28,33","0,4324913","141,4313","28,33","0,3614426","141,4313"
,,,"28,34","0,357151","141,4813",,,,,,,,,,"28,34","0,4111926","141,4813","28,34","0,3301302","141,4811",,,,"28,34","0,4337629","141,4811","28,34","0,3619194","141,4811"
,,,"28,35","0,3547668","141,5313",,,,,,,,,,"28,35","0,4083315","141,5313","28,35","0,3240903","141,5314",,,,"28,35","0,4350344","141,5314","28,35","0,3638268","141,5314"
,,,"28,36","0,3523827","141,5814",,,,,,,,,,"28,36","0,4062653","141,5814","28,36","0,3185272","141,5813",,,,"28,36","0,4353523","141,5813","28,36","0,3654162","141,5813"
,,,"28,37","0,3499985","141,6313",,,,,,,,,,"28,37","0,4072189","141,6314","28,37","0,3164609","141,6314",,,,"28,37","0,4356702","141,6314","28,37","0,3650983","141,6313"
,,,"28,38","0,3476143","141,6813",,,,,,,,,,"28,38","0,409921","141,6813","28,38","0,3174146","141,6811",,,,"28,38","0,4361471","141,6813","28,38","0,3638268","141,6813"
,,,"28,39","0,3450712","141,7311",,,,,,,,,,"28,39","0,4111926","141,7311","28,39","0,3182093","141,7313",,,,"28,39","0,4356702","141,7313","28,39","0,3625552","141,7314"
,,,"28,4","0,3442764","141,7815",,,,,,,,,,"28,4","0,4111926","141,7814","28,4","0,3169378","141,7814",,,,"28,4","0,4366239","141,7813","28,4","0,3619194","141,7813"
,,,"28,41","0,3447533","141,8313",,,,,,,,,,"28,41","0,4103979","141,8313","28,41","0,3158251","141,8313",,,,"28,41","0,4401207","141,8313","28,41","0,3619194","141,8313"
,,,"28,42","0,3447533","141,8813",,,,,,,,,,"28,42","0,4091263","141,8813","28,42","0,3166199","141,8813",,,,"28,42","0,4425049","141,8813","28,42","0,3627141","141,8813"
,,,"28,43","0,3442764","141,9313",,,,,,,,,,"28,43","0,4083315","141,9313","28,43","0,3196398","141,9313",,,,"28,43","0,4429817","141,9313","28,43","0,3633499","141,9314"
,,,"28,44","0,3442764","141,9813",,,,,,,,,,"28,44","0,4088084","141,9813","28,44","0,322024","141,9813",,,,"28,44","0,4461606","141,9813","28,44","0,3638268","141,9813"
,,,"28,45","0,345548","142,0314",,,,,,,,,,"28,45","0,4102389","142,0314","28,45","0,3236135","142,0313",,,,"28,45","0,450929","142,0314","28,45","0,3657341","142,0313"
,,,"28,46","0,3460248","142,0814",,,,,,,,,,"28,46","0,4119873","142,0813","28,46","0,3261566","142,0813",,,,"28,46","0,453949","142,0811","28,46","0,3674825","142,0811"
,,,"28,47","0,3458659","142,1311",,,,,,,,,,"28,47","0,4143715","142,1313","28,47","0,3293355","142,1314",,,,"28,47","0,4560153","142,1314","28,47","0,3682772","142,1313"
,,,"28,48","0,3442764","142,1814",,,,,,,,,,"28,48","0,4165967","142,1814","28,48","0,3320376","142,1813",,,,"28,48","0,4591942","142,1813","28,48","0,3693899","142,1813"
,,,"28,49","0,3420512","142,2313",,,,,,,,,,"28,49","0,4183451","142,2313","28,49","0,3347397","142,2313",,,,"28,49","0,4618963","142,2313","28,49","0,3709793","142,2313"
,,,"28,5","0,3415743","142,2814",,,,,,,,,,"28,5","0,4191399","142,2813","28,5","0,3372828","142,2813",,,,"28,5","0,4631678","142,2811","28,5","0,3725688","142,2813"
,,,"28,51","0,3431638","142,3313",,,,,,,,,,"28,51","0,4183451","142,3314","28,51","0,3407796","142,3313",,,,"28,51","0,465552","142,3313","28,51","0,3736814","142,3313"
,,,"28,52","0,345548","142,3814",,,,,,,,,,"28,52","0,4175504","142,3814","28,52","0,3452301","142,3813",,,,"28,52","0,4682541","142,3814","28,52","0,3752708","142,3814"
,,,"28,53","0,3479322","142,4314",,,,,,,,,,"28,53","0,4181862","142,4314","28,53","0,3487269","142,4313",,,,"28,53","0,4706383","142,4313","28,53","0,3781319","142,4313"
,,,"28,54","0,3498395","142,4813",,,,,,,,,,"28,54","0,4194578","142,4813","28,54","0,3499985","142,481",,,,"28,54","0,4715919","142,481","28,54","0,3809929","142,4811"
,,,"28,55","0,3507932","142,5313",,,,,,,,,,"28,55","0,4205704","142,5314","28,55","0,3499985","142,5313",,,,"28,55","0,4682541","142,5311","28,55","0,3825823","142,5311"
,,,"28,56","0,3523827","142,5814",,,,,,,,,,"28,56","0,421524","142,5814","28,56","0,3506342","142,5811",,,,"28,56","0,462691","142,5811","28,56","0,3829002","142,5813"
,,,"28,57","0,35429","142,6313",,,,,,,,,,"28,57","0,421524","142,6314","28,57","0,3523827","142,6311",,,,"28,57","0,459671","142,631","28,57","0,3829002","142,6311"
,,,"28,58","0,3547668","142,6814",,,,,,,,,,"28,58","0,4197756","142,6813","28,58","0,3558795","142,6811",,,,"28,58","0,4591942","142,681","28,58","0,3840128","142,681"
,,,"28,59","0,3527006","142,7313",,,,,,,,,,"28,59","0,4183451","142,7313","28,59","0,36033","142,731",,,,"28,59","0,45681","142,7311","28,59","0,386556","142,7311"
,,,"28,6","0,351429","142,7815",,,,,,,,,,"28,6","0,418663","142,7815","28,6","0,3638268","142,7811",,,,"28,6","0,4531542","142,7811","28,6","0,3879865","142,7811"
,,,"28,61","0,3522237","142,8314",,,,,,,,,,"28,61","0,4191399","142,8314","28,61","0,3650983","142,8311",,,,"28,61","0,4504522","142,8311","28,61","0,386556","142,8311"
,,,"28,62","0,3531774","142,8814",,,,,,,,,,"28,62","0,4205704","142,8814","28,62","0,3654162","142,8811",,,,"28,62","0,448068","142,881","28,62","0,3852844","142,881"
,,,"28,63","0,3534953","142,9313",,,,,,,,,,"28,63","0,4234314","142,9314","28,63","0,3657341","142,9311",,,,"28,63","0,4436175","142,9311","28,63","0,3840128","142,9311"
,,,"28,64","0,3531774","142,9814",,,,,,,,,,"28,64","0,4239082","142,9815","28,64","0,3665288","142,9813",,,,"28,64","0,4380544","142,9811","28,64","0,3821055","142,9811"
,,,"28,65","0,3531774","143,0314",,,,,,,,,,"28,65","0,421524","143,0314","28,65","0,3678004","143,0313",,,,"28,65","0,4337629","143,0313","28,65","0,3816287","143,0313"
,,,"28,66","0,3546079","143,0813",,,,,,,,,,"28,66","0,4205704","143,0814","28,66","0,3682772","143,081",,,,"28,66","0,4302661","143,0811","28,66","0,3829002","143,081"
,,,"28,67","0,3579458","143,1313",,,,,,,,,,"28,67","0,4226367","143,1314","28,67","0,3674825","143,1313",,,,"28,67","0,4261335","143,1313","28,67","0,383695","143,1313"
,,,"28,68","0,3619194","143,1814",,,,,,,,,,"28,68","0,4261335","143,1815","28,68","0,3650983","143,1813",,,,"28,68","0,4213651","143,1813","28,68","0,3825823","143,1813"
,,,"28,69","0,3633499","143,2314",,,,,,,,,,"28,69","0,4293124","143,2314","28,69","0,3638268","143,2311",,,,"28,69","0,4170736","143,2311","28,69","0,3800392","143,2311"
,,,"28,7","0,3627141","143,2814",,,,,,,,,,"28,7","0,4326502","143,2814","28,7","0,3654162","143,2811",,,,"28,7","0,415802","143,2811","28,7","0,3781319","143,2811"
,,,"28,71","0,3622373","143,3313",,,,,,,,,,"28,71","0,4358292","143,3314","28,71","0,3673235","143,3311",,,,"28,71","0,4165967","143,3311","28,71","0,3789266","143,3311"
,,,"28,72","0,3622373","143,3814",,,,,,,,,,"28,72","0,4366239","143,3814","28,72","0,3678004","143,3813",,,,"28,72","0,4173914","143,3813","28,72","0,3816287","143,3811"
,,,"28,73","0,3614426","143,4314",,,,,,,,,,"28,73","0,4369418","143,4314","28,73","0,3673235","143,4311",,,,"28,73","0,4175504","143,4313","28,73","0,3829002","143,4311"
,,,"28,74","0,3593763","143,4813",,,,,,,,,,"28,74","0,4380544","143,4813","28,74","0,3654162","143,4811",,,,"28,74","0,4178683","143,4811","28,74","0,3813108","143,4811"
,,,"28,75","0,3569921","143,5313",,,,,,,,,,"28,75","0,439326","143,5314","28,75","0,3638268","143,5313",,,,"28,75","0,4170736","143,5314","28,75","0,3794034","143,5313"
,,,"28,76","0,3554026","143,5814",,,,,,,,,,"28,76","0,4404386","143,5815","28,76","0,3625552","143,5813",,,,"28,76","0,4162788","143,5811","28,76","0,3789266","143,5813"
,,,"28,77","0,3561974","143,6313",,,,,,,,,,"28,77","0,4401207","143,6314","28,77","0,3609657","143,6313",,,,"28,77","0,4181862","143,6313","28,77","0,3800392","143,6311"
,,,"28,78","0,3582636","143,6813",,,,,,,,,,"28,78","0,4372597","143,6813","28,78","0,3595352","143,6811",,,,"28,78","0,4231135","143,6811","28,78","0,3817876","143,6811"
,,,"28,79","0,3598531","143,731",,,,,,,,,,"28,79","0,4326502","143,7311","28,79","0,3590584","143,7313",,,,"28,79","0,4289945","143,7313","28,79","0,3825823","143,7313"
,,,"28,8","0,3609657","143,7813",,,,,,,,,,"28,8","0,430584","143,7814","28,8","0,3585815","143,7813",,,,"28,8","0,4326502","143,7813","28,8","0,3825823","143,7813"
,,,"28,81","0,3625552","143,8313",,,,,,,,,,"28,81","0,4313787","143,8313","28,81","0,3558795","143,8313",,,,"28,81","0,4337629","143,8313","28,81","0,383695","143,8313"
,,,"28,82","0,3643036","143,8813",,,,,,,,,,"28,82","0,4316966","143,8811","28,82","0,3523827","143,8811",,,,"28,82","0,4324913","143,8811","28,82","0,3856023","143,8813"
,,,"28,83","0,3643036","143,9311",,,,,,,,,,"28,83","0,4294713","143,9311","28,83","0,3515879","143,9313",,,,"28,83","0,4316966","143,9314","28,83","0,3868739","143,9314"
,,,"28,84","0,363032","143,9811",,,,,,,,,,"28,84","0,4262924","143,9813","28,84","0,3530184","143,9813",,,,"28,84","0,4326502","143,9814","28,84","0,3881454","143,9813"
,,,"28,85","0,3617605","144,0314",,,,,,,,,,"28,85","0,421524","144,0313","28,85","0,3538132","144,0314",,,,"28,85","0,4345576","144,0314","28,85","0,3903707","144,0314"
,,,"28,86","0,3598531","144,0811",,,,,,,,,,"28,86","0,4151662","144,0811","28,86","0,3530184","144,0813",,,,"28,86","0,4350344","144,0813","28,86","0,3932317","144,0813"
,,,"28,87","0,3566742","144,1311",,,,,,,,,,"28,87","0,4096031","144,1313","28,87","0,3507932","144,1314",,,,"28,87","0,433445","144,1314","28,87","0,395298","144,1314"
,,,"28,88","0,3550847","144,1813",,,,,,,,,,"28,88","0,4078547","144,1813","28,88","0,3479322","144,1814",,,,"28,88","0,430584","144,1814","28,88","0,395298","144,1814"
,,,"28,89","0,35429","144,2313",,,,,,,,,,"28,89","0,4086494","144,2313","28,89","0,3466606","144,2314",,,,"28,89","0,4277229","144,2313","28,89","0,3935496","144,2313"
,,,"28,9","0,3527006","144,2813",,,,,,,,,,"28,9","0,4094442","144,2814","28,9","0,3468195","144,2813",,,,"28,9","0,4258156","144,2813","28,9","0,3903707","144,2813"
,,,"28,91","0,3506342","144,3313",,,,,,,,,,"28,91","0,4096031","144,3313","28,91","0,3458659","144,3313",,,,"28,91","0,424703","144,3313","28,91","0,386556","144,3314"
,,,"28,92","0,348409","144,3814",,,,,,,,,,"28,92","0,4094442","144,3814","28,92","0,3431638","144,3814",,,,"28,92","0,4231135","144,3814","28,92","0,3829002","144,3814"
,,,"28,93","0,3458659","144,4314",,,,,,,,,,"28,93","0,4080137","144,4314","28,93","0,3410975","144,4313",,,,"28,93","0,4205704","144,4314","28,93","0,3801982","144,4313"
,,,"28,94","0,3436407","144,4814",,,,,,,,,,"28,94","0,4064242","144,4813","28,94","0,339667","144,4813",,,,"28,94","0,4183451","144,4811","28,94","0,377655","144,4811"
,,,"28,95","0,3431638","144,5313",,,,,,,,,,"28,95","0,4075368","144,5314","28,95","0,3371239","144,5313",,,,"28,95","0,4173914","144,5313","28,95","0,3749529","144,5313"
,,,"28,96","0,3431638","144,5815",,,,,,,,,,"28,96","0,4107157","144,5814","28,96","0,3336271","144,5814",,,,"28,96","0,415802","144,5813","28,96","0,3733635","144,5814"
,,,"28,97","0,3428459","144,6314",,,,,,,,,,"28,97","0,4130999","144,6313","28,97","0,3312429","144,6313",,,,"28,97","0,4138947","144,6313","28,97","0,3744761","144,6314"
,,,"28,98","0,3431638","144,6813",,,,,,,,,,"28,98","0,4150073","144,6813","28,98","0,3301302","144,6813",,,,"28,98","0,4135768","144,6811","28,98","0,3773371","144,6813"
,,,"28,99","0,3436407","144,7313",,,,,,,,,,"28,99","0,4173914","144,7313","28,99","0,3299713","144,7313",,,,"28,99","0,4150073","144,7313","28,99","0,3794034","144,7313"
,,,"29","0,3436407","144,7814",,,,,,,,,,"29","0,4199346","144,7814","29","0,3296534","144,7814",,,,"29","0,4162788","144,7814","29","0,3794034","144,7814"
,,,"29,01","0,3447533","144,8314",,,,,,,,,,"29,01","0,4207293","144,8313","29,01","0,3299713","144,8313",,,,"29,01","0,4167557","144,8311","29,01","0,377814","144,8311"
,,,"29,02","0,3476143","144,8814",,,,,,,,,,"29,02","0,4194578","144,8813","29,02","0,3307661","144,8811",,,,"29,02","0,4181862","144,8811","29,02","0,3773371","144,8811"
,,,"29,03","0,3507932","144,9313",,,,,,,,,,"29,03","0,4178683","144,9314","29,03","0,3323555","144,9311",,,,"29,03","0,4210472","144,9311","29,03","0,3789266","144,9313"
,,,"29,04","0,3538132","144,9813",,,,,,,,,,"29,04","0,4159609","144,9814","29,04","0,3336271","144,9813",,,,"29,04","0,4253387","144,9811","29,04","0,3809929","144,9813"
,,,"29,05","0,3566742","145,0314",,,,,,,,,,"29,05","0,4138947","145,0314","29,05","0,3347397","145,0313",,,,"29,05","0,4302661","145,0311","29,05","0,3825823","145,0313"
,,,"29,06","0,3574689","145,0814",,,,,,,,,,"29,06","0,4130999","145,0813","29,06","0,3348986","145,081",,,,"29,06","0,4350344","145,0811","29,06","0,3844897","145,081"
,,,"29,07","0,3579458","145,1313",,,,,,,,,,"29,07","0,4146894","145,1313","29,07","0,3347397","145,1313",,,,"29,07","0,4372597","145,1313","29,07","0,3860792","145,1313"
,,,"29,08","0,3617605","145,1814",,,,,,,,,,"29,08","0,4167557","145,1814","29,08","0,3344218","145,1813",,,,"29,08","0,4377365","145,1813","29,08","0,3868739","145,1813"
,,,"29,09","0,3670057","145,2313",,,,,,,,,,"29,09","0,418663","145,2314","29,09","0,3347397","145,2311",,,,"29,09","0,4388491","145,2311","29,09","0,3889402","145,2311"
,,,"29,1","0,3714561","145,2813",,,,,,,,,,"29,1","0,4197756","145,2814","29,1","0,336806","145,2811",,,,"29,1","0,442028","145,2811","29,1","0,3945033","145,2811"
,,,"29,11","0,3733635","145,3313",,,,,,,,,,"29,11","0,4194578","145,3314","29,11","0,3403028","145,3313",,,,"29,11","0,4469554","145,3311","29,11","0,4003843","145,3313"
,,,"29,12","0,3744761","145,3813",,,,,,,,,,"29,12","0,4178683","145,3814","29,12","0,3434817","145,3811",,,,"29,12","0,4525185","145,3813","29,12","0,4030863","145,3813"
,,,"29,13","0,3757477","145,4313",,,,,,,,,,"29,13","0,4178683","145,4314","29,13","0,3463427","145,4313",,,,"29,13","0,4552206","145,4311","29,13","0,4038811","145,4311"
,,,"29,14","0,3781319","145,4813",,,,,,,,,,"29,14","0,4202525","145,4813","29,14","0,3474554","145,481",,,,"29,14","0,4533132","145,4811","29,14","0,4064242","145,4811"
,,,"29,15","0,3805161","145,5314",,,,,,,,,,"29,15","0,4231135","145,5313","29,15","0,3463427","145,5314",,,,"29,15","0,4496574","145,5313","29,15","0,4091263","145,5313"
,,,"29,16","0,3809929","145,5815",,,,,,,,,,"29,16","0,4250208","145,5814","29,16","0,3460248","145,5813",,,,"29,16","0,4460017","145,5813","29,16","0,4088084","145,5813"
,,,"29,17","0,3792445","145,6314",,,,,,,,,,"29,17","0,4253387","145,6314","29,17","0,3482501","145,6313",,,,"29,17","0,442187","145,6313","29,17","0,4083315","145,6313"
,,,"29,18","0,3760656","145,6813",,,,,,,,,,"29,18","0,4242261","145,6814","29,18","0,3507932","145,6811",,,,"29,18","0,4390081","145,6811","29,18","0,4096031","145,6813"
,,,"29,19","0,3733635","145,7313",,,,,,,,,,"29,19","0,4226367","145,7313","29,19","0,3519058","145,7313",,,,"29,19","0,4358292","145,7313","29,19","0,4088084","145,7313"
,,,"29,2","0,371774","145,7814",,,,,,,,,,"29,2","0,4210472","145,7815","29,2","0,3523827","145,7813",,,,"29,2","0,4318555","145,7813","29,2","0,4059474","145,7814"
,,,"29,21","0,3709793","145,8313",,,,,,,,,,"29,21","0,4191399","145,8314","29,21","0,3523827","145,8313",,,,"29,21","0,4277229","145,8313","29,21","0,4038811","145,8313"
,,,"29,22","0,3722509","145,8811",,,,,,,,,,"29,22","0,4183451","145,8813","29,22","0,351429","145,8813",,,,"29,22","0,424703","145,8813","29,22","0,401179","145,8813"
,,,"29,23","0,3738403","145,9311",,,,,,,,,,"29,23","0,4191399","145,9314","29,23","0,3499985","145,9314",,,,"29,23","0,4223188","145,9314","29,23","0,3964106","145,9314"
,,,"29,24","0,3733635","145,9811",,,,,,,,,,"29,24","0,4213651","145,9814","29,24","0,3507932","145,9814",,,,"29,24","0,4199346","145,9814","29,24","0,3927549","145,9813"
,,,"29,25","0,3701846","146,0313",,,,,,,,,,"29,25","0,4229546","146,0314","29,25","0,3546079","146,0314",,,,"29,25","0,4202525","146,0314","29,25","0,3921191","146,0314"
,,,"29,26","0,3673235","146,0813",,,,,,,,,,"29,26","0,4234314","146,0813","29,26","0,357151","146,0813",,,,"29,26","0,4229546","146,0813","29,26","0,3916422","146,0813"
,,,"29,27","0,3650983","146,131",,,,,,,,,,"29,27","0,4218419","146,1314","29,27","0,3566742","146,1314",,,,"29,27","0,4237493","146,1314","29,27","0,3903707","146,1314"
,,,"29,28","0,3638268","146,1813",,,,,,,,,,"29,28","0,4194578","146,1814","29,28","0,3547668","146,1814",,,,"29,28","0,4234314","146,1814","29,28","0,3905296","146,1814"
,,,"29,29","0,3627141","146,2313",,,,,,,,,,"29,29","0,4173914","146,2314","29,29","0,3538132","146,2313",,,,"29,29","0,424703","146,2313","29,29","0,3911654","146,2313"
,,,"29,3","0,3614426","146,2813",,,,,,,,,,"29,3","0,415802","146,2814","29,3","0,3538132","146,2811",,,,"29,3","0,424703","146,2813","29,3","0,3897349","146,2813"
,,,"29,31","0,3598531","146,3311",,,,,,,,,,"29,31","0,412782","146,3313","29,31","0,3538132","146,3311",,,,"29,31","0,4218419","146,3313","29,31","0,3889402","146,3311"
,,,"29,32","0,3587405","146,3813",,,,,,,,,,"29,32","0,4094442","146,3814","29,32","0,3527006","146,3814",,,,"29,32","0,4202525","146,3813","29,32","0,389576","146,3814"
,,,"29,33","0,3577868","146,4313",,,,,,,,,,"29,33","0,4062653","146,4314","29,33","0,3523827","146,4314",,,,"29,33","0,4194578","146,4313","29,33","0,3887812","146,4313"
,,,"29,34","0,3563563","146,4813",,,,,,,,,,"29,34","0,4035632","146,4813","29,34","0,3523827","146,481",,,,"29,34","0,4146894","146,4811","29,34","0,3884633","146,4811"
,,,"29,35","0,3555616","146,5313",,,,,,,,,,"29,35","0,4024506","146,5314","29,35","0,3507932","146,5313",,,,"29,35","0,4107157","146,5313","29,35","0,3897349","146,5313"
,,,"29,36","0,3563563","146,5813",,,,,,,,,,"29,36","0,4024506","146,5814","29,36","0,3463427","146,5813",,,,"29,36","0,4094442","146,5813","29,36","0,3881454","146,5813"
,,,"29,37","0,3579458","146,6313",,,,,,,,,,"29,37","0,4019737","146,6314","29,37","0,342687","146,6313",,,,"29,37","0,4059474","146,6313","29,37","0,3841718","146,6313"
,,,"29,38","0,3585815","146,6813",,,,,,,,,,"29,38","0,4007021","146,6813","29,38","0,3420512","146,6811",,,,"29,38","0,4016558","146,6811","29,38","0,3844897","146,6811"
,,,"29,39","0,3582636","146,7313",,,,,,,,,,"29,39","0,4003843","146,7313","29,39","0,3423691","146,7311",,,,"29,39","0,4014969","146,7311","29,39","0,3884633","146,7311"
,,,"29,4","0,36033","146,7814",,,,,,,,,,"29,4","0,4016558","146,7815","29,4","0,3404617","146,7811",,,,"29,4","0,4014969","146,7813","29,4","0,3892581","146,7813"
,,,"29,41","0,3635089","146,8313",,,,,,,,,,"29,41","0,4046758","146,8314","29,41","0,3379186","146,8311",,,,"29,41","0,3980001","146,8311","29,41","0,3881454","146,8311"
,,,"29,42","0,3649394","146,8814",,,,,,,,,,"29,42","0,4080137","146,8813","29,42","0,3372828","146,881",,,,"29,42","0,3968875","146,8811","29,42","0,389576","146,8811"
,,,"29,43","0,3646215","146,9313",,,,,,,,,,"29,43","0,4096031","146,9313","29,43","0,3371239","146,9313",,,,"29,43","0,3991127","146,9311","29,43","0,3905296","146,9313"
,,,"29,44","0,3649394","146,9813",,,,,,,,,,"29,44","0,4086494","146,9814","29,44","0,3348986","146,9811",,,,"29,44","0,3984769","146,9811","29,44","0,3897349","146,9811"
,,,"29,45","0,3662109","147,0314",,,,,,,,,,"29,45","0,4072189","147,0314","29,45","0,3315608","147,0313",,,,"29,45","0,3956159","147,0311","29,45","0,3903707","147,0313"
,,,"29,46","0,3670057","147,0814",,,,,,,,,,"29,46","0,4083315","147,0814","29,46","0,3269514","147,081",,,,"29,46","0,3943443","147,081","29,46","0,392437","147,081"
,,,"29,47","0,3678004","147,1313",,,,,,,,,,"29,47","0,4115105","147,1315","29,47","0,3225009","147,1313",,,,"29,47","0,3929138","147,1313","29,47","0,392437","147,1311"
,,,"29,48","0,3693899","147,1814",,,,,,,,,,"29,48","0,415802","147,1814","29,48","0,319322","147,1813",,,,"29,48","0,3916422","147,1813","29,48","0,3908475","147,1813"
,,,"29,49","0,3709793","147,2314",,,,,,,,,,"29,49","0,4205704","147,2314","29,49","0,3166199","147,2311",,,,"29,49","0,3937086","147,2311","29,49","0,3905296","147,2311"
,,,"29,5","0,3722509","147,2813",,,,,,,,,,"29,5","0,4258156","147,2814","29,5","0,3145536","147,2813",,,,"29,5","0,3975233","147,2811","29,5","0,3911654","147,2811"
,,,"29,51","0,3738403","147,3313",,,,,,,,,,"29,51","0,4293124","147,3314","29,51","0,3142357","147,3313",,,,"29,51","0,3999074","147,3313","29,51","0,3919601","147,3313"
,,,"29,52","0,3741582","147,3814",,,,,,,,,,"29,52","0,4310608","147,3814","29,52","0,3156662","147,3813",,,,"29,52","0,4024506","147,3811","29,52","0,3945033","147,3811"
,,,"29,53","0,3730456","147,4314",,,,,,,,,,"29,53","0,4329681","147,4314","29,53","0,3169378","147,4313",,,,"29,53","0,4067421","147,4313","29,53","0,3980001","147,4313"
,,,"29,54","0,3720919","147,4814",,,,,,,,,,"29,54","0,4340807","147,4813","29,54","0,3177325","147,4811",,,,"29,54","0,4094442","147,4811","29,54","0,3992716","147,481"
,,,"29,55","0,3705025","147,5314",,,,,,,,,,"29,55","0,4337629","147,5313","29,55","0,3190041","147,5314",,,,"29,55","0,4107157","147,5313","29,55","0,398318","147,5313"
,,,"29,56","0,3670057","147,5814",,,,,,,,,,"29,56","0,4345576","147,5814","29,56","0,3204346","147,5813",,,,"29,56","0,4138947","147,5811","29,56","0,3975233","147,5811"
,,,"29,57","0,3625552","147,6314",,,,,,,,,,"29,57","0,4364649","147,6315","29,57","0,322024","147,6313",,,,"29,57","0,4183451","147,6313","29,57","0,3972054","147,6313"
,,,"29,58","0,360171","147,6814",,,,,,,,,,"29,58","0,4374186","147,6813","29,58","0,3237724","147,6811",,,,"29,58","0,4213651","147,6813","29,58","0,3976822","147,6811"
,,,"29,59","0,360171","147,7313",,,,,,,,,,"29,59","0,4366239","147,7313","29,59","0,3256798","147,7313",,,,"29,59","0,421524","147,7313","29,59","0,3972054","147,7313"
,,,"29,6","0,3614426","147,7815",,,,,,,,,,"29,6","0,4340807","147,7814","29,6","0,3264745","147,7813",,,,"29,6","0,4210472","147,7813","29,6","0,3951391","147,7813"
,,,"29,61","0,3625552","147,8315",,,,,,,,,,"29,61","0,4301071","147,8314","29,61","0,3272692","147,8313",,,,"29,61","0,4191399","147,8313","29,61","0,3916422","147,8313"
,,,"29,62","0,3633499","147,8813",,,,,,,,,,"29,62","0,4270872","147,8813","29,62","0,3283819","147,8811",,,,"29,62","0,4178683","147,8813","29,62","0,389576","147,8811"
,,,"29,63","0,3643036","147,9313",,,,,,,,,,"29,63","0,4261335","147,9313","29,63","0,3293355","147,9313",,,,"29,63","0,4197756","147,9311","29,63","0,3889402","147,9313"
,,,"29,64","0,3650983","147,9814",,,,,,,,,,"29,64","0,4253387","147,9813","29,64","0,3299713","147,9813",,,,"29,64","0,4231135","147,9813","29,64","0,3876686","147,9813"
,,,"29,65","0,3662109","148,0314",,,,,,,,,,"29,65","0,4231135","148,0313","29,65","0,3317197","148,0313",,,,"29,65","0,424703","148,0313","29,65","0,3857613","148,0313"
,,,"29,66","0,3673235","148,0813",,,,,,,,,,"29,66","0,4221598","148,0811","29,66","0,3344218","148,0811",,,,"29,66","0,4261335","148,0811","29,66","0,3856023","148,0811"
,,,"29,67","0,3685951","148,1311",,,,,,,,,,"29,67","0,4223188","148,1313","29,67","0,3363291","148,1313",,,,"29,67","0,4278819","148,1313","29,67","0,386556","148,1313"
,,,"29,68","0,3698667","148,1814",,,,,,,,,,"29,68","0,4234314","148,1814","29,68","0,3371239","148,1813",,,,"29,68","0,4281998","148,1813","29,68","0,3860792","148,1813"
,,,"29,69","0,3705025","148,2313",,,,,,,,,,"29,69","0,4242261","148,2313","29,69","0,3380775","148,2313",,,,"29,69","0,4270872","148,2313","29,69","0,383695","148,2313"
,,,"29,7","0,3701846","148,2814",,,,,,,,,,"29,7","0,4250208","148,2813","29,7","0,3403028","148,2811",,,,"29,7","0,4269282","148,2811","29,7","0,3813108","148,2811"
,,,"29,71","0,368913","148,3311",,,,,,,,,,"29,71","0,424544","148,3313","29,71","0,3423691","148,3311",,,,"29,71","0,4262924","148,3313","29,71","0,3797213","148,3313"
,,,"29,72","0,3682772","148,3814",,,,,,,,,,"29,72","0,4197756","148,3814","29,72","0,3447533","148,3813",,,,"29,72","0,4239082","148,3813","29,72","0,3789266","148,3811"
,,,"29,73","0,3705025","148,4313",,,,,,,,,,"29,73","0,412782","148,4313","29,73","0,3471375","148,4313",,,,"29,73","0,4210472","148,4311","29,73","0,3794034","148,4311"
,,,"29,74","0,3746351","148,4813",,,,,,,,,,"29,74","0,4115105","148,4813","29,74","0,3495216","148,4811",,,,"29,74","0,418663","148,4811","29,74","0,380834","148,4811"
,,,"29,75","0,3792445","148,5313",,,,,,,,,,"29,75","0,4159609","148,5314","29,75","0,3519058","148,5313",,,,"29,75","0,415802","148,5313","29,75","0,3816287","148,5313"
,,,"29,76","0,3821055","148,5813",,,,,,,,,,"29,76","0,4205704","148,5814","29,76","0,3523827","148,5811",,,,"29,76","0,4119873","148,5813","29,76","0,3832181","148,5813"
,,,"29,77","0,383695","148,6313",,,,,,,,,,"29,77","0,421524","148,6313","29,77","0,3506342","148,6313",,,,"29,77","0,409921","148,6311","29,77","0,3849665","148,6313"
,,,"29,78","0,383695","148,6813",,,,,,,,,,"29,78","0,4170736","148,6813","29,78","0,3503164","148,6811",,,,"29,78","0,4091263","148,6811","29,78","0,3868739","148,6811"
,,,"29,79","0,3824234","148,7313",,,,,,,,,,"29,79","0,4111926","148,7313","29,79","0,3527006","148,7311",,,,"29,79","0,4059474","148,7311","29,79","0,3892581","148,7311"
,,,"29,8","0,3821055","148,7814",,,,,,,,,,"29,8","0,4123052","148,7814","29,8","0,3558795","148,7813",,,,"29,8","0,4014969","148,7813","29,8","0,3935496","148,7813"
,,,"29,81","0,3824234","148,8314",,,,,,,,,,"29,81","0,4170736","148,8314","29,81","0,3585815","148,8311",,,,"29,81","0,4003843","148,8313","29,81","0,3967285","148,8311"
,,,"29,82","0,3813108","148,8813",,,,,,,,,,"29,82","0,4189809","148,8813","29,82","0,36033","148,8811",,,,"29,82","0,4016558","148,8811","29,82","0,3976822","148,8811"
,,,"29,83","0,3794034","148,9313",,,,,,,,,,"29,83","0,4202525","148,9314","29,83","0,3625552","148,9313",,,,"29,83","0,401179","148,9311","29,83","0,3984769","148,9313"
,,,"29,84","0,3781319","148,9814",,,,,,,,,,"29,84","0,4210472","148,9815","29,84","0,3649394","148,9813",,,,"29,84","0,4008611","148,9813","29,84","0,4007021","148,9813"
,,,"29,85","0,3770193","149,0314",,,,,,,,,,"29,85","0,4210472","149,0314","29,85","0,3673235","149,0313",,,,"29,85","0,3995895","149,0313","29,85","0,4030863","149,0313"
,,,"29,86","0,3760656","149,0814",,,,,,,,,,"29,86","0,4218419","149,0813","29,86","0,3682772","149,0811",,,,"29,86","0,3940264","149,0811","29,86","0,4038811","149,0811"
,,,"29,87","0,3754298","149,1314",,,,,,,,,,"29,87","0,4205704","149,1313","29,87","0,3685951","149,1314",,,,"29,87","0,3889402","149,1313","29,87","0,4046758","149,1314"
,,,"29,88","0,3741582","149,1814",,,,,,,,,,"29,88","0,4151662","149,1814","29,88","0,3681183","149,1814",,,,"29,88","0,3889402","149,1813","29,88","0,4048347","149,1813"
,,,"29,89","0,3709793","149,2314",,,,,,,,,,"29,89","0,4138947","149,2314","29,89","0,3666878","149,2313",,,,"29,89","0,3892581","149,2311","29,89","0,4030863","149,2313"
,,,"29,9","0,3665288","149,2815",,,,,,,,,,"29,9","0,4175504","149,2814","29,9","0,3662109","149,2813",,,,"29,9","0,3876686","149,2813","29,9","0,4007021","149,2814"
,,,"29,91","0,3622373","149,3314",,,,,,,,,,"29,91","0,4175504","149,3313","29,91","0,3654162","149,3313",,,,"29,91","0,3908475","149,3313","29,91","0,3991127","149,3314"
,,,"29,92","0,3579458","149,3814",,,,,,,,,,"29,92","0,4154841","149,3814","29,92","0,3650983","149,3814",,,,"29,92","0,3975233","149,3813","29,92","0,3995895","149,3814"
,,,"29,93","0,3531774","149,4315",,,,,,,,,,"29,93","0,415802","149,4313","29,93","0,3650983","149,4314",,,,"29,93","0,4007021","149,4314","29,93","0,4003843","149,4314"
,,,"29,94","0,3490448","149,4813",,,,,,,,,,"29,94","0,4189809","149,4811","29,94","0,3638268","149,4813",,,,"29,94","0,4019737","149,4813","29,94","0,4007021","149,4811"
,,,"29,95","0,3463427","149,5313",,,,,,,,,,"29,95","0,424544","149,5313","29,95","0,3614426","149,5315",,,,"29,95","0,4059474","149,5314","29,95","0,4003843","149,5314"
,,,"29,96","0,3447533","149,5814",,,,,,,,,,"29,96","0,4286766","149,5814","29,96","0,3587405","149,5813",,,,"29,96","0,4083315","149,5813","29,96","0,3992716","149,5814"
,,,"29,97","0,3428459","149,6314",,,,,,,,,,"29,97","0,4281998","149,6313","29,97","0,3561974","149,6314",,,,"29,97","0,4096031","149,6314","29,97","0,3980001","149,6314"
,,,"29,98","0,3423691","149,6814",,,,,,,,,,"29,98","0,424703","149,6811","29,98","0,3546079","149,6813",,,,"29,98","0,4135768","149,6813","29,98","0,3980001","149,6813"
,,,"29,99","0,3434817","149,7313",,,,,,,,,,"29,99","0,4194578","149,7311","29,99","0,3531774","149,7313",,,,"29,99","0,4170736","149,7313","29,99","0,3992716","149,7313"
,,,"30","0,3460248","149,7813",,,,,,,,,,"30","0,412782","149,7814","30","0,351429","149,7814",,,,"30","0,415802","149,7814","30","0,3991127","149,7814"
,,,"30,01","0,3495216","149,8314",,,,,,,,,,"30,01","0,4094442","149,8313","30,01","0,3476143","149,8313",,,,"30,01","0,4130999","149,8314","30,01","0,3975233","149,8313"
,,,"30,02","0,3523827","149,8813",,,,,,,,,,"30,02","0,4110336","149,8813","30,02","0,3428459","149,8811",,,,"30,02","0,4130999","149,8813","30,02","0,3968875","149,8811"
,,,"30,03","0,3546079","149,9313",,,,,,,,,,"30,03","0,4142126","149,9313","30,03","0,3391902","149,9313",,,,"30,03","0,4123052","149,9313","30,03","0,3964106","149,9313"
,,,"30,04","0,3569921","149,9814",,,,,,,,,,"30,04","0,4170736","149,9814","30,04","0,3371239","149,9813",,,,"30,04","0,4110336","149,9811","30,04","0,3945033","149,9811"
,,,"30,05","0,360171","150,0313",,,,,,,,,,"30,05","0,4181862","150,0313","30,05","0,3341039","150,0313",,,,"30,05","0,4119873","150,0313","30,05","0,392437","150,0313"
,,,"30,06","0,363032","150,0813",,,,,,,,,,"30,06","0,4181862","150,0813","30,06","0,3296534","150,081",,,,"30,06","0,4142126","150,0811","30,06","0,3903707","150,0811"
,,,"30,07","0,3654162","150,131",,,,,,,,,,"30,07","0,4210472","150,1313","30,07","0,3253619","150,1313",,,,"30,07","0,4154841","150,1313","30,07","0,3884633","150,1313"
,,,"30,08","0,3697077","150,1813",,,,,,,,,,"30,08","0,4250208","150,1814","30,08","0,322183","150,1813",,,,"30,08","0,4181862","150,1813","30,08","0,3868739","150,1813"
,,,"30,09","0,3760656","150,2313",,,,,,,,,,"30,09","0,4239082","150,2314","30,09","0,3196398","150,2311",,,,"30,09","0,4210472","150,2311","30,09","0,3860792","150,2311"
,,,"30,1","0,3809929","150,2813",,,,,,,,,,"30,1","0,4202525","150,2814","30,1","0,319322","150,2811",,,,"30,1","0,4202525","150,2811","30,1","0,386397","150,2811"
,,,"30,11","0,3829002","150,3311",,,,,,,,,,"30,11","0,4183451","150,3314","30,11","0,3213882","150,3311",,,,"30,11","0,4181862","150,3311","30,11","0,386556","150,3311"
,,,"30,12","0,3848076","150,3813",,,,,,,,,,"30,12","0,4165967","150,3814","30,12","0,3236135","150,3813",,,,"30,12","0,418663","150,3813","30,12","0,3868739","150,3813"
,,,"30,13","0,3879865","150,4313",,,,,,,,,,"30,13","0,4165967","150,4314","30,13","0,3244082","150,4313",,,,"30,13","0,4202525","150,4313","30,13","0,3873507","150,4313"
,,,"30,14","0,3908475","150,4813",,,,,,,,,,"30,14","0,4191399","150,4814","30,14","0,324885","150,4811",,,,"30,14","0,4199346","150,481","30,14","0,3884633","150,481"
,,,"30,15","0,3927549","150,5313",,,,,,,,,,"30,15","0,4221598","150,5315","30,15","0,3253619","150,5311",,,,"30,15","0,4194578","150,5311","30,15","0,3889402","150,5311"
,,,"30,16","0,3937086","150,5814",,,,,,,,,,"30,16","0,4237493","150,5815","30,16","0,324885","150,5813",,,,"30,16","0,4199346","150,5813","30,16","0,3873507","150,5813"
,,,"30,17","0,3929138","150,6313",,,,,,,,,,"30,17","0,4250208","150,6314","30,17","0,3244082","150,6311",,,,"30,17","0,4197756","150,6311","30,17","0,3849665","150,6311"
,,,"30,18","0,3903707","150,6814",,,,,,,,,,"30,18","0,4261335","150,6814","30,18","0,3256798","150,681",,,,"30,18","0,4191399","150,6811","30,18","0,3841718","150,6811"
,,,"30,19","0,3873507","150,7313",,,,,,,,,,"30,19","0,4258156","150,7313","30,19","0,3275871","150,7311",,,,"30,19","0,4197756","150,7311","30,19","0,386556","150,731"
,,,"30,2","0,3856023","150,7813",,,,,,,,,,"30,2","0,4253387","150,7815","30,2","0,3296534","150,7813",,,,"30,2","0,4205704","150,7813","30,2","0,3905296","150,7814"
,,,"30,21","0,3824234","150,8314",,,,,,,,,,"30,21","0,4254977","150,8315","30,21","0,3325144","150,8313",,,,"30,21","0,4210472","150,8313","30,21","0,3940264","150,8313"
,,,"30,22","0,377814","150,8813",,,,,,,,,,"30,22","0,4286766","150,8813","30,22","0,3363291","150,8811",,,,"30,22","0,4223188","150,8811","30,22","0,3976822","150,8811"
,,,"30,23","0,3741582","150,9313",,,,,,,,,,"30,23","0,4313787","150,9315","30,23","0,3395081","150,9313",,,,"30,23","0,4226367","150,9313","30,23","0,401179","150,9313"
,,,"30,24","0,3709793","150,9813",,,,,,,,,,"30,24","0,4286766","150,9815","30,24","0,3420512","150,9813",,,,"30,24","0,4218419","150,9813","30,24","0,4027685","150,9813"
,,,"30,25","0,3674825","151,0313",,,,,,,,,,"30,25","0,4239082","151,0314","30,25","0,3450712","151,0313",,,,"30,25","0,4221598","151,0314","30,25","0,4022916","151,0313"
,,,"30,26","0,3643036","151,0813",,,,,,,,,,"30,26","0,4226367","151,0814","30,26","0,3471375","151,081",,,,"30,26","0,4226367","151,0811","30,26","0,4024506","151,0811"
,,,"30,27","0,363032","151,1313",,,,,,,,,,"30,27","0,4250208","151,1313","30,27","0,3490448","151,1314",,,,"30,27","0,4207293","151,1313","30,27","0,4032453","151,1314"
,,,"30,28","0,3609657","151,1814",,,,,,,,,,"30,28","0,4289945","151,1815","30,28","0,3499985","151,1814",,,,"30,28","0,4167557","151,1814","30,28","0,4024506","151,1813"
,,,"30,29","0,357151","151,2313",,,,,,,,,,"30,29","0,433445","151,2314","30,29","0,3506342","151,2313",,,,"30,29","0,4135768","151,2311","30,29","0,3995895","151,2313"
,,,"30,3","0,35429","151,2814",,,,,,,,,,"30,3","0,4361471","151,2813","30,3","0,3523827","151,2813",,,,"30,3","0,4123052","151,2811","30,3","0,3967285","151,2813"
,,,"30,31","0,3522237","151,3311",,,,,,,,,,"30,31","0,4356702","151,3313","30,31","0,3555616","151,3313",,,,"30,31","0,4119873","151,3314","30,31","0,3940264","151,3313"
,,,"30,32","0,3503164","151,3813",,,,,,,,,,"30,32","0,4326502","151,3814","30,32","0,3590584","151,3813",,,,"30,32","0,4126231","151,3813","30,32","0,3929138","151,3813"
,,,"30,33","0,3506342","151,4314",,,,,,,,,,"30,33","0,4289945","151,4314","30,33","0,3622373","151,4311",,,,"30,33","0,4118284","151,4313","30,33","0,3935496","151,4313"
,,,"30,34","0,3530184","151,4813",,,,,,,,,,"30,34","0,4258156","151,4813","30,34","0,3650983","151,481",,,,"30,34","0,4072189","151,4811","30,34","0,3932317","151,481"
,,,"30,35","0,3547668","151,5313",,,,,,,,,,"30,35","0,4231135","151,5313","30,35","0,3674825","151,5314",,,,"30,35","0,4027685","151,5314","30,35","0,3913244","151,5314"
,,,"30,36","0,3566742","151,5814",,,,,,,,,,"30,36","0,4194578","151,5814","30,36","0,369072","151,5813",,,,"30,36","0,4003843","151,5813","30,36","0,3903707","151,5813"
,,,"30,37","0,3598531","151,6313",,,,,,,,,,"30,37","0,4167557","151,6313","30,37","0,3709793","151,6313",,,,"30,37","0,3980001","151,6313","30,37","0,3921191","151,6313"
,,,"30,38","0,3641447","151,6814",,,,,,,,,,"30,38","0,4167557","151,6813","30,38","0,3730456","151,6811",,,,"30,38","0,3956159","151,6811","30,38","0,3943443","151,6813"
,,,"30,39","0,3678004","151,7311",,,,,,,,,,"30,39","0,4183451","151,7311","30,39","0,3733635","151,7311",,,,"30,39","0,3948212","151,7313","30,39","0,3943443","151,7313"
,,,"30,4","0,371774","151,7813",,,,,,,,,,"30,4","0,4205704","151,7814","30,4","0,3714561","151,7814",,,,"30,4","0,3929138","151,7811","30,4","0,3937086","151,7811"
,,,"30,41","0,3762245","151,8314",,,,,,,,,,"30,41","0,4210472","151,8314","30,41","0,3697077","151,8314",,,,"30,41","0,3889402","151,8311","30,41","0,3935496","151,8311"
,,,"30,42","0,3792445","151,8813",,,,,,,,,,"30,42","0,4178683","151,8811","30,42","0,3685951","151,8813",,,,"30,42","0,3881454","151,8811","30,42","0,392437","151,8811"
,,,"30,43","0,3797213","151,9311",,,,,,,,,,"30,43","0,4126231","151,9313","30,43","0,3674825","151,9313",,,,"30,43","0,3889402","151,9313","30,43","0,3897349","151,9313"
,,,"30,44","0,3800392","151,9813",,,,,,,,,,"30,44","0,40706","151,9814","30,44","0,3654162","151,9813",,,,"30,44","0,3857613","151,9811","30,44","0,386556","151,9813"
,,,"30,45","0,3821055","152,0314",,,,,,,,,,"30,45","0,4024506","152,0314","30,45","0,3635089","152,0314",,,,"30,45","0,3824234","152,0313","30,45","0,3841718","152,0314"
,,,"30,46","0,3844897","152,0813",,,,,,,,,,"30,46","0,3991127","152,0813","30,46","0,3619194","152,0811",,,,"30,46","0,3841718","152,0811","30,46","0,3825823","152,0811"
,,,"30,47","0,3876686","152,1311",,,,,,,,,,"30,47","0,3984769","152,1313","30,47","0,3595352","152,1313",,,,"30,47","0,386397","152,1313","30,47","0,3829002","152,1313"
,,,"30,48","0,3921191","152,1814",,,,,,,,,,"30,48","0,4000664","152,1814","30,48","0,3563563","152,1813",,,,"30,48","0,3849665","152,1813","30,48","0,3844897","152,1813"
,,,"30,49","0,3945033","152,2313",,,,,,,,,,"30,49","0,4016558","152,2314","30,49","0,3531774","152,2313",,,,"30,49","0,386397","152,2313","30,49","0,386397","152,2313"
,,,"30,5","0,3940264","152,2814",,,,,,,,,,"30,5","0,4038811","152,2814","30,5","0,3519058","152,2814",,,,"30,5","0,3900528","152,2813","30,5","0,3887812","152,2813"
,,,"30,51","0,3943443","152,3313",,,,,,,,,,"30,51","0,4078547","152,3313","30,51","0,3515879","152,3313",,,,"30,51","0,3913244","152,3313","30,51","0,3903707","152,3313"
,,,"30,52","0,395298","152,3814",,,,,,,,,,"30,52","0,4126231","152,3814","30,52","0,3506342","152,3813",,,,"30,52","0,3935496","152,3814","30,52","0,3889402","152,3813"
,,,"30,53","0,3932317","152,4313",,,,,,,,,,"30,53","0,4150073","152,4314","30,53","0,3479322","152,4313",,,,"30,53","0,3995895","152,4313","30,53","0,3871918","152,4313"
,,,"30,54","0,3884633","152,4814",,,,,,,,,,"30,54","0,4135768","152,4813","30,54","0,3447533","152,4811",,,,"30,54","0,4046758","152,4811","30,54","0,3879865","152,481"
,,,"30,55","0,3841718","152,5314",,,,,,,,,,"30,55","0,4118284","152,5315","30,55","0,3407796","152,5313",,,,"30,55","0,4078547","152,5313","30,55","0,3889402","152,5313"
,,,"30,56","0,3800392","152,5814",,,,,,,,,,"30,56","0,4103979","152,5814","30,56","0,3363291","152,5813",,,,"30,56","0,4130999","152,5813","30,56","0,386556","152,5813"
,,,"30,57","0,3738403","152,6313",,,,,,,,,,"30,57","0,4091263","152,6313","30,57","0,3323555","152,6311",,,,"30,57","0,4181862","152,6313","30,57","0,383695","152,6311"
,,,"30,58","0,3666878","152,6814",,,,,,,,,,"30,58","0,4078547","152,6813","30,58","0,3293355","152,6811",,,,"30,58","0,4207293","152,681","30,58","0,3848076","152,6811"
,,,"30,59","0,3611247","152,7314",,,,,,,,,,"30,59","0,4072189","152,7313","30,59","0,3269514","152,7311",,,,"30,59","0,4242261","152,7311","30,59","0,3884633","152,7311"
,,,"30,6","0,3590584","152,7815",,,,,,,,,,"30,6","0,4088084","152,7815","30,6","0,3252029","152,7811",,,,"30,6","0,4286766","152,7813","30,6","0,3919601","152,7813"
,,,"30,61","0,3585815","152,8314",,,,,,,,,,"30,61","0,4126231","152,8313","30,61","0,3240903","152,8311",,,,"30,61","0,4316966","152,8311","30,61","0,3943443","152,8311"
,,,"30,62","0,3566742","152,8814",,,,,,,,,,"30,62","0,4165967","152,8814","30,62","0,3244082","152,881",,,,"30,62","0,4364649","152,8811","30,62","0,3956159","152,8811"
,,,"30,63","0,3534953","152,9314",,,,,,,,,,"30,63","0,4194578","152,9313","30,63","0,3261566","152,9311",,,,"30,63","0,4445712","152,9313","30,63","0,395298","152,9313"
,,,"30,64","0,3503164","152,9814",,,,,,,,,,"30,64","0,4229546","152,9814","30,64","0,328064","152,9813",,,,"30,64","0,4496574","152,9813","30,64","0,3943443","152,9811"
,,,"30,65","0,3487269","153,0314",,,,,,,,,,"30,65","0,4270872","153,0313","30,65","0,3285408","153,0313",,,,"30,65","0,4515648","153,0311","30,65","0,3937086","153,0313"
,,,"30,66","0,3471375","153,0814",,,,,,,,,,"30,66","0,4289945","153,0813","30,66","0,3272692","153,0811",,,,"30,66","0,4541079","153,0811","30,66","0,3937086","153,081"
,,,"30,67","0,3466606","153,1314",,,,,,,,,,"30,67","0,4281998","153,1313","30,67","0,3253619","153,1313",,,,"30,67","0,4580816","153,1313","30,67","0,3937086","153,1313"
,,,"30,68","0,3487269","153,1814",,,,,,,,,,"30,68","0,4285177","153,1814","30,68","0,3232956","153,1813",,,,"30,68","0,4604658","153,1811","30,68","0,3921191","153,1813"
,,,"30,69","0,3530184","153,2314",,,,,,,,,,"30,69","0,4285177","153,2313","30,69","0,322183","153,2311",,,,"30,69","0,462691","153,2311","30,69","0,3892581","153,2311"
,,,"30,7","0,3566742","153,2814",,,,,,,,,,"30,7","0,424544","153,2814","30,7","0,3240903","153,2811",,,,"30,7","0,4660288","153,2811","30,7","0,3879865","153,2811"
,,,"30,71","0,3587405","153,3311",,,,,,,,,,"30,71","0,4175504","153,3314","30,71","0,3275871","153,3313",,,,"30,71","0,4682541","153,3311","30,71","0,3887812","153,3313"
,,,"30,72","0,3598531","153,3814",,,,,,,,,,"30,72","0,4126231","153,3814","30,72","0,3299713","153,3813",,,,"30,72","0,4692078","153,3813","30,72","0,389576","153,3811"
,,,"30,73","0,3614426","153,4313",,,,,,,,,,"30,73","0,4111926","153,4314","30,73","0,3312429","153,4313",,,,"30,73","0,471433","153,4313","30,73","0,3887812","153,4311"
,,,"30,74","0,3649394","153,4813",,,,,,,,,,"30,74","0,4111926","153,4813","30,74","0,3339449","153,4811",,,,"30,74","0,474294","153,4811","30,74","0,386556","153,4811"
,,,"30,75","0,3705025","153,5313",,,,,,,,,,"30,75","0,4115105","153,5314","30,75","0,3372828","153,5313",,,,"30,75","0,4755656","153,5313","30,75","0,3841718","153,5313"
,,,"30,76","0,3760656","153,5814",,,,,,,,,,"30,76","0,4103979","153,5815","30,76","0,3410975","153,5811",,,,"30,76","0,4755656","153,5813","30,76","0,3817876","153,5811"
,,,"30,77","0,3801982","153,6314",,,,,,,,,,"30,77","0,4096031","153,6314","30,77","0,3450712","153,6313",,,,"30,77","0,4734993","153,6313","30,77","0,3797213","153,6313"
,,,"30,78","0,3833771","153,6813",,,,,,,,,,"30,78","0,4096031","153,6814","30,78","0,3487269","153,6811",,,,"30,78","0,4698435","153,6811","30,78","0,377655","153,6811"
,,,"30,79","0,386397","153,731",,,,,,,,,,"30,79","0,4075368","153,7313","30,79","0,351429","153,7313",,,,"30,79","0,4668236","153,7313","30,79","0,3762245","153,7313"
,,,"30,8","0,3884633","153,7814",,,,,,,,,,"30,8","0,4019737","153,7814","30,8","0,3534953","153,7813",,,,"30,8","0,4666646","153,7813","30,8","0,3770193","153,7813"
,,,"30,81","0,3903707","153,8313",,,,,,,,,,"30,81","0,3968875","153,8314","30,81","0,3550847","153,8313",,,,"30,81","0,465552","153,8313","30,81","0,377814","153,8313"
,,,"30,82","0,3927549","153,8813",,,,,,,,,,"30,82","0,3968875","153,8813","30,82","0,3561974","153,8813",,,,"30,82","0,4620552","153,8813","30,82","0,3762245","153,8813"
,,,"30,83","0,3948212","153,9313",,,,,,,,,,"30,83","0,3987948","153,9311","30,83","0,3569921","153,9314",,,,"30,83","0,4572868","153,9314","30,83","0,3744761","153,9313"
,,,"30,84","0,3956159","153,9813",,,,,,,,,,"30,84","0,3980001","153,9813","30,84","0,3579458","153,9813",,,,"30,84","0,4517237","153,9813","30,84","0,3738403","153,9813"
,,,"30,85","0,3972054","154,0314",,,,,,,,,,"30,85","0,3948212","154,0314","30,85","0,3587405","154,0313",,,,"30,85","0,4445712","154,0314","30,85","0,3722509","154,0314"
,,,"30,86","0,3995895","154,0813",,,,,,,,,,"30,86","0,3951391","154,0811","30,86","0,3579458","154,0811",,,,"30,86","0,4358292","154,0813","30,86","0,3693899","154,0811"
,,,"30,87","0,4003843","154,1311",,,,,,,,,,"30,87","0,3999074","154,1313","30,87","0,3555616","154,1314",,,,"30,87","0,4278819","154,1314","30,87","0,3681183","154,1314"
,,,"30,88","0,3999074","154,1814",,,,,,,,,,"30,88","0,4032453","154,1813","30,88","0,3546079","154,1814",,,,"30,88","0,4202525","154,1814","30,88","0,3681183","154,1814"
,,,"30,89","0,3991127","154,2314",,,,,,,,,,"30,89","0,4035632","154,2314","30,89","0,3554026","154,2313",,,,"30,89","0,4119873","154,2313","30,89","0,3678004","154,2313"
,,,"30,9","0,3975233","154,2813",,,,,,,,,,"30,9","0,4051526","154,2814","30,9","0,3561974","154,2813",,,,"30,9","0,4048347","154,2813","30,9","0,3665288","154,2813"
,,,"30,91","0,3927549","154,3311",,,,,,,,,,"30,91","0,4103979","154,3313","30,91","0,3550847","154,3313",,,,"30,91","0,4030863","154,3314","30,91","0,3650983","154,3314"
,,,"30,92","0,3860792","154,3814",,,,,,,,,,"30,92","0,4146894","154,3814","30,92","0,35429","154,3814",,,,"30,92","0,4030863","154,3814","30,92","0,3654162","154,3814"
,,,"30,93","0,3801982","154,4314",,,,,,,,,,"30,93","0,4154841","154,4314","30,93","0,3546079","154,4313",,,,"30,93","0,3964106","154,4313","30,93","0,3673235","154,4313"
,,,"30,94","0,3762245","154,4813",,,,,,,,,,"30,94","0,4162788","154,4813","30,94","0,3550847","154,4813",,,,"30,94","0,3876686","154,4811","30,94","0,3697077","154,4811"
,,,"30,95","0,3725688","154,5313",,,,,,,,,,"30,95","0,4191399","154,5314","30,95","0,3558795","154,5313",,,,"30,95","0,3873507","154,5313","30,95","0,371774","154,5314"
,,,"30,96","0,3678004","154,5814",,,,,,,,,,"30,96","0,4221598","154,5814","30,96","0,357151","154,5814",,,,"30,96","0,3900528","154,5814","30,96","0,3736814","154,5814"
,,,"30,97","0,3625552","154,6313",,,,,,,,,,"30,97","0,421524","154,6313","30,97","0,3574689","154,6314",,,,"30,97","0,3871918","154,6313","30,97","0,3744761","154,6313"
,,,"30,98","0,3582636","154,6814",,,,,,,,,,"30,98","0,4199346","154,6813","30,98","0,3558795","154,6813",,,,"30,98","0,3849665","154,6811","30,98","0,3738403","154,6811"
,,,"30,99","0,3550847","154,7313",,,,,,,,,,"30,99","0,4205704","154,7313","30,99","0,3547668","154,7311",,,,"30,99","0,3881454","154,7313","30,99","0,3744761","154,7313"
,,,"31","0,3547668","154,7814",,,,,,,,,,"31","0,4223188","154,7814","31","0,3554026","154,7813",,,,"31","0,3889402","154,7813","31","0,3765424","154,7813"
,,,"31,01","0,3574689","154,8314",,,,,,,,,,"31,01","0,4234314","154,8313","31,01","0,3563563","154,8313",,,,"31,01","0,3876686","154,8311","31,01","0,377814","154,8311"
,,,"31,02","0,3598531","154,8813",,,,,,,,,,"31,02","0,4237493","154,8814","31,02","0,3587405","154,8811",,,,"31,02","0,3916422","154,8811","31,02","0,3786087","154,8811"
,,,"31,03","0,3598531","154,9313",,,,,,,,,,"31,03","0,4231135","154,9314","31,03","0,3622373","154,9311",,,,"31,03","0,3968875","154,9311","31,03","0,3800392","154,9313"
,,,"31,04","0,3577868","154,9814",,,,,,,,,,"31,04","0,4210472","154,9814","31,04","0,3643036","154,9813",,,,"31,04","0,3987948","154,9813","31,04","0,3832181","154,9813"
,,,"31,05","0,3563563","155,0314",,,,,,,,,,"31,05","0,415802","155,0314","31,05","0,3635089","155,0313",,,,"31,05","0,4032453","155,0313","31,05","0,3879865","155,0313"
,,,"31,06","0,3577868","155,0814",,,,,,,,,,"31,06","0,4103979","155,0814","31,06","0,3619194","155,081",,,,"31,06","0,4094442","155,081","31,06","0,3916422","155,081"
,,,"31,07","0,36033","155,1311",,,,,,,,,,"31,07","0,4102389","155,1314","31,07","0,360171","155,1313",,,,"31,07","0,4103979","155,1313","31,07","0,3919601","155,1311"
,,,"31,08","0,3625552","155,1814",,,,,,,,,,"31,08","0,412782","155,1815","31,08","0,357151","155,1813",,,,"31,08","0,4110336","155,1813","31,08","0,3905296","155,1813"
,,,"31,09","0,363032","155,2313",,,,,,,,,,"31,09","0,4119873","155,2314","31,09","0,3546079","155,2311",,,,"31,09","0,4167557","155,2311","31,09","0,3911654","155,2311"
,,,"31,1","0,3633499","155,2814",,,,,,,,,,"31,1","0,4110336","155,2814","31,1","0,3539721","155,2811",,,,"31,1","0,4223188","155,2811","31,1","0,3932317","155,2811"
,,,"31,11","0,3662109","155,3313",,,,,,,,,,"31,11","0,4134178","155,3314","31,11","0,3531774","155,3311",,,,"31,11","0,4250208","155,3313","31,11","0,3945033","155,3311"
,,,"31,12","0,3725688","155,3813",,,,,,,,,,"31,12","0,4162788","155,3814","31,12","0,3511111","155,3813",,,,"31,12","0,4301071","155,3813","31,12","0,3932317","155,3813"
,,,"31,13","0,3801982","155,4314",,,,,,,,,,"31,13","0,4159609","155,4314","31,13","0,3492037","155,4311",,,,"31,13","0,4353523","155,4311","31,13","0,3900528","155,4313"
,,,"31,14","0,386556","155,4813",,,,,,,,,,"31,14","0,4154841","155,4813","31,14","0,3482501","155,4811",,,,"31,14","0,4337629","155,4811","31,14","0,3884633","155,4811"
,,,"31,15","0,3916422","155,5313",,,,,,,,,,"31,15","0,415802","155,5314","31,15","0,3460248","155,5313",,,,"31,15","0,430584","155,5313","31,15","0,3889402","155,5313"
,,,"31,16","0,395298","155,5814",,,,,,,,,,"31,16","0,4162788","155,5814","31,16","0,3442764","155,5813",,,,"31,16","0,4316966","155,5811","31,16","0,3876686","155,5813"
,,,"31,17","0,3960927","155,6313",,,,,,,,,,"31,17","0,4178683","155,6314","31,17","0,3439585","155,6313",,,,"31,17","0,4326502","155,6313","31,17","0,3848076","155,6313"
,,,"31,18","0,3935496","155,6813",,,,,,,,,,"31,18","0,4197756","155,6814","31,18","0,3439585","155,6811",,,,"31,18","0,430584","155,6811","31,18","0,383695","155,6811"
,,,"31,19","0,3908475","155,7313",,,,,,,,,,"31,19","0,4202525","155,7313","31,19","0,3412565","155,7313",,,,"31,19","0,4301071","155,7313","31,19","0,3841718","155,7313"
,,,"31,2","0,3911654","155,7814",,,,,,,,,,"31,2","0,4205704","155,7815","31,2","0,3372828","155,7813",,,,"31,2","0,430584","155,7813","31,2","0,3849665","155,7813"
,,,"31,21","0,3929138","155,8313",,,,,,,,,,"31,21","0,4213651","155,8314","31,21","0,3341039","155,8313",,,,"31,21","0,4278819","155,8313","31,21","0,386397","155,8313"
,,,"31,22","0,3937086","155,8811",,,,,,,,,,"31,22","0,4218419","155,8813","31,22","0,3312429","155,8811",,,,"31,22","0,4261335","155,8813","31,22","0,3868739","155,8813"
,,,"31,23","0,3916422","155,9313",,,,,,,,,,"31,23","0,4202525","155,9313","31,23","0,3288587","155,9314",,,,"31,23","0,427405","155,9314","31,23","0,3856023","155,9313"
,,,"31,24","0,3887812","155,9814",,,,,,,,,,"31,24","0,4181862","155,9814","31,24","0,3277461","155,9813",,,,"31,24","0,4278819","155,9813","31,24","0,383695","155,9814"
,,,"31,25","0,3879865","156,0314",,,,,,,,,,"31,25","0,4173914","156,0313","31,25","0,3277461","156,0314",,,,"31,25","0,4266103","156,0314","31,25","0,3832181","156,0313"
,,,"31,26","0,3879865","156,0813",,,,,,,,,,"31,26","0,4175504","156,0813","31,26","0,3285408","156,0813",,,,"31,26","0,4266103","156,0813","31,26","0,3832181","156,0811"
,,,"31,27","0,3849665","156,1313",,,,,,,,,,"31,27","0,4178683","156,1313","31,27","0,3296534","156,1314",,,,"31,27","0,4258156","156,1314","31,27","0,3825823","156,1314"
,,,"31,28","0,3800392","156,1814",,,,,,,,,,"31,28","0,4183451","156,1814","31,28","0,3312429","156,1814",,,,"31,28","0,4223188","156,1813","31,28","0,3813108","156,1814"
,,,"31,29","0,3765424","156,2313",,,,,,,,,,"31,29","0,4197756","156,2314","31,29","0,3320376","156,2313",,,,"31,29","0,4189809","156,2313","31,29","0,3800392","156,2314"
,,,"31,3","0,3754298","156,2813",,,,,,,,,,"31,3","0,4210472","156,2813","31,3","0,3325144","156,2813",,,,"31,3","0,4178683","156,2813","31,3","0,3794034","156,2813"
,,,"31,31","0,3738403","156,3313",,,,,,,,,,"31,31","0,4207293","156,3313","31,31","0,3341039","156,3313",,,,"31,31","0,4170736","156,3313","31,31","0,3800392","156,3314"
,,,"31,32","0,3705025","156,3813",,,,,,,,,,"31,32","0,4175504","156,3814","31,32","0,3364881","156,3814",,,,"31,32","0,4170736","156,3813","31,32","0,3824234","156,3814"
,,,"31,33","0,3670057","156,4313",,,,,,,,,,"31,33","0,4118284","156,4314","31,33","0,3387133","156,4313",,,,"31,33","0,4191399","156,4313","31,33","0,386556","156,4313"
,,,"31,34","0,3650983","156,4813",,,,,,,,,,"31,34","0,4062653","156,4811","31,34","0,3395081","156,4811",,,,"31,34","0,4205704","156,4811","31,34","0,3903707","156,481"
,,,"31,35","0,3662109","156,5313",,,,,,,,,,"31,35","0,4030863","156,5314","31,35","0,3404617","156,5313",,,,"31,35","0,4189809","156,5311","31,35","0,3916422","156,5313"
,,,"31,36","0,3678004","156,5814",,,,,,,,,,"31,36","0,4008611","156,5814","31,36","0,3423691","156,5811",,,,"31,36","0,4178683","156,5813","31,36","0,3913244","156,5813"
,,,"31,37","0,369072","156,6313",,,,,,,,,,"31,37","0,3991127","156,6313","31,37","0,3447533","156,6313",,,,"31,37","0,4181862","156,6313","31,37","0,389576","156,6311"
,,,"31,38","0,3706614","156,6813",,,,,,,,,,"31,38","0,3976822","156,6813","31,38","0,3471375","156,6811",,,,"31,38","0,4173914","156,6813","31,38","0,3871918","156,6811"
,,,"31,39","0,3722509","156,7313",,,,,,,,,,"31,39","0,3959338","156,7313","31,39","0,3487269","156,7311",,,,"31,39","0,4151662","156,7311","31,39","0,3860792","156,7313"
,,,"31,4","0,3733635","156,7814",,,,,,,,,,"31,4","0,3940264","156,7814","31,4","0,3503164","156,7813",,,,"31,4","0,4138947","156,7813","31,4","0,386556","156,7813"
,,,"31,41","0,3746351","156,8313",,,,,,,,,,"31,41","0,3935496","156,8313","31,41","0,3523827","156,8313",,,,"31,41","0,4107157","156,8311","31,41","0,386397","156,8311"
,,,"31,42","0,3773371","156,8813",,,,,,,,,,"31,42","0,3945033","156,8813","31,42","0,3550847","156,8811",,,,"31,42","0,4054705","156,8811","31,42","0,3856023","156,8811"
,,,"31,43","0,3794034","156,9313",,,,,,,,,,"31,43","0,3956159","156,9314","31,43","0,3566742","156,9313",,,,"31,43","0,4008611","156,9313","31,43","0,3857613","156,9311"
,,,"31,44","0,3801982","156,9814",,,,,,,,,,"31,44","0,3967285","156,9814","31,44","0,3579458","156,9813",,,,"31,44","0,3992716","156,9813","31,44","0,3876686","156,9811"
,,,"31,45","0,3824234","157,0313",,,,,,,,,,"31,45","0,3980001","157,0314","31,45","0,3593763","157,0313",,,,"31,45","0,3992716","157,0313","31,45","0,3905296","157,0313"
,,,"31,46","0,3856023","157,0813",,,,,,,,,,"31,46","0,3992716","157,0814","31,46","0,3606478","157,0811",,,,"31,46","0,4000664","157,081","31,46","0,3935496","157,0811"
,,,"31,47","0,3873507","157,1313",,,,,,,,,,"31,47","0,3999074","157,1314","31,47","0,36033","157,1313",,,,"31,47","0,401179","157,1313","31,47","0,3948212","157,1313"
,,,"31,48","0,3881454","157,1814",,,,,,,,,,"31,48","0,4008611","157,1815","31,48","0,3585815","157,1813",,,,"31,48","0,4007021","157,1811","31,48","0,3943443","157,1813"
,,,"31,49","0,3897349","157,2313",,,,,,,,,,"31,49","0,4024506","157,2314","31,49","0,3569921","157,2313",,,,"31,49","0,3984769","157,2311","31,49","0,3932317","157,2313"
,,,"31,5","0,3905296","157,2815",,,,,,,,,,"31,5","0,4054705","157,2814","31,5","0,3579458","157,2813",,,,"31,5","0,3976822","157,2813","31,5","0,3940264","157,2813"
,,,"31,51","0,389576","157,3313",,,,,,,,,,"31,51","0,4094442","157,3313","31,51","0,36033","157,3313",,,,"31,51","0,3975233","157,3314","31,51","0,3943443","157,3314"
,,,"31,52","0,3887812","157,3814",,,,,,,,,,"31,52","0,4126231","157,3815","31,52","0,3622373","157,3813",,,,"31,52","0,3968875","157,3813","31,52","0,392437","157,3813"
,,,"31,53","0,3887812","157,4314",,,,,,,,,,"31,53","0,4142126","157,4314","31,53","0,3633499","157,4311",,,,"31,53","0,3968875","157,4313","31,53","0,3897349","157,4313"
,,,"31,54","0,3873507","157,4813",,,,,,,,,,"31,54","0,4154841","157,4813","31,54","0,3643036","157,481",,,,"31,54","0,3968875","157,481","31,54","0,3884633","157,4811"
,,,"31,55","0,3848076","157,5313",,,,,,,,,,"31,55","0,4181862","157,5313","31,55","0,3654162","157,5311",,,,"31,55","0,395298","157,5313","31,55","0,3879865","157,5311"
,,,"31,56","0,3832181","157,5814",,,,,,,,,,"31,56","0,4199346","157,5815","31,56","0,365893","157,5811",,,,"31,56","0,3937086","157,5811","31,56","0,3868739","157,5811"
,,,"31,57","0,3840128","157,6314",,,,,,,,,,"31,57","0,4194578","157,6314","31,57","0,3670057","157,6311",,,,"31,57","0,3960927","157,6311","31,57","0,3849665","157,6311"
,,,"31,58","0,3848076","157,6814",,,,,,,,,,"31,58","0,4189809","157,6813","31,58","0,3685951","157,6811",,,,"31,58","0,4024506","157,6811","31,58","0,3833771","157,6811"
,,,"31,59","0,3840128","157,7313",,,,,,,,,,"31,59","0,4189809","157,7313","31,59","0,3682772","157,7311",,,,"31,59","0,4062653","157,7313","31,59","0,3829002","157,7313"
,,,"31,6","0,3821055","157,7815",,,,,,,,,,"31,6","0,4189809","157,7814","31,6","0,3654162","157,7811",,,,"31,6","0,4046758","157,7813","31,6","0,3821055","157,7811"
,,,"31,61","0,3800392","157,8314",,,,,,,,,,"31,61","0,4194578","157,8314","31,61","0,3622373","157,8313",,,,"31,61","0,40404","157,8313","31,61","0,3801982","157,8313"
,,,"31,62","0,3768603","157,8814",,,,,,,,,,"31,62","0,4205704","157,8813","31,62","0,360171","157,8811",,,,"31,62","0,4088084","157,8811","31,62","0,3786087","157,8813"
,,,"31,63","0,3733635","157,9313",,,,,,,,,,"31,63","0,4202525","157,9314","31,63","0,3587405","157,9313",,,,"31,63","0,4126231","157,9313","31,63","0,3773371","157,9313"
,,,"31,64","0,3698667","157,9814",,,,,,,,,,"31,64","0,4178683","157,9813","31,64","0,3582636","157,9811",,,,"31,64","0,4107157","157,9813","31,64","0,3752708","157,9813"
,,,"31,65","0,3674825","158,0314",,,,,,,,,,"31,65","0,4159609","158,0313","31,65","0,3569921","158,0313",,,,"31,65","0,4091263","158,0313","31,65","0,3738403","158,0314"
,,,"31,66","0,3662109","158,0813",,,,,,,,,,"31,66","0,4142126","158,0813","31,66","0,3538132","158,0811",,,,"31,66","0,4091263","158,0811","31,66","0,3752708","158,0811"
,,,"31,67","0,3662109","158,1311",,,,,,,,,,"31,67","0,4096031","158,1313","31,67","0,3506342","158,1314",,,,"31,67","0,4062653","158,1314","31,67","0,377655","158,1313"
,,,"31,68","0,3666878","158,1814",,,,,,,,,,"31,68","0,4032453","158,1814","31,68","0,3482501","158,1813",,,,"31,68","0,4030863","158,1813","31,68","0,3773371","158,1813"
,,,"31,69","0,3673235","158,2313",,,,,,,,,,"31,69","0,3976822","158,2313","31,69","0,3444354","158,2313",,,,"31,69","0,4032453","158,2311","31,69","0,3733635","158,2313"
,,,"31,7","0,3698667","158,2813",,,,,,,,,,"31,7","0,3937086","158,2814","31,7","0,3410975","158,2813",,,,"31,7","0,4024506","158,2813","31,7","0,3697077","158,2811"
,,,"31,71","0,3730456","158,3311",,,,,,,,,,"31,71","0,3916422","158,3313","31,71","0,3395081","158,3313",,,,"31,71","0,4000664","158,3313","31,71","0,3693899","158,3313"
,,,"31,72","0,3736814","158,3813",,,,,,,,,,"31,72","0,392437","158,3814","31,72","0,3387133","158,3813",,,,"31,72","0,4003843","158,3813","31,72","0,3728867","158,3813"
,,,"31,73","0,3728867","158,4313",,,,,,,,,,"31,73","0,3932317","158,4314","31,73","0,3364881","158,4311",,,,"31,73","0,401179","158,4311","31,73","0,3765424","158,4313"
,,,"31,74","0,3738403","158,4813",,,,,,,,,,"31,74","0,3921191","158,4813","31,74","0,3328323","158,481",,,,"31,74","0,3987948","158,481","31,74","0,3784498","158,481"
,,,"31,75","0,3765424","158,5313",,,,,,,,,,"31,75","0,3908475","158,5314","31,75","0,3301302","158,5311",,,,"31,75","0,3980001","158,5311","31,75","0,377655","158,5313"
,,,"31,76","0,3773371","158,5813",,,,,,,,,,"31,76","0,3900528","158,5814","31,76","0,3299713","158,5813",,,,"31,76","0,401179","158,5813","31,76","0,3746351","158,5811"
,,,"31,77","0,377655","158,6311",,,,,,,,,,"31,77","0,3889402","158,6314","31,77","0,3317197","158,6313",,,,"31,77","0,4003843","158,6313","31,77","0,3720919","158,6313"
,,,"31,78","0,3781319","158,6813",,,,,,,,,,"31,78","0,3881454","158,6813","31,78","0,3336271","158,6811",,,,"31,78","0,3951391","158,6811","31,78","0,3714561","158,6811"
,,,"31,79","0,3784498","158,7313",,,,,,,,,,"31,79","0,3892581","158,7313","31,79","0,3348986","158,7311",,,,"31,79","0,3921191","158,7311","31,79","0,3722509","158,7311"
,,,"31,8","0,3805161","158,7813",,,,,,,,,,"31,8","0,3900528","158,7814","31,8","0,3352165","158,7813",,,,"31,8","0,3908475","158,7813","31,8","0,3728867","158,7813"
,,,"31,81","0,3856023","158,8313",,,,,,,,,,"31,81","0,3903707","158,8313","31,81","0,3347397","158,8311",,,,"31,81","0,3871918","158,8311","31,81","0,3722509","158,8311"
,,,"31,82","0,3900528","158,8813",,,,,,,,,,"31,82","0,3919601","158,8813","31,82","0,3356934","158,8811",,,,"31,82","0,3841718","158,8811","31,82","0,371774","158,8811"
,,,"31,83","0,3921191","158,9313",,,,,,,,,,"31,83","0,3937086","158,9313","31,83","0,3407796","158,9311",,,,"31,83","0,3857613","158,9313","31,83","0,3722509","158,9313"
,,,"31,84","0,3937086","158,9813",,,,,,,,,,"31,84","0,3940264","158,9813","31,84","0,3460248","158,9813",,,,"31,84","0,3871918","158,9813","31,84","0,3733635","158,9813"
,,,"31,85","0,3948212","159,0314",,,,,,,,,,"31,85","0,3927549","159,0314","31,85","0,3492037","159,0313",,,,"31,85","0,386397","159,0314","31,85","0,3738403","159,0313"
,,,"31,86","0,3937086","159,0814",,,,,,,,,,"31,86","0,392437","159,0813","31,86","0,3506342","159,0811",,,,"31,86","0,3871918","159,0811","31,86","0,3736814","159,0811"
,,,"31,87","0,3932317","159,1313",,,,,,,,,,"31,87","0,395298","159,1313","31,87","0,3515879","159,1313",,,,"31,87","0,3879865","159,1313","31,87","0,3725688","159,1313"
,,,"31,88","0,3943443","159,1814",,,,,,,,,,"31,88","0,4000664","159,1814","31,88","0,3539721","159,1814",,,,"31,88","0,3873507","159,1813","31,88","0,3709793","159,1814"
,,,"31,89","0,3948212","159,2314",,,,,,,,,,"31,89","0,4043579","159,2313","31,89","0,3582636","159,2311",,,,"31,89","0,389576","159,2313","31,89","0,3698667","159,2313"
,,,"31,9","0,3927549","159,2814",,,,,,,,,,"31,9","0,4062653","159,2814","31,9","0,3622373","159,2813",,,,"31,9","0,3951391","159,2813","31,9","0,3701846","159,2813"
,,,"31,91","0,3892581","159,3313",,,,,,,,,,"31,91","0,4054705","159,3313","31,91","0,3638268","159,3313",,,,"31,91","0,3987948","159,3313","31,91","0,368913","159,3313"
,,,"31,92","0,3873507","159,3814",,,,,,,,,,"31,92","0,4032453","159,3814","31,92","0,3638268","159,3814",,,,"31,92","0,3999074","159,3814","31,92","0,3643036","159,3814"
,,,"31,93","0,3876686","159,4315",,,,,,,,,,"31,93","0,4022916","159,4314","31,93","0,3641447","159,4314",,,,"31,93","0,4019737","159,4313","31,93","0,3611247","159,4313"
,,,"31,94","0,3897349","159,4814",,,,,,,,,,"31,94","0,4019737","159,4813","31,94","0,3650983","159,4811",,,,"31,94","0,40404","159,4811","31,94","0,3619194","159,4811"
,,,"31,95","0,3935496","159,5313",,,,,,,,,,"31,95","0,4027685","159,5314","31,95","0,365893","159,5314",,,,"31,95","0,40404","159,5314","31,95","0,3633499","159,5315"
,,,"31,96","0,3959338","159,5814",,,,,,,,,,"31,96","0,4032453","159,5814","31,96","0,3666878","159,5813",,,,"31,96","0,4048347","159,5813","31,96","0,3638268","159,5813"
,,,"31,97","0,3956159","159,6314",,,,,,,,,,"31,97","0,4032453","159,6313","31,97","0,3682772","159,6314",,,,"31,97","0,4088084","159,6314","31,97","0,365893","159,6313"
,,,"31,98","0,3948212","159,6814",,,,,,,,,,"31,98","0,4030863","159,6813","31,98","0,3697077","159,6813",,,,"31,98","0,412782","159,6813","31,98","0,3685951","159,6813"
,,,"31,99","0,395298","159,7311",,,,,,,,,,"31,99","0,4019737","159,7311","31,99","0,3698667","159,7314",,,,"31,99","0,4150073","159,7314","31,99","0,3698667","159,7314"
,,,"32","0,3959338","159,7814",,,,,,,,,,"32","0,4000664","159,7814","32","0,3693899","159,7814",,,,"32","0,4162788","159,7814","32","0,3714561","159,7814"
,,,"32,01","0,3951391","159,8314",,,,,,,,,,"32,01","0,398318","159,8313","32,01","0,3681183","159,8314",,,,"32,01","0,4165967","159,8313","32,01","0,3738403","159,8314"
,,,"32,02","0,3935496","159,8813",,,,,,,,,,"32,02","0,398318","159,8811","32,02","0,365893","159,8813",,,,"32,02","0,4159609","159,8813","32,02","0,3744761","159,8813"
,,,"32,03","0,3913244","159,9311",,,,,,,,,,"32,03","0,3995895","159,9311","32,03","0,3635089","159,9314",,,,"32,03","0,4167557","159,9314","32,03","0,3744761","159,9314"
,,,"32,04","0,389576","159,9813",,,,,,,,,,"32,04","0,4007021","159,9814","32,04","0,3619194","159,9813",,,,"32,04","0,4175504","159,9813","32,04","0,3744761","159,9813"
,,,"32,05","0,3889402","160,0313",,,,,,,,,,"32,05","0,4016558","160,0314","32,05","0,3617605","160,0314",,,,"32,05","0,4165967","160,0313","32,05","0,3741582","160,0313"
,,,"32,06","0,3897349","160,0814",,,,,,,,,,"32,06","0,4019737","160,0811","32,06","0,3617605","160,0811",,,,"32,06","0,4151662","160,0811","32,06","0,3738403","160,0811"
,,,"32,07","0,392437","160,1313",,,,,,,,,,"32,07","0,4019737","160,1313","32,07","0,3614426","160,1313",,,,"32,07","0,4150073","160,1313","32,07","0,3757477","160,1313"
,,,"32,08","0,3951391","160,1814",,,,,,,,,,"32,08","0,401179","160,1813","32,08","0,36033","160,1813",,,,"32,08","0,412782","160,1814","32,08","0,3786087","160,1813"
,,,"32,09","0,3956159","160,2314",,,,,,,,,,"32,09","0,3999074","160,2314","32,09","0,3582636","160,2313",,,,"32,09","0,4096031","160,2311","32,09","0,3794034","160,2313"
,,,"32,1","0,395298","160,2814",,,,,,,,,,"32,1","0,398318","160,2814","32,1","0,3574689","160,2811",,,,"32,1","0,4091263","160,2811","32,1","0,377814","160,2811"
,,,"32,11","0,3956159","160,3313",,,,,,,,,,"32,11","0,3968875","160,3313","32,11","0,3587405","160,3311",,,,"32,11","0,4110336","160,3313","32,11","0,3762245","160,3311"
,,,"32,12","0,3956159","160,3814",,,,,,,,,,"32,12","0,3975233","160,3814","32,12","0,3598531","160,3813",,,,"32,12","0,409921","160,3813","32,12","0,3752708","160,3814"
,,,"32,13","0,3956159","160,4313",,,,,,,,,,"32,13","0,3999074","160,4314","32,13","0,360171","160,4313",,,,"32,13","0,4067421","160,4313","32,13","0,3744761","160,4313"
,,,"32,14","0,3959338","160,4813",,,,,,,,,,"32,14","0,4024506","160,4813","32,14","0,3611247","160,4811",,,,"32,14","0,4038811","160,481","32,14","0,3720919","160,481"
,,,"32,15","0,395298","160,5313",,,,,,,,,,"32,15","0,4046758","160,5314","32,15","0,3633499","160,5313",,,,"32,15","0,4008611","160,5311","32,15","0,368913","160,5311"
,,,"32,16","0,3927549","160,5814",,,,,,,,,,"32,16","0,4046758","160,5814","32,16","0,3646215","160,5813",,,,"32,16","0,3972054","160,5813","32,16","0,3670057","160,5813"
,,,"32,17","0,3892581","160,6314",,,,,,,,,,"32,17","0,4024506","160,6315","32,17","0,3635089","160,6313",,,,"32,17","0,3940264","160,6313","32,17","0,3678004","160,6313"
,,,"32,18","0,3871918","160,6813",,,,,,,,,,"32,18","0,3995895","160,6814","32,18","0,3611247","160,6813",,,,"32,18","0,3921191","160,6811","32,18","0,3709793","160,6811"
,,,"32,19","0,386556","160,7313",,,,,,,,,,"32,19","0,3984769","160,7314","32,19","0,3587405","160,7311",,,,"32,19","0,3897349","160,7311","32,19","0,3736814","160,7311"
,,,"32,2","0,3873507","160,7814",,,,,,,,,,"32,2","0,3987948","160,7815","32,2","0,3574689","160,7813",,,,"32,2","0,386556","160,7813","32,2","0,3733635","160,7813"
,,,"32,21","0,3892581","160,8313",,,,,,,,,,"32,21","0,3999074","160,8314","32,21","0,3566742","160,8313",,,,"32,21","0,3841718","160,8313","32,21","0,3714561","160,8313"
,,,"32,22","0,3911654","160,8811",,,,,,,,,,"32,22","0,4019737","160,8814","32,22","0,3539721","160,8811",,,,"32,22","0,3833771","160,8811","32,22","0,3709793","160,8811"
,,,"32,23","0,3932317","160,9311",,,,,,,,,,"32,23","0,4035632","160,9314","32,23","0,3495216","160,9313",,,,"32,23","0,3841718","160,9313","32,23","0,3722509","160,9313"
,,,"32,24","0,3967285","160,9811",,,,,,,,,,"32,24","0,4046758","160,9814","32,24","0,345548","160,9813",,,,"32,24","0,3856023","160,9813","32,24","0,3738403","160,9813"
,,,"32,25","0,3992716","161,0313",,,,,,,,,,"32,25","0,4062653","161,0315","32,25","0,3442764","161,0314",,,,"32,25","0,3879865","161,0313","32,25","0,3757477","161,0314"
,,,"32,26","0,3991127","161,0813",,,,,,,,,,"32,26","0,4091263","161,0813","32,26","0,3442764","161,081",,,,"32,26","0,3911654","161,0811","32,26","0,377814","161,0811"
,,,"32,27","0,398318","161,1313",,,,,,,,,,"32,27","0,4119873","161,1314","32,27","0,3434817","161,1313",,,,"32,27","0,3937086","161,1313","32,27","0,3789266","161,1313"
,,,"32,28","0,3991127","161,1814",,,,,,,,,,"32,28","0,4135768","161,1815","32,28","0,3415743","161,1813",,,,"32,28","0,3940264","161,1813","32,28","0,3784498","161,1813"
,,,"32,29","0,3992716","161,2313",,,,,,,,,,"32,29","0,4150073","161,2314","32,29","0,3403028","161,2313",,,,"32,29","0,3940264","161,2313","32,29","0,377814","161,2311"
,,,"32,3","0,3999074","161,2814",,,,,,,,,,"32,3","0,4159609","161,2813","32,3","0,3403028","161,2813",,,,"32,3","0,3967285","161,2813","32,3","0,3792445","161,2813"
,,,"32,31","0,4022916","161,3313",,,,,,,,,,"32,31","0,415802","161,3314","32,31","0,3403028","161,3313",,,,"32,31","0,401179","161,3313","32,31","0,3797213","161,3313"
,,,"32,32","0,4064242","161,3814",,,,,,,,,,"32,32","0,4135768","161,3814","32,32","0,3403028","161,3814",,,,"32,32","0,4046758","161,3813","32,32","0,3789266","161,3813"
,,,"32,33","0,4094442","161,4314",,,,,,,,,,"32,33","0,4115105","161,4314","32,33","0,339667","161,4313",,,,"32,33","0,4067421","161,4313","32,33","0,3801982","161,4314"
,,,"32,34","0,4102389","161,4813",,,,,,,,,,"32,34","0,409921","161,4811","32,34","0,3388723","161,4811",,,,"32,34","0,4088084","161,4811","32,34","0,3840128","161,481"
,,,"32,35","0,4107157","161,5313",,,,,,,,,,"32,35","0,4091263","161,5313","32,35","0,3372828","161,5314",,,,"32,35","0,4103979","161,5314","32,35","0,3852844","161,5313"
,,,"32,36","0,4118284","161,5814",,,,,,,,,,"32,36","0,4080137","161,5814","32,36","0,3363291","161,5813",,,,"32,36","0,4111926","161,5811","32,36","0,3824234","161,5813"
,,,"32,37","0,4126231","161,6313",,,,,,,,,,"32,37","0,4075368","161,6314","32,37","0,3364881","161,6313",,,,"32,37","0,4123052","161,6313","32,37","0,3797213","161,6313"
,,,"32,38","0,4115105","161,6813",,,,,,,,,,"32,38","0,40706","161,6811","32,38","0,3388723","161,6811",,,,"32,38","0,4150073","161,6811","32,38","0,3797213","161,6811"
,,,"32,39","0,4086494","161,7311",,,,,,,,,,"32,39","0,4064242","161,7311","32,39","0,3420512","161,7313",,,,"32,39","0,4178683","161,7311","32,39","0,3805161","161,7313"
,,,"32,4","0,4051526","161,7813",,,,,,,,,,"32,4","0,4075368","161,7815","32,4","0,3458659","161,7813",,,,"32,4","0,4205704","161,7813","32,4","0,3800392","161,7813"
,,,"32,41","0,4024506","161,8313",,,,,,,,,,"32,41","0,4091263","161,8314","32,41","0,3482501","161,8313",,,,"32,41","0,4234314","161,8313","32,41","0,377655","161,8313"
,,,"32,42","0,4000664","161,8811",,,,,,,,,,"32,42","0,4088084","161,8813","32,42","0,3495216","161,8811",,,,"32,42","0,4254977","161,8813","32,42","0,3757477","161,8813"
,,,"32,43","0,3964106","161,9311",,,,,,,,,,"32,43","0,4064242","161,9313","32,43","0,3507932","161,9313",,,,"32,43","0,424544","161,9313","32,43","0,3744761","161,9313"
,,,"32,44","0,3919601","161,9813",,,,,,,,,,"32,44","0,4038811","161,9814","32,44","0,3515879","161,9813",,,,"32,44","0,4218419","161,9813","32,44","0,3741582","161,9813"
,,,"32,45","0,3887812","162,0313",,,,,,,,,,"32,45","0,4007021","162,0313","32,45","0,3515879","162,0313",,,,"32,45","0,4194578","162,0313","32,45","0,3749529","162,0313"
,,,"32,46","0,3873507","162,0811",,,,,,,,,,"32,46","0,3976822","162,0813","32,46","0,3527006","162,0811",,,,"32,46","0,4170736","162,0811","32,46","0,3754298","162,0811"
,,,"32,47","0,386556","162,1311",,,,,,,,,,"32,47","0,398318","162,1313","32,47","0,3550847","162,1313",,,,"32,47","0,4134178","162,1314","32,47","0,3757477","162,1314"
,,,"32,48","0,386397","162,1814",,,,,,,,,,"32,48","0,4000664","162,1814","32,48","0,357151","162,1813",,,,"32,48","0,4091263","162,1813","32,48","0,3757477","162,1813"
,,,"32,49","0,386556","162,2313",,,,,,,,,,"32,49","0,401179","162,2314","32,49","0,3577868","162,2313",,,,"32,49","0,4054705","162,2311","32,49","0,3757477","162,2313"
,,,"32,5","0,3879865","162,2813",,,,,,,,,,"32,5","0,4014969","162,2814","32,5","0,3566742","162,2811",,,,"32,5","0,4030863","162,2811","32,5","0,3749529","162,2811"
,,,"32,51","0,3881454","162,3313",,,,,,,,,,"32,51","0,3999074","162,3313","32,51","0,3566742","162,3313",,,,"32,51","0,4000664","162,3313","32,51","0,3741582","162,3313"
,,,"32,52","0,3857613","162,3814",,,,,,,,,,"32,52","0,3964106","162,3814","32,52","0,3582636","162,3814",,,,"32,52","0,3972054","162,3814","32,52","0,3738403","162,3813"
,,,"32,53","0,3840128","162,4313",,,,,,,,,,"32,53","0,3945033","162,4315","32,53","0,36033","162,4313",,,,"32,53","0,398318","162,4313","32,53","0,3744761","162,4313"
,,,"32,54","0,3848076","162,4814",,,,,,,,,,"32,54","0,3967285","162,4813","32,54","0,3609657","162,481",,,,"32,54","0,4019737","162,481","32,54","0,3768603","162,481"
,,,"32,55","0,3868739","162,5313",,,,,,,,,,"32,55","0,4007021","162,5314","32,55","0,3606478","162,5311",,,,"32,55","0,4014969","162,5313","32,55","0,3794034","162,5313"
,,,"32,56","0,3887812","162,5814",,,,,,,,,,"32,56","0,4024506","162,5815","32,56","0,3606478","162,5813",,,,"32,56","0,3980001","162,5813","32,56","0,380834","162,5813"
,,,"32,57","0,3900528","162,6314",,,,,,,,,,"32,57","0,4014969","162,6314","32,57","0,3617605","162,6313",,,,"32,57","0,3991127","162,6313","32,57","0,3816287","162,6313"
,,,"32,58","0,3919601","162,6815",,,,,,,,,,"32,58","0,4000664","162,6813","32,58","0,3611247","162,6811",,,,"32,58","0,4014969","162,6811","32,58","0,3829002","162,6811"
,,,"32,59","0,3951391","162,7313",,,,,,,,,,"32,59","0,4016558","162,7313","32,59","0,3579458","162,7311",,,,"32,59","0,3999074","162,7311","32,59","0,3829002","162,7311"
,,,"32,6","0,3984769","162,7814",,,,,,,,,,"32,6","0,40404","162,7814","32,6","0,3550847","162,7813",,,,"32,6","0,3975233","162,7813","32,6","0,3805161","162,7813"
,,,"32,61","0,4016558","162,8314",,,,,,,,,,"32,61","0,4051526","162,8314","32,61","0,3538132","162,8311",,,,"32,61","0,3967285","162,8311","32,61","0,3794034","162,8313"
,,,"32,62","0,4043579","162,8814",,,,,,,,,,"32,62","0,4064242","162,8813","32,62","0,3531774","162,8811",,,,"32,62","0,3951391","162,8811","32,62","0,380834","162,8811"
,,,"32,63","0,4064242","162,9314",,,,,,,,,,"32,63","0,4091263","162,9314","32,63","0,3538132","162,9311",,,,"32,63","0,3927549","162,9311","32,63","0,3821055","162,9313"
,,,"32,64","0,4088084","162,9815",,,,,,,,,,"32,64","0,4091263","162,9814","32,64","0,3547668","162,9811",,,,"32,64","0,392437","162,9811","32,64","0,3824234","162,9811"
,,,"32,65","0,4107157","163,0315",,,,,,,,,,"32,65","0,4064242","163,0314","32,65","0,3547668","163,0311",,,,"32,65","0,3935496","163,0313","32,65","0,3832181","163,0311"
,,,"32,66","0,4118284","163,0814",,,,,,,,,,"32,66","0,4043579","163,0813","32,66","0,3539721","163,081",,,,"32,66","0,3935496","163,081","32,66","0,3844897","163,081"
,,,"32,67","0,4126231","163,1314",,,,,,,,,,"32,67","0,4051526","163,1314","32,67","0,3550847","163,1313",,,,"32,67","0,3927549","163,1311","32,67","0,3856023","163,1311"
,,,"32,68","0,4138947","163,1814",,,,,,,,,,"32,68","0,4075368","163,1814","32,68","0,3569921","163,1813",,,,"32,68","0,3927549","163,1813","32,68","0,3852844","163,1811"
,,,"32,69","0,4151662","163,2314",,,,,,,,,,"32,69","0,4102389","163,2313","32,69","0,3582636","163,2311",,,,"32,69","0,3964106","163,2311","32,69","0,3852844","163,2311"
,,,"32,7","0,4159609","163,2814",,,,,,,,,,"32,7","0,4103979","163,2813","32,7","0,3595352","163,2811",,,,"32,7","0,4038811","163,2811","32,7","0,386397","163,2811"
,,,"32,71","0,4165967","163,3313",,,,,,,,,,"32,71","0,4078547","163,3314","32,71","0,3595352","163,3311",,,,"32,71","0,4075368","163,3313","32,71","0,3879865","163,3311"
,,,"32,72","0,4167557","163,3813",,,,,,,,,,"32,72","0,4043579","163,3815","32,72","0,3582636","163,3813",,,,"32,72","0,4051526","163,3813","32,72","0,3889402","163,3813"
,,,"32,73","0,4162788","163,4314",,,,,,,,,,"32,73","0,4035632","163,4314","32,73","0,3569921","163,4313",,,,"32,73","0,4048347","163,4313","32,73","0,3889402","163,4311"
,,,"32,74","0,4146894","163,4813",,,,,,,,,,"32,74","0,4051526","163,4813","32,74","0,3561974","163,4811",,,,"32,74","0,4075368","163,4811","32,74","0,3879865","163,4811"
,,,"32,75","0,412782","163,5313",,,,,,,,,,"32,75","0,4059474","163,5313","32,75","0,3561974","163,5313",,,,"32,75","0,4064242","163,5313","32,75","0,386556","163,5313"
,,,"32,76","0,4110336","163,5814",,,,,,,,,,"32,76","0,4046758","163,5814","32,76","0,3561974","163,5813",,,,"32,76","0,4051526","163,5811","32,76","0,3849665","163,5811"
,,,"32,77","0,4094442","163,6313",,,,,,,,,,"32,77","0,40404","163,6313","32,77","0,3561974","163,6313",,,,"32,77","0,4096031","163,6313","32,77","0,3833771","163,6313"
,,,"32,78","0,40706","163,6813",,,,,,,,,,"32,78","0,4043579","163,6813","32,78","0,3566742","163,6813",,,,"32,78","0,4146894","163,6813","32,78","0,3833771","163,6813"
,,,"32,79","0,4024506","163,7311",,,,,,,,,,"32,79","0,4024506","163,7313","32,79","0,3566742","163,7313",,,,"32,79","0,4162788","163,7313","32,79","0,3841718","163,7313"
,,,"32,8","0,3980001","163,7814",,,,,,,,,,"32,8","0,401179","163,7814","32,8","0,3555616","163,7813",,,,"32,8","0,4178683","163,7814","32,8","0,3829002","163,7813"
,,,"32,81","0,3956159","163,8314",,,,,,,,,,"32,81","0,4016558","163,8314","32,81","0,35429","163,8313",,,,"32,81","0,4189809","163,8313","32,81","0,3800392","163,8313"
,,,"32,82","0,3959338","163,8813",,,,,,,,,,"32,82","0,4014969","163,8811","32,82","0,3527006","163,8813",,,,"32,82","0,4178683","163,8813","32,82","0,3784498","163,8813"
,,,"32,83","0,3959338","163,9313",,,,,,,,,,"32,83","0,3995895","163,9313","32,83","0,3511111","163,9313",,,,"32,83","0,4194578","163,9314","32,83","0,3786087","163,9314"
,,,"32,84","0,3948212","163,9813",,,,,,,,,,"32,84","0,3968875","163,9813","32,84","0,3503164","163,9813",,,,"32,84","0,424544","163,9813","32,84","0,3789266","163,9813"
,,,"32,85","0,3937086","164,0313",,,,,,,,,,"32,85","0,3943443","164,0313","32,85","0,3492037","164,0314",,,,"32,85","0,4262924","164,0314","32,85","0,377814","164,0314"
,,,"32,86","0,3940264","164,0813",,,,,,,,,,"32,86","0,3919601","164,0811","32,86","0,3452301","164,0813",,,,"32,86","0,424703","164,0813","32,86","0,3757477","164,0813"
,,,"32,87","0,395298","164,1311",,,,,,,,,,"32,87","0,3913244","164,1313","32,87","0,3395081","164,1314",,,,"32,87","0,4253387","164,1314","32,87","0,3730456","164,1314"
,,,"32,88","0,3972054","164,1814",,,,,,,,,,"32,88","0,3921191","164,1813","32,88","0,3355344","164,1814",,,,"32,88","0,4269282","164,1814","32,88","0,3712972","164,1813"
,,,"32,89","0,398318","164,2313",,,,,,,,,,"32,89","0,3913244","164,2313","32,89","0,3336271","164,2314",,,,"32,89","0,4262924","164,2314","32,89","0,3697077","164,2313"
,,,"32,9","0,3980001","164,2814",,,,,,,,,,"32,9","0,389576","164,2813","32,9","0,3333092","164,2813",,,,"32,9","0,4253387","164,2813","32,9","0,3682772","164,2813"
,,,"32,91","0,3964106","164,3313",,,,,,,,,,"32,91","0,3871918","164,3313","32,91","0,3348986","164,3314",,,,"32,91","0,424544","164,3314","32,91","0,3665288","164,3315"
,,,"32,92","0,3960927","164,3815",,,,,,,,,,"32,92","0,3848076","164,3813","32,92","0,3372828","164,3814",,,,"32,92","0,4202525","164,3814","32,92","0,3662109","164,3814"
,,,"32,93","0,3968875","164,4314",,,,,,,,,,"32,93","0,3840128","164,4314","32,93","0,3388723","164,4314",,,,"32,93","0,4146894","164,4313","32,93","0,365893","164,4314"
,,,"32,94","0,3972054","164,4813",,,,,,,,,,"32,94","0,3852844","164,4813","32,94","0,339667","164,4811",,,,"32,94","0,4126231","164,4811","32,94","0,3643036","164,4811"
,,,"32,95","0,3976822","164,5313",,,,,,,,,,"32,95","0,3871918","164,5314","32,95","0,3407796","164,5313",,,,"32,95","0,4096031","164,5313","32,95","0,363032","164,5313"
,,,"32,96","0,3995895","164,5814",,,,,,,,,,"32,96","0,3860792","164,5814","32,96","0,342687","164,5814",,,,"32,96","0,40404","164,5813","32,96","0,3649394","164,5814"
,,,"32,97","0,4027685","164,6313",,,,,,,,,,"32,97","0,3821055","164,6311","32,97","0,3450712","164,6313",,,,"32,97","0,4024506","164,6313","32,97","0,3685951","164,6313"
,,,"32,98","0,4048347","164,6814",,,,,,,,,,"32,98","0,3784498","164,6811","32,98","0,3479322","164,6813",,,,"32,98","0,4048347","164,6813","32,98","0,371774","164,6813"
,,,"32,99","0,4059474","164,7311",,,,,,,,,,"32,99","0,3781319","164,7313","32,99","0,3511111","164,7313",,,,"32,99","0,4035632","164,7313","32,99","0,3728867","164,7313"
,,,"33","0,4078547","164,7814",,,,,,,,,,"33","0,3805161","164,7815","33","0,3550847","164,7814",,,,"33","0,3987948","164,7814","33","0,3746351","164,7814"
,,,"33,01","0,4094442","164,8314",,,,,,,,,,"33,01","0,3829002","164,8313","33,01","0,3609657","164,8313",,,,"33,01","0,3951391","164,8313","33,01","0,3792445","164,8313"
,,,"33,02","0,4096031","164,8813",,,,,,,,,,"33,02","0,3848076","164,8813","33,02","0,3674825","164,8811",,,,"33,02","0,392437","164,8813","33,02","0,3840128","164,8811"
,,,"33,03","0,4094442","164,9311",,,,,,,,,,"33,03","0,3871918","164,9314","33,03","0,3725688","164,9313",,,,"33,03","0,3889402","164,9311","33,03","0,3856023","164,9313"
,,,"33,04","0,4103979","164,9813",,,,,,,,,,"33,04","0,3900528","164,9814","33,04","0,3762245","164,9811",,,,"33,04","0,3856023","164,9811","33,04","0,3852844","164,9811"
,,,"33,05","0,4118284","165,0314",,,,,,,,,,"33,05","0,3927549","165,0314","33,05","0,3792445","165,0313",,,,"33,05","0,3817876","165,0313","33,05","0,3860792","165,0313"
,,,"33,06","0,4119873","165,0813",,,,,,,,,,"33,06","0,3943443","165,0814","33,06","0,380834","165,081",,,,"33,06","0,3765424","165,081","33,06","0,3884633","165,081"
,,,"33,07","0,4115105","165,1311",,,,,,,,,,"33,07","0,3943443","165,1314","33,07","0,3824234","165,1313",,,,"33,07","0,3722509","165,1311","33,07","0,3905296","165,1311"
,,,"33,08","0,4107157","165,1814",,,,,,,,,,"33,08","0,3937086","165,1815","33,08","0,3848076","165,1811",,,,"33,08","0,371774","165,1813","33,08","0,392437","165,1813"
,,,"33,09","0,4091263","165,2313",,,,,,,,,,"33,09","0,3940264","165,2314","33,09","0,3873507","165,2311",,,,"33,09","0,3736814","165,2311","33,09","0,3929138","165,2311"
,,,"33,1","0,4075368","165,2813",,,,,,,,,,"33,1","0,395298","165,2814","33,1","0,389576","165,2811",,,,"33,1","0,3760656","165,2811","33,1","0,3919601","165,2811"
,,,"33,11","0,4062653","165,3313",,,,,,,,,,"33,11","0,3951391","165,3314","33,11","0,3911654","165,3311",,,,"33,11","0,3784498","165,3311","33,11","0,3889402","165,3311"
,,,"33,12","0,4048347","165,3814",,,,,,,,,,"33,12","0,3937086","165,3814","33,12","0,3919601","165,3813",,,,"33,12","0,380834","165,3813","33,12","0,3868739","165,3813"
,,,"33,13","0,40404","165,4313",,,,,,,,,,"33,13","0,3921191","165,4315","33,13","0,3919601","165,4311",,,,"33,13","0,3841718","165,4311","33,13","0,3860792","165,4313"
,,,"33,14","0,4038811","165,4813",,,,,,,,,,"33,14","0,3919601","165,4814","33,14","0,3908475","165,481",,,,"33,14","0,3876686","165,4811","33,14","0,3856023","165,481"
,,,"33,15","0,4035632","165,5313",,,,,,,,,,"33,15","0,3921191","165,5314","33,15","0,389576","165,5314",,,,"33,15","0,3897349","165,5313","33,15","0,3841718","165,5313"
,,,"33,16","0,4019737","165,5814",,,,,,,,,,"33,16","0,3929138","165,5815","33,16","0,3876686","165,5813",,,,"33,16","0,392437","165,5811","33,16","0,3817876","165,5813"
,,,"33,17","0,4000664","165,6313",,,,,,,,,,"33,17","0,3940264","165,6314","33,17","0,3860792","165,6313",,,,"33,17","0,398318","165,6311","33,17","0,3794034","165,6313"
,,,"33,18","0,3984769","165,6813",,,,,,,,,,"33,18","0,3937086","165,6814","33,18","0,3852844","165,6811",,,,"33,18","0,4048347","165,6811","33,18","0,3794034","165,6811"
,,,"33,19","0,3984769","165,7311",,,,,,,,,,"33,19","0,3932317","165,7313","33,19","0,3833771","165,7313",,,,"33,19","0,4088084","165,7313","33,19","0,3816287","165,7313"
,,,"33,2","0,4003843","165,7813",,,,,,,,,,"33,2","0,3943443","165,7815","33,2","0,3789266","165,7813",,,,"33,2","0,4111926","165,7814","33,2","0,3832181","165,7814"
,,,"33,21","0,4024506","165,8314",,,,,,,,,,"33,21","0,3951391","165,8315","33,21","0,3752708","165,8313",,,,"33,21","0,4123052","165,8313","33,21","0,3824234","165,8313"
,,,"33,22","0,4035632","165,8813",,,,,,,,,,"33,22","0,3929138","165,8814","33,22","0,3757477","165,8813",,,,"33,22","0,4110336","165,8813","33,22","0,380834","165,8813"
,,,"33,23","0,4038811","165,9313",,,,,,,,,,"33,23","0,3900528","165,9314","33,23","0,3773371","165,9313",,,,"33,23","0,4103979","165,9314","33,23","0,3797213","165,9313"
,,,"33,24","0,4032453","165,9813",,,,,,,,,,"33,24","0,3879865","165,9814","33,24","0,3762245","165,9813",,,,"33,24","0,4130999","165,9814","33,24","0,3792445","165,9813"
,,,"33,25","0,4027685","166,0313",,,,,,,,,,"33,25","0,3860792","166,0314","33,25","0,3738403","166,0313",,,,"33,25","0,4159609","166,0314","33,25","0,3792445","166,0314"
,,,"33,26","0,4022916","166,0813",,,,,,,,,,"33,26","0,3852844","166,0813","33,26","0,3712972","166,0811",,,,"33,26","0,4162788","166,0813","33,26","0,3800392","166,0813"
,,,"33,27","0,4016558","166,1311",,,,,,,,,,"33,27","0,3881454","166,1313","33,27","0,3698667","166,1314",,,,"33,27","0,4154841","166,1314","33,27","0,3824234","166,1314"
,,,"33,28","0,4000664","166,1814",,,,,,,,,,"33,28","0,392437","166,1814","33,28","0,3693899","166,1813",,,,"33,28","0,4143715","166,1813","33,28","0,3856023","166,1813"
,,,"33,29","0,3987948","166,2313",,,,,,,,,,"33,29","0,3948212","166,2313","33,29","0,3693899","166,2313",,,,"33,29","0,4119873","166,2313","33,29","0,3884633","166,2313"
,,,"33,3","0,3987948","166,2813",,,,,,,,,,"33,3","0,3943443","166,2813","33,3","0,3685951","166,2811",,,,"33,3","0,409921","166,2813","33,3","0,3889402","166,2811"
,,,"33,31","0,3987948","166,3313",,,,,,,,,,"33,31","0,3940264","166,3311","33,31","0,3685951","166,3313",,,,"33,31","0,4088084","166,3313","33,31","0,3876686","166,3313"
,,,"33,32","0,3984769","166,3813",,,,,,,,,,"33,32","0,3956159","166,3813","33,32","0,3701846","166,3813",,,,"33,32","0,40706","166,3814","33,32","0,3873507","166,3813"
,,,"33,33","0,4000664","166,4313",,,,,,,,,,"33,33","0,3984769","166,4313","33,33","0,3728867","166,4313",,,,"33,33","0,4032453","166,4313","33,33","0,389576","166,4313"
,,,"33,34","0,4027685","166,4813",,,,,,,,,,"33,34","0,4014969","166,4811","33,34","0,3749529","166,481",,,,"33,34","0,3991127","166,4811","33,34","0,3921191","166,481"
,,,"33,35","0,4043579","166,5313",,,,,,,,,,"33,35","0,40404","166,5313","33,35","0,3746351","166,5313",,,,"33,35","0,3948212","166,5311","33,35","0,3940264","166,5311"
,,,"33,36","0,4059474","166,5813",,,,,,,,,,"33,36","0,4046758","166,5814","33,36","0,3730456","166,5813",,,,"33,36","0,3897349","166,5813","33,36","0,395298","166,5813"
,,,"33,37","0,4083315","166,6313",,,,,,,,,,"33,37","0,4019737","166,6313","33,37","0,3733635","166,6313",,,,"33,37","0,3871918","166,6311","33,37","0,395298","166,6311"
,,,"33,38","0,4096031","166,6813",,,,,,,,,,"33,38","0,3987948","166,6813","33,38","0,3762245","166,6811",,,,"33,38","0,3879865","166,681","33,38","0,3937086","166,681"
,,,"33,39","0,4096031","166,7311",,,,,,,,,,"33,39","0,3964106","166,7313","33,39","0,3794034","166,7313",,,,"33,39","0,3892581","166,7311","33,39","0,3919601","166,7311"
,,,"33,4","0,4115105","166,7813",,,,,,,,,,"33,4","0,3943443","166,7814","33,4","0,3809929","166,7813",,,,"33,4","0,3908475","166,7811","33,4","0,3908475","166,7813"
,,,"33,41","0,4142126","166,8313",,,,,,,,,,"33,41","0,3927549","166,8313","33,41","0,3794034","166,8311",,,,"33,41","0,3932317","166,8311","33,41","0,3889402","166,8311"
,,,"33,42","0,4154841","166,8813",,,,,,,,,,"33,42","0,3929138","166,8814","33,42","0,3754298","166,8811",,,,"33,42","0,3945033","166,8811","33,42","0,386397","166,8811"
,,,"33,43","0,415802","166,9313",,,,,,,,,,"33,43","0,3937086","166,9314","33,43","0,3709793","166,9311",,,,"33,43","0,3951391","166,9311","33,43","0,3829002","166,9311"
,,,"33,44","0,4162788","166,9814",,,,,,,,,,"33,44","0,3929138","166,9814","33,44","0,3681183","166,9811",,,,"33,44","0,3975233","166,9811","33,44","0,3789266","166,9811"
,,,"33,45","0,4162788","167,0314",,,,,,,,,,"33,45","0,3916422","167,0315","33,45","0,3657341","167,0313",,,,"33,45","0,4014969","167,0314","33,45","0,3754298","167,0313"
,,,"33,46","0,4165967","167,0814",,,,,,,,,,"33,46","0,3919601","167,0814","33,46","0,3625552","167,0811",,,,"33,46","0,4048347","167,0811","33,46","0,3741582","167,0811"
,,,"33,47","0,4197756","167,1313",,,,,,,,,,"33,47","0,3935496","167,1313","33,47","0,3574689","167,1311",,,,"33,47","0,4083315","167,1313","33,47","0,3736814","167,1311"
,,,"33,48","0,4239082","167,1814",,,,,,,,,,"33,48","0,395298","167,1815","33,48","0,3527006","167,1813",,,,"33,48","0,4107157","167,1813","33,48","0,3736814","167,1813"
,,,"33,49","0,4253387","167,2314",,,,,,,,,,"33,49","0,3967285","167,2314","33,49","0,3498395","167,2313",,,,"33,49","0,4123052","167,2311","33,49","0,3738403","167,2311"
,,,"33,5","0,4250208","167,2814",,,,,,,,,,"33,5","0,3980001","167,2814","33,5","0,3492037","167,2813",,,,"33,5","0,4159609","167,2813","33,5","0,3736814","167,2813"
,,,"33,51","0,4250208","167,3313",,,,,,,,,,"33,51","0,3995895","167,3313","33,51","0,3495216","167,3313",,,,"33,51","0,4218419","167,3313","33,51","0,3733635","167,3313"
,,,"33,52","0,4242261","167,3815",,,,,,,,,,"33,52","0,3999074","167,3814","33,52","0,3495216","167,3813",,,,"33,52","0,4258156","167,3813","33,52","0,3736814","167,3813"
,,,"33,53","0,4226367","167,4314",,,,,,,,,,"33,53","0,3980001","167,4314","33,53","0,3498395","167,4313",,,,"33,53","0,4277229","167,4314","33,53","0,3749529","167,4311"
,,,"33,54","0,4218419","167,4814",,,,,,,,,,"33,54","0,3960927","167,4813","33,54","0,3519058","167,4811",,,,"33,54","0,4294713","167,4811","33,54","0,377655","167,4811"
,,,"33,55","0,4218419","167,5314",,,,,,,,,,"33,55","0,3976822","167,5314","33,55","0,3547668","167,5314",,,,"33,55","0,4316966","167,5313","33,55","0,3805161","167,5313"
,,,"33,56","0,4202525","167,5815",,,,,,,,,,"33,56","0,401179","167,5815","33,56","0,3554026","167,5813",,,,"33,56","0,4324913","167,5813","33,56","0,3824234","167,5813"
,,,"33,57","0,4189809","167,6314",,,,,,,,,,"33,57","0,4024506","167,6314","33,57","0,3546079","167,6313",,,,"33,57","0,4321734","167,6313","33,57","0,3824234","167,6313"
,,,"33,58","0,418663","167,6815",,,,,,,,,,"33,58","0,3992716","167,6813","33,58","0,35429","167,6811",,,,"33,58","0,4326502","167,6813","33,58","0,3813108","167,6813"
,,,"33,59","0,4178683","167,7313",,,,,,,,,,"33,59","0,3956159","167,7311","33,59","0,3546079","167,7311",,,,"33,59","0,4337629","167,7313","33,59","0,3809929","167,7313"
,,,"33,6","0,4165967","167,7814",,,,,,,,,,"33,6","0,3948212","167,7815","33,6","0,3539721","167,7813",,,,"33,6","0,433445","167,7813","33,6","0,3817876","167,7814"
,,,"33,61","0,4173914","167,8314",,,,,,,,,,"33,61","0,3964106","167,8314","33,61","0,3530184","167,8313",,,,"33,61","0,4316966","167,8313","33,61","0,3840128","167,8313"
,,,"33,62","0,4189809","167,8814",,,,,,,,,,"33,62","0,3991127","167,8813","33,62","0,3538132","167,8813",,,,"33,62","0,4278819","167,8813","33,62","0,386397","167,8811"
,,,"33,63","0,4178683","167,9313",,,,,,,,,,"33,63","0,4022916","167,9313","33,63","0,3579458","167,9314",,,,"33,63","0,4237493","167,9313","33,63","0,3889402","167,9313"
,,,"33,64","0,4151662","167,9813",,,,,,,,,,"33,64","0,4035632","167,9813","33,64","0,3633499","167,9813",,,,"33,64","0,4207293","167,9813","33,64","0,3911654","167,9813"
,,,"33,65","0,4134178","168,0314",,,,,,,,,,"33,65","0,4032453","168,0313","33,65","0,3673235","168,0314",,,,"33,65","0,4197756","168,0313","33,65","0,3927549","168,0314"
,,,"33,66","0,4111926","168,0813",,,,,,,,,,"33,66","0,4043579","168,0811","33,66","0,3697077","168,0811",,,,"33,66","0,4191399","168,0811","33,66","0,3940264","168,0813"
,,,"33,67","0,4094442","168,1313",,,,,,,,,,"33,67","0,4075368","168,1311","33,67","0,3712972","168,1313",,,,"33,67","0,4178683","168,1314","33,67","0,3945033","168,1314"
,,,"33,68","0,409921","168,1814",,,,,,,,,,"33,68","0,4091263","168,1813","33,68","0,3722509","168,1813",,,,"33,68","0,4159609","168,1813","33,68","0,3956159","168,1813"
,,,"33,69","0,4111926","168,2313",,,,,,,,,,"33,69","0,4086494","168,2313","33,69","0,3730456","168,2313",,,,"33,69","0,412782","168,2313","33,69","0,3967285","168,2313"
,,,"33,7","0,4119873","168,2813",,,,,,,,,,"33,7","0,4078547","168,2814","33,7","0,3738403","168,2811",,,,"33,7","0,4091263","168,2813","33,7","0,3975233","168,2811"
,,,"33,71","0,4119873","168,3311",,,,,,,,,,"33,71","0,4067421","168,3313","33,71","0,3733635","168,3313",,,,"33,71","0,4064242","168,3311","33,71","0,3967285","168,3313"
,,,"33,72","0,412782","168,3813",,,,,,,,,,"33,72","0,4051526","168,3813","33,72","0,3722509","168,3814",,,,"33,72","0,4059474","168,3813","33,72","0,3960927","168,3813"
,,,"33,73","0,4138947","168,4313",,,,,,,,,,"33,73","0,4046758","168,4313","33,73","0,3712972","168,4313",,,,"33,73","0,4056295","168,4313","33,73","0,3967285","168,4313"
,,,"33,74","0,4150073","168,4811",,,,,,,,,,"33,74","0,4072189","168,4813","33,74","0,371774","168,481",,,,"33,74","0,40404","168,481","33,74","0,3967285","168,4811"
,,,"33,75","0,4162788","168,5311",,,,,,,,,,"33,75","0,4094442","168,5314","33,75","0,3728867","168,5313",,,,"33,75","0,4032453","168,5313","33,75","0,3951391","168,5311"
,,,"33,76","0,4170736","168,5813",,,,,,,,,,"33,76","0,4083315","168,5814","33,76","0,3730456","168,5813",,,,"33,76","0,4035632","168,5813","33,76","0,392437","168,5813"
,,,"33,77","0,4170736","168,6311",,,,,,,,,,"33,77","0,4067421","168,6314","33,77","0,3728867","168,6313",,,,"33,77","0,4030863","168,6313","33,77","0,3903707","168,6313"
,,,"33,78","0,4175504","168,6813",,,,,,,,,,"33,78","0,4067421","168,6814","33,78","0,3738403","168,6811",,,,"33,78","0,4022916","168,6811","33,78","0,3900528","168,6813"
,,,"33,79","0,4183451","168,7311",,,,,,,,,,"33,79","0,4062653","168,7314","33,79","0,3752708","168,7311",,,,"33,79","0,4024506","168,7311","33,79","0,3916422","168,7311"
,,,"33,8","0,4181862","168,7814",,,,,,,,,,"33,8","0,4054705","168,7815","33,8","0,3752708","168,7813",,,,"33,8","0,4035632","168,7813","33,8","0,3929138","168,7813"
,,,"33,81","0,4183451","168,8314",,,,,,,,,,"33,81","0,4059474","168,8314","33,81","0,3736814","168,8313",,,,"33,81","0,4043579","168,8311","33,81","0,3900528","168,8311"
,,,"33,82","0,4199346","168,8813",,,,,,,,,,"33,82","0,4064242","168,8814","33,82","0,3722509","168,8811",,,,"33,82","0,4054705","168,8811","33,82","0,3841718","168,8811"
,,,"33,83","0,421524","168,9313",,,,,,,,,,"33,83","0,4051526","168,9314","33,83","0,3733635","168,9313",,,,"33,83","0,4064242","168,9313","33,83","0,3801982","168,9313"
,,,"33,84","0,4223188","168,9813",,,,,,,,,,"33,84","0,4035632","168,9814","33,84","0,3754298","168,9811",,,,"33,84","0,4067421","168,9813","33,84","0,3789266","168,9811"
,,,"33,85","0,421524","169,0315",,,,,,,,,,"33,85","0,4027685","169,0314","33,85","0,3765424","169,0313",,,,"33,85","0,4080137","169,0313","33,85","0,3789266","169,0313"
,,,"33,86","0,4197756","169,0814",,,,,,,,,,"33,86","0,4027685","169,0813","33,86","0,3760656","169,0811",,,,"33,86","0,4110336","169,0811","33,86","0,3770193","169,0811"
,,,"33,87","0,4194578","169,1313",,,,,,,,,,"33,87","0,40404","169,1313","33,87","0,3741582","169,1313",,,,"33,87","0,4130999","169,1313","33,87","0,3730456","169,1314"
,,,"33,88","0,4210472","169,1814",,,,,,,,,,"33,88","0,4062653","169,1814","33,88","0,3714561","169,1814",,,,"33,88","0,4135768","169,1813","33,88","0,369072","169,1813"
,,,"33,89","0,4223188","169,2314",,,,,,,,,,"33,89","0,4064242","169,2314","33,89","0,368913","169,2313",,,,"33,89","0,4146894","169,2313","33,89","0,3681183","169,2311"
,,,"33,9","0,4231135","169,2814",,,,,,,,,,"33,9","0,4067421","169,2814","33,9","0,3665288","169,2811",,,,"33,9","0,4183451","169,2813","33,9","0,3705025","169,2814"
,,,"33,91","0,4226367","169,3313",,,,,,,,,,"33,91","0,4088084","169,3314","33,91","0,3638268","169,3313",,,,"33,91","0,4226367","169,3314","33,91","0,3720919","169,3314"
,,,"33,92","0,4207293","169,3814",,,,,,,,,,"33,92","0,4096031","169,3814","33,92","0,3611247","169,3814",,,,"33,92","0,4266103","169,3814","33,92","0,371774","169,3814"
,,,"33,93","0,4178683","169,4315",,,,,,,,,,"33,93","0,4080137","169,4315","33,93","0,3585815","169,4314",,,,"33,93","0,4294713","169,4314","33,93","0,3706614","169,4314"
,,,"33,94","0,4167557","169,4813",,,,,,,,,,"33,94","0,4072189","169,4813","33,94","0,3579458","169,4813",,,,"33,94","0,4318555","169,4813","33,94","0,369072","169,4813"
,,,"33,95","0,4165967","169,5313",,,,,,,,,,"33,95","0,4088084","169,5313","33,95","0,3577868","169,5314",,,,"33,95","0,4337629","169,5314","33,95","0,3673235","169,5314"
,,,"33,96","0,4151662","169,5814",,,,,,,,,,"33,96","0,4086494","169,5814","33,96","0,3547668","169,5813",,,,"33,96","0,4340807","169,5813","33,96","0,3662109","169,5813"
,,,"33,97","0,4138947","169,6313",,,,,,,,,,"33,97","0,40706","169,6314","33,97","0,3503164","169,6314",,,,"33,97","0,4324913","169,6313","33,97","0,3666878","169,6314"
,,,"33,98","0,4143715","169,6814",,,,,,,,,,"33,98","0,4059474","169,6813","33,98","0,3466606","169,6811",,,,"33,98","0,4321734","169,6811","33,98","0,3681183","169,6811"
,,,"33,99","0,4150073","169,7313",,,,,,,,,,"33,99","0,4035632","169,7313","33,99","0,3436407","169,7313",,,,"33,99","0,4356702","169,7313","33,99","0,3693899","169,7314"
,,,"34","0,4150073","169,7814",,,,,,,,,,"34","0,3992716","169,7814","34","0,3407796","169,7813",,,,"34","0,4404386","169,7813","34","0,3725688","169,7814"
,,,"34,01","0,4170736","169,8313",,,,,,,,,,"34,01","0,3968875","169,8314","34,01","0,3380775","169,8313",,,,"34,01","0,4428228","169,8313","34,01","0,3762245","169,8313"
,,,"34,02","0,4202525","169,8811",,,,,,,,,,"34,02","0,3967285","169,8813","34,02","0,3363291","169,8813",,,,"34,02","0,4428228","169,8811","34,02","0,3781319","169,8811"
,,,"34,03","0,4213651","169,9313",,,,,,,,,,"34,03","0,3956159","169,9313","34,03","0,3364881","169,9313",,,,"34,03","0,4428228","169,9313","34,03","0,3792445","169,9313"
,,,"34,04","0,4202525","169,9813",,,,,,,,,,"34,04","0,3940264","169,9813","34,04","0,3399849","169,9813",,,,"34,04","0,4448891","169,9813","34,04","0,3813108","169,9811"
,,,"34,05","0,4191399","170,0313",,,,,,,,,,"34,05","0,3943443","170,0314","34,05","0,3444354","170,0313",,,,"34,05","0,448068","170,0313","34,05","0,3844897","170,0313"
,,,"34,06","0,4178683","170,0811",,,,,,,,,,"34,06","0,3937086","170,0813","34,06","0,3474554","170,0811",,,,"34,06","0,4488627","170,0811","34,06","0,3860792","170,0811"
,,,"34,07","0,4162788","170,1311",,,,,,,,,,"34,07","0,389576","170,1313","34,07","0,3474554","170,1313",,,,"34,07","0,4469554","170,1314","34,07","0,3848076","170,1314"
,,,"34,08","0,4165967","170,1813",,,,,,,,,,"34,08","0,3856023","170,1813","34,08","0,3471375","170,1813",,,,"34,08","0,4456838","170,1813","34,08","0,3821055","170,1813"
,,,"34,09","0,4181862","170,2311",,,,,,,,,,"34,09","0,3856023","170,2314","34,09","0,3482501","170,2313",,,,"34,09","0,4460017","170,2313","34,09","0,3813108","170,2313"
,,,"34,1","0,4194578","170,2813",,,,,,,,,,"34,1","0,3860792","170,2813","34,1","0,3492037","170,2811",,,,"34,1","0,4461606","170,2811","34,1","0,3829002","170,2811"
,,,"34,11","0,4205704","170,3313",,,,,,,,,,"34,11","0,3841718","170,3313","34,11","0,3498395","170,3311",,,,"34,11","0,4460017","170,3311","34,11","0,3844897","170,3311"
,,,"34,12","0,4234314","170,3814",,,,,,,,,,"34,12","0,3833771","170,3814","34,12","0,351429","170,3813",,,,"34,12","0,4453659","170,3813","34,12","0,3852844","170,3813"
,,,"34,13","0,4269282","170,4313",,,,,,,,,,"34,13","0,3841718","170,4314","34,13","0,3547668","170,4313",,,,"34,13","0,4448891","170,4313","34,13","0,3868739","170,4313"
,,,"34,14","0,4285177","170,4813",,,,,,,,,,"34,14","0,3849665","170,4813","34,14","0,3590584","170,481",,,,"34,14","0,4428228","170,481","34,14","0,3892581","170,481"
,,,"34,15","0,4293124","170,5313",,,,,,,,,,"34,15","0,3884633","170,5315","34,15","0,363032","170,5311",,,,"34,15","0,4409154","170,5311","34,15","0,3911654","170,5311"
,,,"34,16","0,4297892","170,5814",,,,,,,,,,"34,16","0,3929138","170,5814","34,16","0,3666878","170,5813",,,,"34,16","0,4398028","170,5813","34,16","0,3900528","170,5813"
,,,"34,17","0,4289945","170,6313",,,,,,,,,,"34,17","0,3951391","170,6314","34,17","0,3693899","170,6313",,,,"34,17","0,4385312","170,6313","34,17","0,3873507","170,6311"
,,,"34,18","0,4262924","170,6814",,,,,,,,,,"34,18","0,3968875","170,6814","34,18","0,3701846","170,6811",,,,"34,18","0,4361471","170,6811","34,18","0,386556","170,6811"
,,,"34,19","0,424544","170,7313",,,,,,,,,,"34,19","0,4007021","170,7313","34,19","0,3698667","170,7311",,,,"34,19","0,4324913","170,7311","34,19","0,3868739","170,7311"
,,,"34,2","0,4254977","170,7814",,,,,,,,,,"34,2","0,4019737","170,7815","34,2","0,3701846","170,7813",,,,"34,2","0,4277229","170,7813","34,2","0,3852844","170,7813"
,,,"34,21","0,427405","170,8313",,,,,,,,,,"34,21","0,401179","170,8314","34,21","0,3709793","170,8313",,,,"34,21","0,4223188","170,8313","34,21","0,3817876","170,8313"
,,,"34,22","0,4293124","170,8813",,,,,,,,,,"34,22","0,4030863","170,8814","34,22","0,3720919","170,8811",,,,"34,22","0,4183451","170,8811","34,22","0,3786087","170,8811"
,,,"34,23","0,430584","170,9313",,,,,,,,,,"34,23","0,4054705","170,9314","34,23","0,3728867","170,9313",,,,"34,23","0,4151662","170,9313","34,23","0,3760656","170,9311"
,,,"34,24","0,4310608","170,9813",,,,,,,,,,"34,24","0,4038811","170,9815","34,24","0,3728867","170,9811",,,,"34,24","0,4107157","170,9813","34,24","0,3736814","170,9813"
,,,"34,25","0,430584","171,0314",,,,,,,,,,"34,25","0,4024506","171,0314","34,25","0,371774","171,0313",,,,"34,25","0,40706","171,0313","34,25","0,3730456","171,0314"
,,,"34,26","0,4294713","171,0814",,,,,,,,,,"34,26","0,4046758","171,0813","34,26","0,3709793","171,0811",,,,"34,26","0,4046758","171,0811","34,26","0,3736814","171,0811"
,,,"34,27","0,4281998","171,1313",,,,,,,,,,"34,27","0,4064242","171,1313","34,27","0,3725688","171,1314",,,,"34,27","0,4024506","171,1313","34,27","0,3733635","171,1313"
,,,"34,28","0,4254977","171,1814",,,,,,,,,,"34,28","0,4051526","171,1814","34,28","0,3733635","171,1813",,,,"34,28","0,3995895","171,1813","34,28","0,3722509","171,1813"
,,,"34,29","0,4234314","171,2313",,,,,,,,,,"34,29","0,4043579","171,2314","34,29","0,3720919","171,2311",,,,"34,29","0,398318","171,2311","34,29","0,3720919","171,2311"
,,,"34,3","0,4221598","171,2814",,,,,,,,,,"34,3","0,4043579","171,2813","34,3","0,3706614","171,2813",,,,"34,3","0,3992716","171,2813","34,3","0,3736814","171,2813"
,,,"34,31","0,4199346","171,3313",,,,,,,,,,"34,31","0,4014969","171,3314","34,31","0,3705025","171,3313",,,,"34,31","0,4014969","171,3313","34,31","0,3754298","171,3313"
,,,"34,32","0,4167557","171,3814",,,,,,,,,,"34,32","0,3980001","171,3814","34,32","0,3709793","171,3813",,,,"34,32","0,4038811","171,3813","34,32","0,3773371","171,3813"
,,,"34,33","0,4146894","171,4314",,,,,,,,,,"34,33","0,3968875","171,4314","34,33","0,3720919","171,4313",,,,"34,33","0,4064242","171,4313","34,33","0,3786087","171,4313"
,,,"34,34","0,4135768","171,4814",,,,,,,,,,"34,34","0,3945033","171,4813","34,34","0,3736814","171,4811",,,,"34,34","0,4075368","171,4811","34,34","0,3801982","171,4811"
,,,"34,35","0,4126231","171,5313",,,,,,,,,,"34,35","0,3887812","171,5313","34,35","0,3746351","171,5313",,,,"34,35","0,4075368","171,5313","34,35","0,3817876","171,5314"
,,,"34,36","0,4107157","171,5814",,,,,,,,,,"34,36","0,3824234","171,5814","34,36","0,3744761","171,5811",,,,"34,36","0,4103979","171,5811","34,36","0,3832181","171,5813"
,,,"34,37","0,4086494","171,6313",,,,,,,,,,"34,37","0,377655","171,6314","34,37","0,3746351","171,6313",,,,"34,37","0,4162788","171,6313","34,37","0,3841718","171,6314"
,,,"34,38","0,4064242","171,6814",,,,,,,,,,"34,38","0,3741582","171,6813","34,38","0,3760656","171,6813",,,,"34,38","0,4210472","171,6811","34,38","0,3852844","171,6811"
,,,"34,39","0,4059474","171,7311",,,,,,,,,,"34,39","0,3733635","171,7311","34,39","0,3752708","171,7313",,,,"34,39","0,4231135","171,7313","34,39","0,3852844","171,7313"
,,,"34,4","0,4078547","171,7814",,,,,,,,,,"34,4","0,3757477","171,7814","34,4","0,3722509","171,7813",,,,"34,4","0,424544","171,7813","34,4","0,3844897","171,7813"
,,,"34,41","0,4103979","171,8313",,,,,,,,,,"34,41","0,3786087","171,8314","34,41","0,3697077","171,8313",,,,"34,41","0,4242261","171,8313","34,41","0,3844897","171,8313"
,,,"34,42","0,4118284","171,8813",,,,,,,,,,"34,42","0,3801982","171,8813","34,42","0,3697077","171,8811",,,,"34,42","0,4229546","171,8811","34,42","0,3857613","171,8811"
,,,"34,43","0,4118284","171,9313",,,,,,,,,,"34,43","0,3813108","171,9313","34,43","0,3701846","171,9313",,,,"34,43","0,4234314","171,9313","34,43","0,3856023","171,9313"
,,,"34,44","0,4123052","171,9813",,,,,,,,,,"34,44","0,3821055","171,9813","34,44","0,3697077","171,9813",,,,"34,44","0,4262924","171,9811","34,44","0,3841718","171,9813"
,,,"34,45","0,412782","172,0313",,,,,,,,,,"34,45","0,3817876","172,0313","34,45","0,3678004","172,0313",,,,"34,45","0,4293124","172,0313","34,45","0,3840128","172,0313"
,,,"34,46","0,4126231","172,0814",,,,,,,,,,"34,46","0,3821055","172,0813","34,46","0,3649394","172,0811",,,,"34,46","0,4310608","172,0811","34,46","0,3852844","172,0811"
,,,"34,47","0,4138947","172,1311",,,,,,,,,,"34,47","0,3848076","172,1313","34,47","0,3614426","172,1313",,,,"34,47","0,4318555","172,1314","34,47","0,3871918","172,1313"
,,,"34,48","0,4181862","172,1814",,,,,,,,,,"34,48","0,3881454","172,1814","34,48","0,3585815","172,1814",,,,"34,48","0,4321734","172,1813","34,48","0,3892581","172,1814"
,,,"34,49","0,4218419","172,2313",,,,,,,,,,"34,49","0,3900528","172,2314","34,49","0,3574689","172,2313",,,,"34,49","0,4345576","172,2313","34,49","0,3887812","172,2313"
,,,"34,5","0,4242261","172,2814",,,,,,,,,,"34,5","0,3927549","172,2813","34,5","0,3587405","172,2813",,,,"34,5","0,4382133","172,2813","34,5","0,3852844","172,2813"
,,,"34,51","0,4261335","172,3313",,,,,,,,,,"34,51","0,3951391","172,3313","34,51","0,3617605","172,3314",,,,"34,51","0,4404386","172,3313","34,51","0,3813108","172,3314"
,,,"34,52","0,4277229","172,3814",,,,,,,,,,"34,52","0,395298","172,3814","34,52","0,3619194","172,3813",,,,"34,52","0,4405975","172,3814","34,52","0,377814","172,3814"
,,,"34,53","0,4289945","172,4313",,,,,,,,,,"34,53","0,3959338","172,4314","34,53","0,3582636","172,4313",,,,"34,53","0,4405975","172,4313","34,53","0,3741582","172,4313"
,,,"34,54","0,4293124","172,4813",,,,,,,,,,"34,54","0,3976822","172,4813","34,54","0,35429","172,481",,,,"34,54","0,4413923","172,481","34,54","0,3712972","172,481"
,,,"34,55","0,430584","172,5314",,,,,,,,,,"34,55","0,398318","172,5314","34,55","0,3534953","172,5311",,,,"34,55","0,4417101","172,5311","34,55","0,3698667","172,5313"
,,,"34,56","0,4340807","172,5814",,,,,,,,,,"34,56","0,3967285","172,5815","34,56","0,3554026","172,5811",,,,"34,56","0,4396439","172,5811","34,56","0,3693899","172,5813"
,,,"34,57","0,4377365","172,6313",,,,,,,,,,"34,57","0,3968875","172,6314","34,57","0,357151","172,6313",,,,"34,57","0,4369418","172,6311","34,57","0,3697077","172,6311"
,,,"34,58","0,4372597","172,6814",,,,,,,,,,"34,58","0,4003843","172,6813","34,58","0,3590584","172,6811",,,,"34,58","0,4369418","172,681","34,58","0,3712972","172,681"
,,,"34,59","0,4329681","172,7313",,,,,,,,,,"34,59","0,4024506","172,7314","34,59","0,3595352","172,7311",,,,"34,59","0,439326","172,7311","34,59","0,3722509","172,7311"
,,,"34,6","0,4297892","172,7814",,,,,,,,,,"34,6","0,401179","172,7815","34,6","0,3574689","172,7811",,,,"34,6","0,4413923","172,7811","34,6","0,3712972","172,7813"
,,,"34,61","0,4293124","172,8314",,,,,,,,,,"34,61","0,4000664","172,8314","34,61","0,3554026","172,8311",,,,"34,61","0,442028","172,8311","34,61","0,3698667","172,8311"
,,,"34,62","0,4294713","172,8814",,,,,,,,,,"34,62","0,4014969","172,8813","34,62","0,3563563","172,881",,,,"34,62","0,4428228","172,881","34,62","0,3706614","172,881"
,,,"34,63","0,4289945","172,9314",,,,,,,,,,"34,63","0,4030863","172,9314","34,63","0,3598531","172,9311",,,,"34,63","0,4437765","172,9311","34,63","0,3712972","172,9313"
,,,"34,64","0,4269282","172,9814",,,,,,,,,,"34,64","0,4035632","172,9814","34,64","0,3625552","172,9811",,,,"34,64","0,4444122","172,9811","34,64","0,3709793","172,9811"
,,,"34,65","0,424544","173,0314",,,,,,,,,,"34,65","0,4048347","173,0314","34,65","0,3641447","173,0313",,,,"34,65","0,4448891","173,0313","34,65","0,3725688","173,0313"
,,,"34,66","0,4223188","173,0814",,,,,,,,,,"34,66","0,4048347","173,0814","34,66","0,3649394","173,081",,,,"34,66","0,4453659","173,0811","34,66","0,3757477","173,0811"
,,,"34,67","0,421524","173,1313",,,,,,,,,,"34,67","0,4022916","173,1314","34,67","0,3650983","173,1313",,,,"34,67","0,4440943","173,1313","34,67","0,377814","173,1313"
,,,"34,68","0,4221598","173,1814",,,,,,,,,,"34,68","0,3999074","173,1814","34,68","0,3654162","173,1813",,,,"34,68","0,4412333","173,1813","34,68","0,3789266","173,1813"
,,,"34,69","0,4231135","173,2313",,,,,,,,,,"34,69","0,3984769","173,2313","34,69","0,3665288","173,2311",,,,"34,69","0,4388491","173,2311","34,69","0,3813108","173,2311"
,,,"34,7","0,4234314","173,2813",,,,,,,,,,"34,7","0,3956159","173,2814","34,7","0,3681183","173,2811",,,,"34,7","0,4388491","173,2813","34,7","0,3852844","173,2811"
,,,"34,71","0,4226367","173,3313",,,,,,,,,,"34,71","0,3921191","173,3314","34,71","0,3697077","173,3313",,,,"34,71","0,439326","173,3313","34,71","0,3892581","173,3313"
,,,"34,72","0,4218419","173,3814",,,,,,,,,,"34,72","0,3908475","173,3814","34,72","0,3709793","173,3811",,,,"34,72","0,4396439","173,3813","34,72","0,3940264","173,3813"
,,,"34,73","0,421524","173,4314",,,,,,,,,,"34,73","0,3905296","173,4315","34,73","0,3722509","173,4313",,,,"34,73","0,439326","173,4311","34,73","0,4000664","173,4313"
,,,"34,74","0,4213651","173,4813",,,,,,,,,,"34,74","0,3889402","173,4813","34,74","0,3722509","173,4811",,,,"34,74","0,4388491","173,481","34,74","0,4059474","173,4811"
,,,"34,75","0,4202525","173,5311",,,,,,,,,,"34,75","0,3884633","173,5314","34,75","0,3714561","173,5314",,,,"34,75","0,439326","173,5314","34,75","0,4103979","173,5313"
,,,"34,76","0,4194578","173,5814",,,,,,,,,,"34,76","0,3879865","173,5815","34,76","0,3725688","173,5813",,,,"34,76","0,4404386","173,5813","34,76","0,4143715","173,5813"
,,,"34,77","0,4189809","173,6313",,,,,,,,,,"34,77","0,3860792","173,6314","34,77","0,3757477","173,6311",,,,"34,77","0,4409154","173,6313","34,77","0,4165967","173,6313"
,,,"34,78","0,4175504","173,6814",,,,,,,,,,"34,78","0,3856023","173,6813","34,78","0,3797213","173,6811",,,,"34,78","0,4413923","173,6811","34,78","0,4159609","173,6811"
,,,"34,79","0,4154841","173,7311",,,,,,,,,,"34,79","0,3884633","173,7313","34,79","0,3832181","173,7313",,,,"34,79","0,4428228","173,7313","34,79","0,4135768","173,7313"
,,,"34,8","0,415802","173,7813",,,,,,,,,,"34,8","0,3911654","173,7814","34,8","0,3844897","173,7813",,,,"34,8","0,4440943","173,7813","34,8","0,4107157","173,7813"
,,,"34,81","0,418663","173,8314",,,,,,,,,,"34,81","0,3919601","173,8313","34,81","0,3832181","173,8313",,,,"34,81","0,4440943","173,8313","34,81","0,4054705","173,8313"
,,,"34,82","0,4218419","173,8813",,,,,,,,,,"34,82","0,3951391","173,8811","34,82","0,3816287","173,8811",,,,"34,82","0,4440943","173,8811","34,82","0,3984769","173,8811"
,,,"34,83","0,4237493","173,9313",,,,,,,,,,"34,83","0,4000664","173,9313","34,83","0,3817876","173,9313",,,,"34,83","0,445207","173,9313","34,83","0,3929138","173,9314"
,,,"34,84","0,4253387","173,9813",,,,,,,,,,"34,84","0,4016558","173,9813","34,84","0,383695","173,9813",,,,"34,84","0,4453659","173,9813","34,84","0,3876686","173,9813"
,,,"34,85","0,4261335","174,0314",,,,,,,,,,"34,85","0,4019737","174,0313","34,85","0,3856023","174,0314",,,,"34,85","0,4460017","174,0313","34,85","0,380834","174,0314"
,,,"34,86","0,4258156","174,0813",,,,,,,,,,"34,86","0,4046758","174,0813","34,86","0,386556","174,0813",,,,"34,86","0,4483859","174,0813","34,86","0,3722509","174,0813"
,,,"34,87","0,424703","174,1311",,,,,,,,,,"34,87","0,4088084","174,1313","34,87","0,3868739","174,1314",,,,"34,87","0,4504522","174,1314","34,87","0,3638268","174,1314"
,,,"34,88","0,4239082","174,1814",,,,,,,,,,"34,88","0,4134178","174,1814","34,88","0,3868739","174,1814",,,,"34,88","0,4501343","174,1813","34,88","0,357151","174,1813"
,,,"34,89","0,4242261","174,2313",,,,,,,,,,"34,89","0,4159609","174,2313","34,89","0,3868739","174,2313",,,,"34,89","0,448068","174,2313","34,89","0,3530184","174,2313"
,,,"34,9","0,4261335","174,2813",,,,,,,,,,"34,9","0,4142126","174,2813","34,9","0,386556","174,2813",,,,"34,9","0,4464785","174,2813","34,9","0,3487269","174,2811"
,,,"34,91","0,4277229","174,3311",,,,,,,,,,"34,91","0,4091263","174,3313","34,91","0,3856023","174,3314",,,,"34,91","0,4461606","174,3313","34,91","0,3415743","174,3313"
,,,"34,92","0,4254977","174,3815",,,,,,,,,,"34,92","0,4080137","174,3814","34,92","0,3852844","174,3815",,,,"34,92","0,4461606","174,3814","34,92","0,3344218","174,3814"
,,,"34,93","0,4207293","174,4314",,,,,,,,,,"34,93","0,4111926","174,4314","34,93","0,3860792","174,4313",,,,"34,93","0,4444122","174,4313","34,93","0,330925","174,4313"
,,,"34,94","0,418663","174,4813",,,,,,,,,,"34,94","0,4138947","174,4813","34,94","0,3871918","174,4811",,,,"34,94","0,4405975","174,4811","34,94","0,3299713","174,4811"
,,,"34,95","0,4194578","174,5313",,,,,,,,,,"34,95","0,4138947","174,5314","34,95","0,3871918","174,5313",,,,"34,95","0,4377365","174,5313","34,95","0,3291766","174,5314"
,,,"34,96","0,4194578","174,5814",,,,,,,,,,"34,96","0,4130999","174,5814","34,96","0,3860792","174,5813",,,,"34,96","0,4361471","174,5813","34,96","0,3288587","174,5813"
,,,"34,97","0,4181862","174,6314",,,,,,,,,,"34,97","0,4119873","174,6313","34,97","0,3857613","174,6314",,,,"34,97","0,4350344","174,6314","34,97","0,3301302","174,6313"
,,,"34,98","0,4178683","174,6814",,,,,,,,,,"34,98","0,4094442","174,6813","34,98","0,3871918","174,6813",,,,"34,98","0,4350344","174,6813","34,98","0,3325144","174,6813"
,,,"34,99","0,4181862","174,7313",,,,,,,,,,"34,99","0,4056295","174,7313","34,99","0,3889402","174,7313",,,,"34,99","0,4356702","174,7313","34,99","0,3356934","174,7313"
,,,"35","0,4183451","174,7814",,,,,,,,,,"35","0,4032453","174,7814","35","0,3903707","174,7813",,,,"35","0,4366239","174,7813","35","0,3391902","174,7813"
,,,"35,01","0,418663","174,8313",,,,,,,,,,"35,01","0,4027685","174,8313","35,01","0,3900528","174,8313",,,,"35,01","0,4380544","174,8313","35,01","0,3418922","174,8311"
,,,"35,02","0,4183451","174,8814",,,,,,,,,,"35,02","0,4051526","174,8813","35,02","0,3887812","174,8811",,,,"35,02","0,4398028","174,8811","35,02","0,3444354","174,8811"
,,,"35,03","0,418663","174,9313",,,,,,,,,,"35,03","0,4091263","174,9314","35,03","0,3871918","174,9313",,,,"35,03","0,4417101","174,9311","35,03","0,3487269","174,9313"
,,,"35,04","0,4191399","174,9814",,,,,,,,,,"35,04","0,4091263","174,9814","35,04","0,3856023","174,9813",,,,"35,04","0,4432996","174,9813","35,04","0,3554026","174,9813"
,,,"35,05","0,4197756","175,0315",,,,,,,,,,"35,05","0,4048347","175,0313","35,05","0,3833771","175,0311",,,,"35,05","0,4440943","175,0313","35,05","0,363032","175,0313"
,,,"35,06","0,4194578","175,0814",,,,,,,,,,"35,06","0,40404","175,0813","35,06","0,380834","175,0811",,,,"35,06","0,4432996","175,0811","35,06","0,3693899","175,0811"
,,,"35,07","0,418663","175,1313",,,,,,,,,,"35,07","0,4110336","175,1314","35,07","0,377814","175,1313",,,,"35,07","0,442187","175,1313","35,07","0,3725688","175,1313"
,,,"35,08","0,4189809","175,1814",,,,,,,,,,"35,08","0,4175504","175,1815","35,08","0,3741582","175,1813",,,,"35,08","0,4413923","175,1813","35,08","0,3736814","175,1813"
,,,"35,09","0,4207293","175,2313",,,,,,,,,,"35,09","0,415802","175,2314","35,09","0,3698667","175,2311",,,,"35,09","0,4409154","175,2311","35,09","0,3757477","175,2311"
,,,"35,1","0,4237493","175,2814",,,,,,,,,,"35,1","0,4072189","175,2815","35,1","0,3665288","175,2811",,,,"35,1","0,439326","175,2811","35,1","0,3800392","175,2811"
,,,"35,11","0,4253387","175,3313",,,,,,,,,,"35,11","0,3992716","175,3314","35,11","0,3646215","175,3313",,,,"35,11","0,4366239","175,3313","35,11","0,3849665","175,3313"
,,,"35,12","0,424703","175,3814",,,,,,,,,,"35,12","0,3975233","175,3815","35,12","0,3635089","175,3813",,,,"35,12","0,4337629","175,3813","35,12","0,3903707","175,3813"
,,,"35,13","0,4237493","175,4314",,,,,,,,,,"35,13","0,4024506","175,4315","35,13","0,3633499","175,4311",,,,"35,13","0,4310608","175,4313","35,13","0,3951391","175,4313"
,,,"35,14","0,4231135","175,4813",,,,,,,,,,"35,14","0,4072189","175,4813","35,14","0,3625552","175,481",,,,"35,14","0,4289945","175,4811","35,14","0,3976822","175,4811"
,,,"35,15","0,4223188","175,5311",,,,,,,,,,"35,15","0,4046758","175,5314","35,15","0,3598531","175,5314",,,,"35,15","0,4278819","175,5314","35,15","0,3976822","175,5314"
,,,"35,16","0,4218419","175,5814",,,,,,,,,,"35,16","0,3987948","175,5814","35,16","0,3574689","175,5813",,,,"35,16","0,4258156","175,5813","35,16","0,3972054","175,5813"
,,,"35,17","0,4205704","175,6314",,,,,,,,,,"35,17","0,398318","175,6314","35,17","0,3585815","175,6313",,,,"35,17","0,4221598","175,6313","35,17","0,3980001","175,6313"
,,,"35,18","0,4181862","175,6813",,,,,,,,,,"35,18","0,4043579","175,6813","35,18","0,3606478","175,6811",,,,"35,18","0,418663","175,6813","35,18","0,3976822","175,6811"
,,,"35,19","0,4146894","175,7313",,,,,,,,,,"35,19","0,4103979","175,7313","35,19","0,36033","175,7313",,,,"35,19","0,4150073","175,7314","35,19","0,3943443","175,7314"
,,,"35,2","0,4118284","175,7814",,,,,,,,,,"35,2","0,4103979","175,7815","35,2","0,3593763","175,7814",,,,"35,2","0,4103979","175,7813","35,2","0,3905296","175,7814"
,,,"35,21","0,4102389","175,8313",,,,,,,,,,"35,21","0,4038811","175,8314","35,21","0,36033","175,8314",,,,"35,21","0,4067421","175,8313","35,21","0,3887812","175,8313"
,,,"35,22","0,4096031","175,8811",,,,,,,,,,"35,22","0,3995895","175,8813","35,22","0,3638268","175,8813",,,,"35,22","0,4051526","175,8811","35,22","0,3856023","175,8813"
,,,"35,23","0,4102389","175,9311",,,,,,,,,,"35,23","0,4035632","175,9313","35,23","0,3681183","175,9313",,,,"35,23","0,40404","175,9314","35,23","0,3792445","175,9314"
,,,"35,24","0,4110336","175,9811",,,,,,,,,,"35,24","0,4078547","175,9814","35,24","0,3725688","175,9813",,,,"35,24","0,4030863","175,9813","35,24","0,3725688","175,9813"
,,,"35,25","0,4123052","176,0313",,,,,,,,,,"35,25","0,4054705","176,0314","35,25","0,3768603","176,0314",,,,"35,25","0,4032453","176,0314","35,25","0,3682772","176,0314"
,,,"35,26","0,4138947","176,0813",,,,,,,,,,"35,26","0,3995895","176,0813","35,26","0,3797213","176,0813",,,,"35,26","0,4048347","176,0813","35,26","0,3650983","176,0813"
,,,"35,27","0,4154841","176,1311",,,,,,,,,,"35,27","0,3980001","176,1313","35,27","0,3817876","176,1314",,,,"35,27","0,4080137","176,1314","35,27","0,3609657","176,1314"
,,,"35,28","0,4173914","176,1814",,,,,,,,,,"35,28","0,4019737","176,1814","35,28","0,3840128","176,1814",,,,"35,28","0,412782","176,1813","35,28","0,3558795","176,1814"
,,,"35,29","0,4178683","176,2313",,,,,,,,,,"35,29","0,4075368","176,2314","35,29","0,3871918","176,2313",,,,"35,29","0,4183451","176,2313","35,29","0,3511111","176,2313"
,,,"35,3","0,418663","176,2813",,,,,,,,,,"35,3","0,4086494","176,2813","35,3","0,3905296","176,2813",,,,"35,3","0,4229546","176,2813","35,3","0,3471375","176,2813"
,,,"35,31","0,4202525","176,3313",,,,,,,,,,"35,31","0,4035632","176,3313","35,31","0,3927549","176,3313",,,,"35,31","0,4262924","176,3313","35,31","0,3444354","176,3313"
,,,"35,32","0,4218419","176,3813",,,,,,,,,,"35,32","0,398318","176,3813","35,32","0,3943443","176,3814",,,,"35,32","0,4309019","176,3814","35,32","0,3431638","176,3814"
,,,"35,33","0,4229546","176,4313",,,,,,,,,,"35,33","0,3967285","176,4314","35,33","0,3960927","176,4313",,,,"35,33","0,4356702","176,4313","35,33","0,342687","176,4313"
,,,"35,34","0,4239082","176,4813",,,,,,,,,,"35,34","0,3976822","176,4811","35,34","0,3991127","176,4811",,,,"35,34","0,4388491","176,4811","35,34","0,3428459","176,4811"
,,,"35,35","0,4269282","176,5313",,,,,,,,,,"35,35","0,3992716","176,5314","35,35","0,4014969","176,5311",,,,"35,35","0,4401207","176,5313","35,35","0,3436407","176,5313"
,,,"35,36","0,430584","176,5814",,,,,,,,,,"35,36","0,3991127","176,5814","35,36","0,4030863","176,5813",,,,"35,36","0,4412333","176,5813","35,36","0,3450712","176,5813"
,,,"35,37","0,433286","176,6313",,,,,,,,,,"35,37","0,3976822","176,6313","35,37","0,4038811","176,6313",,,,"35,37","0,4429817","176,6313","35,37","0,3476143","176,6313"
,,,"35,38","0,4337629","176,6813",,,,,,,,,,"35,38","0,3980001","176,6811","35,38","0,4038811","176,6811",,,,"35,38","0,4467964","176,6811","35,38","0,3523827","176,6811"
,,,"35,39","0,4329681","176,7311",,,,,,,,,,"35,39","0,4008611","176,7313","35,39","0,4024506","176,7311",,,,"35,39","0,4507701","176,7311","35,39","0,3577868","176,7311"
,,,"35,4","0,433286","176,7813",,,,,,,,,,"35,4","0,4038811","176,7815","35,4","0,401179","176,7813",,,,"35,4","0,4533132","176,7811","35,4","0,3619194","176,7813"
,,,"35,41","0,433445","176,8314",,,,,,,,,,"35,41","0,4046758","176,8314","35,41","0,4000664","176,8311",,,,"35,41","0,4552206","176,8311","35,41","0,3654162","176,8313"
,,,"35,42","0,4324913","176,8813",,,,,,,,,,"35,42","0,4059474","176,8813","35,42","0,3999074","176,8811",,,,"35,42","0,4560153","176,8811","35,42","0,368913","176,881"
,,,"35,43","0,4310608","176,9313",,,,,,,,,,"35,43","0,4110336","176,9314","35,43","0,3992716","176,9313",,,,"35,43","0,4564921","176,9313","35,43","0,3720919","176,9311"
,,,"35,44","0,4294713","176,9814",,,,,,,,,,"35,44","0,4154841","176,9814","35,44","0,3980001","176,9811",,,,"35,44","0,4579226","176,9813","35,44","0,3738403","176,9811"
,,,"35,45","0,4261335","177,0314",,,,,,,,,,"35,45","0,4150073","177,0315","35,45","0,3967285","177,0311",,,,"35,45","0,459671","177,0313","35,45","0,3746351","177,0313"
,,,"35,46","0,4202525","177,0813",,,,,,,,,,"35,46","0,4119873","177,0814","35,46","0,3951391","177,0811",,,,"35,46","0,459671","177,081","35,46","0,3757477","177,0811"
,,,"35,47","0,4135768","177,1313",,,,,,,,,,"35,47","0,4111926","177,1314","35,47","0,3921191","177,1313",,,,"35,47","0,4563332","177,1311","35,47","0,377655","177,1313"
,,,"35,48","0,4091263","177,1814",,,,,,,,,,"35,48","0,4119873","177,1815","35,48","0,3879865","177,1813",,,,"35,48","0,4504522","177,1813","35,48","0,377655","177,1813"
,,,"35,49","0,4078547","177,2314",,,,,,,,,,"35,49","0,412782","177,2314","35,49","0,3849665","177,2311",,,,"35,49","0,4444122","177,2311","35,49","0,3749529","177,2311"
,,,"35,5","0,4088084","177,2814",,,,,,,,,,"35,5","0,4126231","177,2814","35,5","0,3849665","177,2811",,,,"35,5","0,4398028","177,2811","35,5","0,3720919","177,2811"
,,,"35,51","0,4083315","177,3313",,,,,,,,,,"35,51","0,4102389","177,3314","35,51","0,3849665","177,3313",,,,"35,51","0,4358292","177,3313","35,51","0,3712972","177,3313"
,,,"35,52","0,4043579","177,3814",,,,,,,,,,"35,52","0,4075368","177,3815","35,52","0,3832181","177,3813",,,,"35,52","0,430584","177,3813","35,52","0,3722509","177,3811"
,,,"35,53","0,3991127","177,4314",,,,,,,,,,"35,53","0,409921","177,4314","35,53","0,3813108","177,4313",,,,"35,53","0,4237493","177,4313","35,53","0,3722509","177,4313"
,,,"35,54","0,3940264","177,4814",,,,,,,,,,"35,54","0,415802","177,4811","35,54","0,380834","177,4811",,,,"35,54","0,4173914","177,4811","35,54","0,3705025","177,4811"
,,,"35,55","0,3889402","177,5314",,,,,,,,,,"35,55","0,4183451","177,5314","35,55","0,3813108","177,5313",,,,"35,55","0,4118284","177,5314","35,55","0,3685951","177,5314"
,,,"35,56","0,3841718","177,5814",,,,,,,,,,"35,56","0,4162788","177,5815","35,56","0,3817876","177,5811",,,,"35,56","0,4064242","177,5813","35,56","0,3674825","177,5811"
,,,"35,57","0,380834","177,6314",,,,,,,,,,"35,57","0,4138947","177,6314","35,57","0,3825823","177,6313",,,,"35,57","0,4024506","177,6313","35,57","0,3662109","177,6313"
,,,"35,58","0,3789266","177,6814",,,,,,,,,,"35,58","0,4119873","177,6814","35,58","0,3840128","177,6811",,,,"35,58","0,4007021","177,6811","35,58","0,3654162","177,6813"
,,,"35,59","0,3789266","177,7313",,,,,,,,,,"35,59","0,4086494","177,7313","35,59","0,3844897","177,7313",,,,"35,59","0,3984769","177,7311","35,59","0,3662109","177,7313"
,,,"35,6","0,3817876","177,7815",,,,,,,,,,"35,6","0,4054705","177,7814","35,6","0,3844897","177,7813",,,,"35,6","0,3951391","177,7814","35,6","0,3678004","177,7813"
,,,"35,61","0,386397","177,8314",,,,,,,,,,"35,61","0,4035632","177,8314","35,61","0,3844897","177,8313",,,,"35,61","0,3927549","177,8313","35,61","0,3674825","177,8313"
,,,"35,62","0,3919601","177,8814",,,,,,,,,,"35,62","0,4032453","177,8813","35,62","0,3849665","177,8813",,,,"35,62","0,3911654","177,8813","35,62","0,3646215","177,8813"
,,,"35,63","0,3968875","177,9313",,,,,,,,,,"35,63","0,4046758","177,9313","35,63","0,3860792","177,9311",,,,"35,63","0,3887812","177,9311","35,63","0,3617605","177,9313"
,,,"35,64","0,401179","177,9814",,,,,,,,,,"35,64","0,4056295","177,9813","35,64","0,3871918","177,9813",,,,"35,64","0,3871918","177,9811","35,64","0,3611247","177,9813"
,,,"35,65","0,4043579","178,0314",,,,,,,,,,"35,65","0,4038811","178,0313","35,65","0,3868739","178,0313",,,,"35,65","0,3887812","178,0313","35,65","0,363032","178,0313"
,,,"35,66","0,4080137","178,0813",,,,,,,,,,"35,66","0,4014969","178,0813","35,66","0,3856023","178,0811",,,,"35,66","0,3919601","178,0811","35,66","0,3643036","178,0811"
,,,"35,67","0,4130999","178,1313",,,,,,,,,,"35,67","0,4016558","178,1313","35,67","0,3841718","178,1313",,,,"35,67","0,395298","178,1313","35,67","0,3649394","178,1314"
,,,"35,68","0,418663","178,1814",,,,,,,,,,"35,68","0,4024506","178,1814","35,68","0,3833771","178,1811",,,,"35,68","0,3987948","178,1813","35,68","0,3657341","178,1813"
,,,"35,69","0,4231135","178,2313",,,,,,,,,,"35,69","0,4014969","178,2313","35,69","0,3824234","178,2311",,,,"35,69","0,4003843","178,2311","35,69","0,3657341","178,2311"
,,,"35,7","0,4285177","178,2814",,,,,,,,,,"35,7","0,3991127","178,2813","35,7","0,3813108","178,2811",,,,"35,7","0,4014969","178,2811","35,7","0,3650983","178,2811"
,,,"35,71","0,4350344","178,3311",,,,,,,,,,"35,71","0,3967285","178,3313","35,71","0,3794034","178,3313",,,,"35,71","0,4043579","178,3311","35,71","0,3662109","178,3313"
,,,"35,72","0,4412333","178,3813",,,,,,,,,,"35,72","0,3951391","178,3814","35,72","0,3770193","178,3813",,,,"35,72","0,4086494","178,3811","35,72","0,3674825","178,3813"
,,,"35,73","0,4469554","178,4314",,,,,,,,,,"35,73","0,3943443","178,4313","35,73","0,3741582","178,4313",,,,"35,73","0,4102389","178,4313","35,73","0,3681183","178,4311"
,,,"35,74","0,4533132","178,4813",,,,,,,,,,"35,74","0,3940264","178,4813","35,74","0,3709793","178,481",,,,"35,74","0,4096031","178,4811","35,74","0,3685951","178,4811"
,,,"35,75","0,4595121","178,5313",,,,,,,,,,"35,75","0,3937086","178,5313","35,75","0,3678004","178,5311",,,,"35,75","0,4118284","178,5313","35,75","0,3685951","178,5313"
,,,"35,76","0,4639626","178,5814",,,,,,,,,,"35,76","0,3935496","178,5814","35,76","0,3650983","178,5813",,,,"35,76","0,4143715","178,5813","35,76","0,3666878","178,5813"
,,,"35,77","0,4682541","178,6313",,,,,,,,,,"35,77","0,3937086","178,6313","35,77","0,3641447","178,6311",,,,"35,77","0,4143715","178,6311","35,77","0,3650983","178,6311"
,,,"35,78","0,4723867","178,6813",,,,,,,,,,"35,78","0,3945033","178,6811","35,78","0,3673235","178,6813",,,,"35,78","0,4143715","178,6811","35,78","0,3657341","178,6811"
,,,"35,79","0,4750887","178,7313",,,,,,,,,,"35,79","0,3959338","178,7313","35,79","0,3728867","178,7313",,,,"35,79","0,4165967","178,7313","35,79","0,365893","178,7311"
,,,"35,8","0,4771551","178,7814",,,,,,,,,,"35,8","0,3976822","178,7814","35,8","0,3757477","178,7813",,,,"35,8","0,4170736","178,7813","35,8","0,3666878","178,7813"
,,,"35,81","0,4806519","178,8314",,,,,,,,,,"35,81","0,3999074","178,8314","35,81","0,3749529","178,8311",,,,"35,81","0,4146894","178,8313","35,81","0,369072","178,8313"
,,,"35,82","0,4838308","178,8813",,,,,,,,,,"35,82","0,401179","178,8813","35,82","0,3744761","178,8811",,,,"35,82","0,4138947","178,8811","35,82","0,3705025","178,8811"
,,,"35,83","0,4838308","178,9313",,,,,,,,,,"35,83","0,401179","178,9314","35,83","0,3768603","178,9313",,,,"35,83","0,4154841","178,9313","35,83","0,3698667","178,9313"
,,,"35,84","0,4798571","178,9814",,,,,,,,,,"35,84","0,3999074","178,9815","35,84","0,3801982","178,9811",,,,"35,84","0,4167557","178,9813","35,84","0,3705025","178,9813"
,,,"35,85","0,4727046","179,0314",,,,,,,,,,"35,85","0,3975233","179,0314","35,85","0,3841718","179,0313",,,,"35,85","0,4170736","179,0313","35,85","0,3736814","179,0314"
,,,"35,86","0,4628499","179,0814",,,,,,,,,,"35,86","0,3937086","179,0813","35,86","0,3868739","179,0811",,,,"35,86","0,4167557","179,0811","35,86","0,3765424","179,0811"
,,,"35,87","0,4525185","179,1313",,,,,,,,,,"35,87","0,3905296","179,1313","35,87","0,3876686","179,1314",,,,"35,87","0,4159609","179,1314","35,87","0,3800392","179,1314"
,,,"35,88","0,4432996","179,1814",,,,,,,,,,"35,88","0,3892581","179,1813","35,88","0,3881454","179,1813",,,,"35,88","0,4150073","179,1813","35,88","0,3817876","179,1813"
,,,"35,89","0,4337629","179,2314",,,,,,,,,,"35,89","0,3897349","179,2313","35,89","0,3892581","179,2313",,,,"35,89","0,4143715","179,2313","35,89","0,3800392","179,2313"
,,,"35,9","0,4231135","179,2814",,,,,,,,,,"35,9","0,3908475","179,2814","35,9","0,3900528","179,2813",,,,"35,9","0,4146894","179,2813","35,9","0,377655","179,2813"
,,,"35,91","0,412782","179,3313",,,,,,,,,,"35,91","0,3919601","179,3313","35,91","0,3903707","179,3313",,,,"35,91","0,4146894","179,3314","35,91","0,3781319","179,3313"
,,,"35,92","0,4043579","179,3815",,,,,,,,,,"35,92","0,3921191","179,3814","35,92","0,3919601","179,3814",,,,"35,92","0,415802","179,3813","35,92","0,3800392","179,3813"
,,,"35,93","0,3968875","179,4314",,,,,,,,,,"35,93","0,3921191","179,4314","35,93","0,3951391","179,4313",,,,"35,93","0,4173914","179,4314","35,93","0,3801982","179,4314"
,,,"35,94","0,3916422","179,4811",,,,,,,,,,"35,94","0,3935496","179,4813","35,94","0,3964106","179,4813",,,,"35,94","0,4173914","179,4813","35,94","0,3800392","179,4813"
,,,"35,95","0,3892581","179,5313",,,,,,,,,,"35,95","0,3960927","179,5313","35,95","0,3964106","179,5314",,,,"35,95","0,4173914","179,5315","35,95","0,3797213","179,5314"
,,,"35,96","0,3887812","179,5814",,,,,,,,,,"35,96","0,3967285","179,5814","35,96","0,3980001","179,5814",,,,"35,96","0,4197756","179,5814","35,96","0,3784498","179,5814"
,,,"35,97","0,3881454","179,6314",,,,,,,,,,"35,97","0,3935496","179,6314","35,97","0,4008611","179,6314",,,,"35,97","0,4234314","179,6314","35,97","0,3770193","179,6314"
,,,"35,98","0,3879865","179,6814",,,,,,,,,,"35,98","0,3905296","179,6813","35,98","0,4022916","179,6813",,,,"35,98","0,4254977","179,6814","35,98","0,3765424","179,6813"
,,,"35,99","0,389576","179,7313",,,,,,,,,,"35,99","0,3892581","179,7313","35,99","0,4014969","179,7314",,,,"35,99","0,4270872","179,7313","35,99","0,3752708","179,7314"
,,,"36","0,392437","179,7814",,,,,,,,,,"36","0,3881454","179,7814","36","0,4000664","179,7814",,,,"36","0,4301071","179,7814","36","0,3728867","179,7814"
,,,"36,01","0,3964106","179,8313",,,,,,,,,,"36,01","0,3879865","179,8314","36,01","0,3995895","179,8313",,,,"36,01","0,4316966","179,8313","36,01","0,3698667","179,8313"
,,,"36,02","0,4019737","179,8813",,,,,,,,,,"36,02","0,3908475","179,8813","36,02","0,3995895","179,8813",,,,"36,02","0,4309019","179,8811","36,02","0,3666878","179,8813"
,,,"36,03","0,4086494","179,9313",,,,,,,,,,"36,03","0,3968875","179,9313","36,03","0,4014969","179,9313",,,,"36,03","0,4297892","179,9313","36,03","0,3619194","179,9313"
,,,"36,04","0,415802","179,9813",,,,,,,,,,"36,04","0,4024506","179,9813","36,04","0,40404","179,9811",,,,"36,04","0,4309019","179,9813","36,04","0,357151","179,9813"
,,,"36,05","0,4234314","180,0313",,,,,,,,,,"36,05","0,4056295","180,0313","36,05","0,4046758","180,0314",,,,"36,05","0,4316966","180,0313","36,05","0,35429","180,0314"
,,,"36,06","0,4297892","180,0813",,,,,,,,,,"36,06","0,4080137","180,0811","36,06","0,4024506","180,0811",,,,"36,06","0,4302661","180,081","36,06","0,3530184","180,081"
,,,"36,07","0,4345576","180,1311",,,,,,,,,,"36,07","0,4111926","180,1313","36,07","0,4000664","180,1313",,,,"36,07","0,427405","180,1313","36,07","0,3519058","180,1313"
,,,"36,08","0,4390081","180,1813",,,,,,,,,,"36,08","0,4151662","180,1814","36,08","0,3980001","180,1813",,,,"36,08","0,424703","180,1813","36,08","0,3515879","180,1813"
,,,"36,09","0,4444122","180,2313",,,,,,,,,,"36,09","0,418663","180,2313","36,09","0,395298","180,2311",,,,"36,09","0,4226367","180,2311","36,09","0,3515879","180,2311"
,,,"36,1","0,4488627","180,2813",,,,,,,,,,"36,1","0,4202525","180,2813","36,1","0,3921191","180,2811",,,,"36,1","0,4205704","180,2811","36,1","0,351429","180,2811"
,,,"36,11","0,4520416","180,3311",,,,,,,,,,"36,11","0,4181862","180,3313","36,11","0,3905296","180,3313",,,,"36,11","0,4170736","180,3313","36,11","0,3507932","180,3311"
,,,"36,12","0,4549026","180,3813",,,,,,,,,,"36,12","0,4138947","180,3814","36,12","0,3935496","180,3813",,,,"36,12","0,4142126","180,3814","36,12","0,3507932","180,3813"
,,,"36,13","0,4580816","180,4313",,,,,,,,,,"36,13","0,4115105","180,4315","36,13","0,398318","180,4313",,,,"36,13","0,412782","180,4313","36,13","0,3522237","180,4313"
,,,"36,14","0,4611015","180,4813",,,,,,,,,,"36,14","0,4118284","180,4813","36,14","0,3999074","180,481",,,,"36,14","0,4110336","180,481","36,14","0,3558795","180,481"
,,,"36,15","0,4639626","180,5313",,,,,,,,,,"36,15","0,4135768","180,5315","36,15","0,3991127","180,5311",,,,"36,15","0,4080137","180,5311","36,15","0,3606478","180,5311"
,,,"36,16","0,465552","180,5814",,,,,,,,,,"36,16","0,4151662","180,5815","36,16","0,3980001","180,5813",,,,"36,16","0,4048347","180,5811","36,16","0,3638268","180,5811"
,,,"36,17","0,4650752","180,6313",,,,,,,,,,"36,17","0,4154841","180,6315","36,17","0,3967285","180,6311",,,,"36,17","0,4032453","180,6311","36,17","0,365893","180,6311"
,,,"36,18","0,4628499","180,6813",,,,,,,,,,"36,18","0,4142126","180,6814","36,18","0,3943443","180,6811",,,,"36,18","0,4024506","180,6811","36,18","0,3685951","180,6811"
,,,"36,19","0,4604658","180,7313",,,,,,,,,,"36,19","0,412782","180,7313","36,19","0,3919601","180,7311",,,,"36,19","0,4007021","180,7311","36,19","0,3714561","180,7311"
,,,"36,2","0,4580816","180,7814",,,,,,,,,,"36,2","0,4123052","180,7814","36,2","0,3897349","180,7813",,,,"36,2","0,3972054","180,7813","36,2","0,371774","180,7813"
,,,"36,21","0,4544258","180,8313",,,,,,,,,,"36,21","0,4118284","180,8314","36,21","0,3856023","180,8313",,,,"36,21","0,3951391","180,8313","36,21","0,3705025","180,8311"
,,,"36,22","0,4504522","180,8811",,,,,,,,,,"36,22","0,4103979","180,8813","36,22","0,3817876","180,8811",,,,"36,22","0,3956159","180,8811","36,22","0,3720919","180,8811"
,,,"36,23","0,4464785","180,9313",,,,,,,,,,"36,23","0,4075368","180,9314","36,23","0,3813108","180,9313",,,,"36,23","0,3984769","180,9313","36,23","0,3749529","180,9313"
,,,"36,24","0,4413923","180,9814",,,,,,,,,,"36,24","0,401179","180,9815","36,24","0,3825823","180,9813",,,,"36,24","0,401179","180,9813","36,24","0,3746351","180,9813"
,,,"36,25","0,4348755","181,0314",,,,,,,,,,"36,25","0,3929138","181,0315","36,25","0,3829002","181,0314",,,,"36,25","0,4022916","181,0314","36,25","0,3733635","181,0313"
,,,"36,26","0,4289945","181,0813",,,,,,,,,,"36,26","0,3857613","181,0814","36,26","0,3813108","181,0811",,,,"36,26","0,4022916","181,0811","36,26","0,3733635","181,0811"
,,,"36,27","0,424703","181,1311",,,,,,,,,,"36,27","0,3833771","181,1314","36,27","0,3794034","181,1314",,,,"36,27","0,4019737","181,1313","36,27","0,3738403","181,1313"
,,,"36,28","0,4205704","181,1813",,,,,,,,,,"36,28","0,3841718","181,1815","36,28","0,3781319","181,1813",,,,"36,28","0,4030863","181,1813","36,28","0,3736814","181,1814"
,,,"36,29","0,4165967","181,2313",,,,,,,,,,"36,29","0,3833771","181,2313","36,29","0,377814","181,2313",,,,"36,29","0,4046758","181,2313","36,29","0,3741582","181,2313"
,,,"36,3","0,4146894","181,2814",,,,,,,,,,"36,3","0,380834","181,2813","36,3","0,3792445","181,2813",,,,"36,3","0,4072189","181,2811","36,3","0,3733635","181,2813"
,,,"36,31","0,4146894","181,3311",,,,,,,,,,"36,31","0,3786087","181,3313","36,31","0,3809929","181,3313",,,,"36,31","0,409921","181,3313","36,31","0,371774","181,3313"
,,,"36,32","0,4150073","181,3814",,,,,,,,,,"36,32","0,3781319","181,3814","36,32","0,3829002","181,3813",,,,"36,32","0,4119873","181,3814","36,32","0,3712972","181,3813"
,,,"36,33","0,4154841","181,4313",,,,,,,,,,"36,33","0,3784498","181,4314","36,33","0,3844897","181,4313",,,,"36,33","0,4123052","181,4313","36,33","0,3706614","181,4311"
,,,"36,34","0,4159609","181,4811",,,,,,,,,,"36,34","0,3805161","181,4813","36,34","0,3860792","181,4811",,,,"36,34","0,4118284","181,4811","36,34","0,369072","181,4811"
,,,"36,35","0,4173914","181,5313",,,,,,,,,,"36,35","0,383695","181,5311","36,35","0,3881454","181,5313",,,,"36,35","0,4119873","181,5313","36,35","0,3674825","181,5314"
,,,"36,36","0,4202525","181,5814",,,,,,,,,,"36,36","0,3852844","181,5813","36,36","0,3916422","181,5813",,,,"36,36","0,4134178","181,5813","36,36","0,365893","181,5813"
,,,"36,37","0,4234314","181,6313",,,,,,,,,,"36,37","0,3856023","181,6314","36,37","0,3956159","181,6313",,,,"36,37","0,4154841","181,6313","36,37","0,3649394","181,6313"
,,,"36,38","0,4254977","181,6813",,,,,,,,,,"36,38","0,386556","181,6813","36,38","0,3995895","181,6811",,,,"36,38","0,4165967","181,6811","36,38","0,3657341","181,6811"
,,,"36,39","0,4262924","181,7311",,,,,,,,,,"36,39","0,3889402","181,7311","36,39","0,4024506","181,7313",,,,"36,39","0,415802","181,7313","36,39","0,3662109","181,7313"
,,,"36,4","0,4277229","181,7814",,,,,,,,,,"36,4","0,3929138","181,7813","36,4","0,4035632","181,7813",,,,"36,4","0,4135768","181,7813","36,4","0,3641447","181,7813"
,,,"36,41","0,4313787","181,8313",,,,,,,,,,"36,41","0,3967285","181,8313","36,41","0,4032453","181,8313",,,,"36,41","0,4119873","181,8313","36,41","0,3617605","181,8313"
,,,"36,42","0,4350344","181,8811",,,,,,,,,,"36,42","0,3995895","181,8813","36,42","0,4035632","181,8811",,,,"36,42","0,4118284","181,8811","36,42","0,363032","181,8811"
,,,"36,43","0,4377365","181,9313",,,,,,,,,,"36,43","0,4007021","181,9313","36,43","0,4051526","181,9313",,,,"36,43","0,4126231","181,9313","36,43","0,3638268","181,9313"
,,,"36,44","0,439326","181,9813",,,,,,,,,,"36,44","0,4003843","181,9814","36,44","0,4062653","181,9811",,,,"36,44","0,4134178","181,9813","36,44","0,3606478","181,9813"
,,,"36,45","0,4417101","182,0314",,,,,,,,,,"36,45","0,4014969","182,0314","36,45","0,4056295","182,0313",,,,"36,45","0,4142126","182,0313","36,45","0,3590584","182,0313"
,,,"36,46","0,4440943","182,0813",,,,,,,,,,"36,46","0,4030863","182,0811","36,46","0,4043579","182,0811",,,,"36,46","0,4162788","182,0811","36,46","0,3606478","182,0813"
,,,"36,47","0,4453659","182,1313",,,,,,,,,,"36,47","0,4027685","182,1313","36,47","0,4032453","182,1313",,,,"36,47","0,4194578","182,1313","36,47","0,3606478","182,1313"
,,,"36,48","0,4461606","182,1814",,,,,,,,,,"36,48","0,4014969","182,1814","36,48","0,4030863","182,1813",,,,"36,48","0,4226367","182,1813","36,48","0,3593763","182,1813"
,,,"36,49","0,448068","182,2313",,,,,,,,,,"36,49","0,3995895","182,2313","36,49","0,4032453","182,2313",,,,"36,49","0,4253387","182,2313","36,49","0,3593763","182,2311"
,,,"36,5","0,4493395","182,2813",,,,,,,,,,"36,5","0,3959338","182,2813","36,5","0,4038811","182,2813",,,,"36,5","0,4278819","182,2811","36,5","0,3587405","182,2813"
,,,"36,51","0,4477501","182,3314",,,,,,,,,,"36,51","0,3911654","182,3314","36,51","0,4032453","182,3314",,,,"36,51","0,4302661","182,3313","36,51","0,3582636","182,3313"
,,,"36,52","0,4440943","182,3814",,,,,,,,,,"36,52","0,3892581","182,3814","36,52","0,4016558","182,3814",,,,"36,52","0,433286","182,3813","36,52","0,3606478","182,3814"
,,,"36,53","0,4396439","182,4314",,,,,,,,,,"36,53","0,3892581","182,4314","36,53","0,4019737","182,4313",,,,"36,53","0,4374186","182,4313","36,53","0,3633499","182,4313"
,,,"36,54","0,4361471","182,4814",,,,,,,,,,"36,54","0,3876686","182,4813","36,54","0,4032453","182,4811",,,,"36,54","0,4413923","182,4811","36,54","0,3650983","182,4811"
,,,"36,55","0,433445","182,5313",,,,,,,,,,"36,55","0,3868739","182,5314","36,55","0,4019737","182,5313",,,,"36,55","0,4425049","182,5314","36,55","0,3666878","182,5313"
,,,"36,56","0,4316966","182,5814",,,,,,,,,,"36,56","0,3881454","182,5815","36,56","0,3984769","182,5814",,,,"36,56","0,442028","182,5813","36,56","0,3681183","182,5813"
,,,"36,57","0,4301071","182,6314",,,,,,,,,,"36,57","0,3879865","182,6314","36,57","0,3968875","182,6313",,,,"36,57","0,4436175","182,6313","36,57","0,3674825","182,6313"
,,,"36,58","0,4277229","182,6814",,,,,,,,,,"36,58","0,386397","182,6813","36,58","0,3968875","182,6811",,,,"36,58","0,4467964","182,6811","36,58","0,3670057","182,6811"
,,,"36,59","0,4239082","182,7314",,,,,,,,,,"36,59","0,3876686","182,7313","36,59","0,395298","182,7313",,,,"36,59","0,4483859","182,7311","36,59","0,3682772","182,7311"
,,,"36,6","0,4202525","182,7814",,,,,,,,,,"36,6","0,3911654","182,7815","36,6","0,392437","182,7813",,,,"36,6","0,4483859","182,7813","36,6","0,369072","182,7813"
,,,"36,61","0,4189809","182,8314",,,,,,,,,,"36,61","0,3921191","182,8313","36,61","0,3908475","182,8311",,,,"36,61","0,4475912","182,8313","36,61","0,3693899","182,8313"
,,,"36,62","0,418663","182,8814",,,,,,,,,,"36,62","0,3929138","182,8814","36,62","0,3911654","182,8811",,,,"36,62","0,4464785","182,8811","36,62","0,371774","182,8811"
,,,"36,63","0,4194578","182,9314",,,,,,,,,,"36,63","0,3945033","182,9314","36,63","0,3911654","182,9313",,,,"36,63","0,4456838","182,9311","36,63","0,3749529","182,9313"
,,,"36,64","0,4202525","182,9814",,,,,,,,,,"36,64","0,3951391","182,9814","36,64","0,3913244","182,9813",,,,"36,64","0,4456838","182,9813","36,64","0,3744761","182,9811"
,,,"36,65","0,4197756","183,0315",,,,,,,,,,"36,65","0,3959338","183,0314","36,65","0,3929138","183,0313",,,,"36,65","0,4448891","183,0313","36,65","0,3714561","183,0313"
,,,"36,66","0,4178683","183,0814",,,,,,,,,,"36,66","0,3987948","183,0814","36,66","0,3956159","183,0813",,,,"36,66","0,4425049","183,0811","36,66","0,3709793","183,0811"
,,,"36,67","0,4162788","183,1314",,,,,,,,,,"36,67","0,401179","183,1314","36,67","0,3976822","183,1313",,,,"36,67","0,4405975","183,1313","36,67","0,3738403","183,1313"
,,,"36,68","0,4170736","183,1814",,,,,,,,,,"36,68","0,4022916","183,1814","36,68","0,3992716","183,1813",,,,"36,68","0,439326","183,1811","36,68","0,3768603","183,1813"
,,,"36,69","0,4197756","183,2314",,,,,,,,,,"36,69","0,4043579","183,2314","36,69","0,3995895","183,2311",,,,"36,69","0,4374186","183,2311","36,69","0,3773371","183,2311"
,,,"36,7","0,4239082","183,2814",,,,,,,,,,"36,7","0,4062653","183,2813","36,7","0,3995895","183,2811",,,,"36,7","0,4350344","183,2811","36,7","0,3768603","183,2813"
,,,"36,71","0,4281998","183,3313",,,,,,,,,,"36,71","0,4046758","183,3313","36,71","0,4008611","183,3313",,,,"36,71","0,4326502","183,3311","36,71","0,3762245","183,3311"
,,,"36,72","0,430584","183,3813",,,,,,,,,,"36,72","0,4027685","183,3814","36,72","0,4038811","183,3813",,,,"36,72","0,4301071","183,3813","36,72","0,3768603","183,3813"
,,,"36,73","0,4313787","183,4313",,,,,,,,,,"36,73","0,4032453","183,4314","36,73","0,4059474","183,4311",,,,"36,73","0,4285177","183,4313","36,73","0,377655","183,4313"
,,,"36,74","0,4321734","183,4813",,,,,,,,,,"36,74","0,4035632","183,4811","36,74","0,4056295","183,4811",,,,"36,74","0,4277229","183,4811","36,74","0,3770193","183,4811"
,,,"36,75","0,4337629","183,5311",,,,,,,,,,"36,75","0,4014969","183,5314","36,75","0,4043579","183,5313",,,,"36,75","0,424703","183,5314","36,75","0,3757477","183,5313"
,,,"36,76","0,4356702","183,5814",,,,,,,,,,"36,76","0,3987948","183,5814","36,76","0,4043579","183,5813",,,,"36,76","0,4205704","183,5811","36,76","0,3757477","183,5813"
,,,"36,77","0,4372597","183,6313",,,,,,,,,,"36,77","0,3976822","183,6314","36,77","0,4048347","183,6311",,,,"36,77","0,4191399","183,6311","36,77","0,3768603","183,6313"
,,,"36,78","0,439326","183,6813",,,,,,,,,,"36,78","0,3968875","183,6813","36,78","0,4038811","183,6811",,,,"36,78","0,4213651","183,6813","36,78","0,3781319","183,6811"
,,,"36,79","0,442028","183,7311",,,,,,,,,,"36,79","0,3948212","183,7313","36,79","0,4027685","183,7313",,,,"36,79","0,4221598","183,7313","36,79","0,3789266","183,7313"
,,,"36,8","0,4456838","183,7814",,,,,,,,,,"36,8","0,3927549","183,7814","36,8","0,4019737","183,7814",,,,"36,8","0,4213651","183,7813","36,8","0,3800392","183,7814"
,,,"36,81","0,4488627","183,8313",,,,,,,,,,"36,81","0,3903707","183,8314","36,81","0,4003843","183,8314",,,,"36,81","0,4202525","183,8313","36,81","0,380834","183,8313"
,,,"36,82","0,4501343","183,8813",,,,,,,,,,"36,82","0,3876686","183,8813","36,82","0,3984769","183,8813",,,,"36,82","0,4181862","183,8813","36,82","0,3789266","183,8813"
,,,"36,83","0,4496574","183,9313",,,,,,,,,,"36,83","0,3860792","183,9314","36,83","0,3964106","183,9314",,,,"36,83","0,4150073","183,9314","36,83","0,3752708","183,9314"
,,,"36,84","0,4491806","183,9811",,,,,,,,,,"36,84","0,3844897","183,9813","36,84","0,3948212","183,9814",,,,"36,84","0,4130999","183,9813","36,84","0,3738403","183,9813"
,,,"36,85","0,448068","184,0314",,,,,,,,,,"36,85","0,3821055","184,0314","36,85","0,3943443","184,0314",,,,"36,85","0,412782","184,0314","36,85","0,3738403","184,0313"
,,,"36,86","0,4456838","184,0813",,,,,,,,,,"36,86","0,3809929","184,0813","36,86","0,3935496","184,0813",,,,"36,86","0,4115105","184,0813","36,86","0,3728867","184,0811"
,,,"36,87","0,4437765","184,1311",,,,,,,,,,"36,87","0,3833771","184,1314","36,87","0,3908475","184,1314",,,,"36,87","0,4088084","184,1314","36,87","0,3712972","184,1314"
,,,"36,88","0,4444122","184,1813",,,,,,,,,,"36,88","0,3868739","184,1814","36,88","0,3884633","184,1813",,,,"36,88","0,4051526","184,1814","36,88","0,3701846","184,1814"
,,,"36,89","0,4448891","184,2314",,,,,,,,,,"36,89","0,3876686","184,2313","36,89","0,3887812","184,2313",,,,"36,89","0,4019737","184,2313","36,89","0,369072","184,2313"
,,,"36,9","0,4432996","184,2814",,,,,,,,,,"36,9","0,386397","184,2814","36,9","0,3916422","184,2813",,,,"36,9","0,3987948","184,2813","36,9","0,369072","184,2811"
,,,"36,91","0,4390081","184,3311",,,,,,,,,,"36,91","0,3852844","184,3313","36,91","0,3959338","184,3313",,,,"36,91","0,395298","184,3313","36,91","0,3682772","184,3313"
,,,"36,92","0,433445","184,3814",,,,,,,,,,"36,92","0,3857613","184,3814","36,92","0,4007021","184,3815",,,,"36,92","0,392437","184,3814","36,92","0,3662109","184,3814"
,,,"36,93","0,4289945","184,4314",,,,,,,,,,"36,93","0,3871918","184,4313","36,93","0,4035632","184,4314",,,,"36,93","0,3908475","184,4314","36,93","0,3670057","184,4314"
,,,"36,94","0,4262924","184,4814",,,,,,,,,,"36,94","0,389576","184,4813","36,94","0,4038811","184,4811",,,,"36,94","0,3900528","184,4811","36,94","0,3709793","184,4811"
,,,"36,95","0,4250208","184,5313",,,,,,,,,,"36,95","0,3921191","184,5315","36,95","0,4043579","184,5313",,,,"36,95","0,3889402","184,5313","36,95","0,3712972","184,5314"
,,,"36,96","0,4234314","184,5814",,,,,,,,,,"36,96","0,392437","184,5814","36,96","0,4062653","184,5813",,,,"36,96","0,3881454","184,5813","36,96","0,3674825","184,5813"
,,,"36,97","0,421524","184,6313",,,,,,,,,,"36,97","0,3903707","184,6314","36,97","0,4102389","184,6314",,,,"36,97","0,3876686","184,6313","36,97","0,365893","184,6313"
,,,"36,98","0,4191399","184,6813",,,,,,,,,,"36,98","0,389576","184,6813","36,98","0,4151662","184,6813",,,,"36,98","0,3879865","184,6811","36,98","0,3685951","184,6813"
,,,"36,99","0,4170736","184,7313",,,,,,,,,,"36,99","0,3905296","184,7313","36,99","0,4194578","184,7311",,,,"36,99","0,389576","184,7313","36,99","0,3733635","184,7311"
,,,"37","0,4167557","184,7814",,,,,,,,,,"37","0,3908475","184,7815","37","0,4218419","184,7813",,,,"37","0,3913244","184,7813","37","0,377814","184,7813"
,,,"37,01","0,418663","184,8314",,,,,,,,,,"37,01","0,3929138","184,8314","37,01","0,4234314","184,8313",,,,"37,01","0,3919601","184,8313","37,01","0,3809929","184,8313"
,,,"37,02","0,421524","184,8814",,,,,,,,,,"37,02","0,3975233","184,8814","37,02","0,4266103","184,881",,,,"37,02","0,3929138","184,8811","37,02","0,3832181","184,8811"
,,,"37,03","0,4239082","184,9313",,,,,,,,,,"37,03","0,4007021","184,9314","37,03","0,4294713","184,9311",,,,"37,03","0,3960927","184,9313","37,03","0,3857613","184,9313"
,,,"37,04","0,424544","184,9813",,,,,,,,,,"37,04","0,4019737","184,9814","37,04","0,4297892","184,9813",,,,"37,04","0,3995895","184,9811","37,04","0,389576","184,9811"
,,,"37,05","0,4242261","185,0314",,,,,,,,,,"37,05","0,4043579","185,0314","37,05","0,4266103","185,0313",,,,"37,05","0,4008611","185,0313","37,05","0,3937086","185,0313"
,,,"37,06","0,424703","185,0814",,,,,,,,,,"37,06","0,4078547","185,0813","37,06","0,4226367","185,0811",,,,"37,06","0,4014969","185,0811","37,06","0,3980001","185,0811"
,,,"37,07","0,427405","185,1313",,,,,,,,,,"37,07","0,4091263","185,1314","37,07","0,4189809","185,1311",,,,"37,07","0,40404","185,1311","37,07","0,4024506","185,1313"
,,,"37,08","0,4301071","185,1814",,,,,,,,,,"37,08","0,409921","185,1814","37,08","0,4154841","185,1813",,,,"37,08","0,4094442","185,1813","37,08","0,4064242","185,1813"
,,,"37,09","0,4302661","185,2314",,,,,,,,,,"37,09","0,412782","185,2314","37,09","0,4119873","185,2311",,,,"37,09","0,4143715","185,2311","37,09","0,4096031","185,2313"
,,,"37,1","0,4301071","185,2814",,,,,,,,,,"37,1","0,4143715","185,2814","37,1","0,4091263","185,2811",,,,"37,1","0,4173914","185,2811","37,1","0,4123052","185,2811"
,,,"37,11","0,4310608","185,3313",,,,,,,,,,"37,11","0,4123052","185,3314","37,11","0,4067421","185,3313",,,,"37,11","0,4197756","185,3313","37,11","0,4138947","185,3311"
,,,"37,12","0,4337629","185,3814",,,,,,,,,,"37,12","0,4088084","185,3815","37,12","0,4035632","185,3813",,,,"37,12","0,4229546","185,3813","37,12","0,4150073","185,3813"
,,,"37,13","0,4356702","185,4314",,,,,,,,,,"37,13","0,4067421","185,4314","37,13","0,3991127","185,4311",,,,"37,13","0,4254977","185,4313","37,13","0,4159609","185,4313"
,,,"37,14","0,4372597","185,4813",,,,,,,,,,"37,14","0,4051526","185,4813","37,14","0,3948212","185,4811",,,,"37,14","0,4270872","185,4811","37,14","0,4170736","185,481"
,,,"37,15","0,4388491","185,5313",,,,,,,,,,"37,15","0,4043579","185,5314","37,15","0,3916422","185,5314",,,,"37,15","0,4294713","185,5313","37,15","0,4181862","185,5313"
,,,"37,16","0,4396439","185,5814",,,,,,,,,,"37,16","0,4035632","185,5814","37,16","0,3887812","185,5811",,,,"37,16","0,4316966","185,5813","37,16","0,4173914","185,5811"
,,,"37,17","0,4404386","185,6314",,,,,,,,,,"37,17","0,4024506","185,6315","37,17","0,3857613","185,6313",,,,"37,17","0,4318555","185,6313","37,17","0,4151662","185,6313"
,,,"37,18","0,4404386","185,6814",,,,,,,,,,"37,18","0,4022916","185,6814","37,18","0,3825823","185,6811",,,,"37,18","0,4301071","185,6811","37,18","0,4130999","185,6813"
,,,"37,19","0,4398028","185,7313",,,,,,,,,,"37,19","0,4035632","185,7313","37,19","0,3794034","185,7313",,,,"37,19","0,427405","185,7314","37,19","0,4110336","185,7313"
,,,"37,2","0,4390081","185,7815",,,,,,,,,,"37,2","0,4051526","185,7814","37,2","0,377814","185,7814",,,,"37,2","0,424703","185,7813","37,2","0,4075368","185,7814"
,,,"37,21","0,4385312","185,8313",,,,,,,,,,"37,21","0,4054705","185,8314","37,21","0,377814","185,8313",,,,"37,21","0,4226367","185,8313","37,21","0,4007021","185,8311"
,,,"37,22","0,4377365","185,8813",,,,,,,,,,"37,22","0,4054705","185,8813","37,22","0,377655","185,8811",,,,"37,22","0,4199346","185,8813","37,22","0,3913244","185,8813"
,,,"37,23","0,4361471","185,9311",,,,,,,,,,"37,23","0,4043579","185,9313","37,23","0,3773371","185,9313",,,,"37,23","0,4165967","185,9313","37,23","0,3832181","185,9314"
,,,"37,24","0,4340807","185,9813",,,,,,,,,,"37,24","0,4019737","185,9813","37,24","0,3784498","185,9813",,,,"37,24","0,4138947","185,9813","37,24","0,3784498","185,9813"
,,,"37,25","0,4324913","186,0313",,,,,,,,,,"37,25","0,3991127","186,0313","37,25","0,380834","186,0313",,,,"37,25","0,4126231","186,0313","37,25","0,3752708","186,0314"
,,,"37,26","0,4313787","186,0813",,,,,,,,,,"37,26","0,3960927","186,0811","37,26","0,3824234","186,0811",,,,"37,26","0,4107157","186,0811","37,26","0,3698667","186,0813"
,,,"37,27","0,4293124","186,1311",,,,,,,,,,"37,27","0,395298","186,1311","37,27","0,3824234","186,1314",,,,"37,27","0,4078547","186,1314","37,27","0,363032","186,1314"
,,,"37,28","0,4266103","186,1814",,,,,,,,,,"37,28","0,3964106","186,1813","37,28","0,3825823","186,1814",,,,"37,28","0,4056295","186,1814","37,28","0,3558795","186,1814"
,,,"37,29","0,4254977","186,2313",,,,,,,,,,"37,29","0,3980001","186,2313","37,29","0,3841718","186,2313",,,,"37,29","0,4046758","186,2314","37,29","0,3503164","186,2313"
,,,"37,3","0,424703","186,2813",,,,,,,,,,"37,3","0,3999074","186,2813","37,3","0,3857613","186,2813",,,,"37,3","0,40404","186,2813","37,3","0,3487269","186,2813"
,,,"37,31","0,4223188","186,3311",,,,,,,,,,"37,31","0,401179","186,3313","37,31","0,3871918","186,3313",,,,"37,31","0,4038811","186,3313","37,31","0,3474554","186,3313"
,,,"37,32","0,4194578","186,3813",,,,,,,,,,"37,32","0,4022916","186,3814","37,32","0,3903707","186,3814",,,,"37,32","0,4062653","186,3814","37,32","0,3444354","186,3813"
,,,"37,33","0,4183451","186,4313",,,,,,,,,,"37,33","0,4032453","186,4313","37,33","0,395298","186,4313",,,,"37,33","0,4110336","186,4313","37,33","0,3452301","186,4314"
,,,"37,34","0,4183451","186,4811",,,,,,,,,,"37,34","0,4043579","186,4811","37,34","0,3991127","186,481",,,,"37,34","0,4159609","186,4811","37,34","0,3460248","186,4811"
,,,"37,35","0,4194578","186,5313",,,,,,,,,,"37,35","0,4059474","186,5314","37,35","0,4007021","186,5313",,,,"37,35","0,4189809","186,5313","37,35","0,3403028","186,5313"
,,,"37,36","0,4218419","186,5814",,,,,,,,,,"37,36","0,4064242","186,5814","37,36","0,4016558","186,5813",,,,"37,36","0,4202525","186,5813","37,36","0,3356934","186,5813"
,,,"37,37","0,4250208","186,6313",,,,,,,,,,"37,37","0,4048347","186,6314","37,37","0,40404","186,6311",,,,"37,37","0,4218419","186,6313","37,37","0,3391902","186,6313"
,,,"37,38","0,4270872","186,6813",,,,,,,,,,"37,38","0,4014969","186,6813","37,38","0,4072189","186,6811",,,,"37,38","0,4239082","186,6811","37,38","0,3395081","186,6811"
,,,"37,39","0,427405","186,7313",,,,,,,,,,"37,39","0,3995895","186,7311","37,39","0,4096031","186,7313",,,,"37,39","0,4254977","186,7313","37,39","0,3371239","186,7311"
,,,"37,4","0,427405","186,7813",,,,,,,,,,"37,4","0,4003843","186,7814","37,4","0,4096031","186,7813",,,,"37,4","0,4261335","186,7813","37,4","0,3423691","186,7813"
,,,"37,41","0,4286766","186,8314",,,,,,,,,,"37,41","0,4022916","186,8314","37,41","0,4078547","186,8311",,,,"37,41","0,4258156","186,8311","37,41","0,3460248","186,8311"
,,,"37,42","0,4302661","186,8813",,,,,,,,,,"37,42","0,4043579","186,8813","37,42","0,4051526","186,8811",,,,"37,42","0,4258156","186,8811","37,42","0,3431638","186,8811"
,,,"37,43","0,4313787","186,9313",,,,,,,,,,"37,43","0,4067421","186,9313","37,43","0,4016558","186,9311",,,,"37,43","0,4253387","186,9313","37,43","0,345548","186,9313"
,,,"37,44","0,4324913","186,9814",,,,,,,,,,"37,44","0,4075368","186,9814","37,44","0,3984769","186,9811",,,,"37,44","0,4242261","186,9811","37,44","0,3476143","186,9813"
,,,"37,45","0,4340807","187,0314",,,,,,,,,,"37,45","0,40706","187,0314","37,45","0,3967285","187,0313",,,,"37,45","0,4234314","187,0313","37,45","0,3418922","187,0313"
,,,"37,46","0,4358292","187,0814",,,,,,,,,,"37,46","0,4059474","187,0813","37,46","0,3967285","187,0811",,,,"37,46","0,4234314","187,0811","37,46","0,342687","187,0811"
,,,"37,47","0,4380544","187,1314",,,,,,,,,,"37,47","0,40404","187,1313","37,47","0,3972054","187,1313",,,,"37,47","0,4253387","187,1313","37,47","0,3507932","187,1313"
,,,"37,48","0,4401207","187,1814",,,,,,,,,,"37,48","0,4008611","187,1814","37,48","0,3972054","187,1813",,,,"37,48","0,4269282","187,1813","37,48","0,3487269","187,1813"
,,,"37,49","0,4404386","187,2314",,,,,,,,,,"37,49","0,3967285","187,2313","37,49","0,3959338","187,2313",,,,"37,49","0,4254977","187,2313","37,49","0,3452301","187,2313"
,,,"37,5","0,4385312","187,2814",,,,,,,,,,"37,5","0,392437","187,2814","37,5","0,3951391","187,2813",,,,"37,5","0,4213651","187,2811","37,5","0,3531774","187,2811"
,,,"37,51","0,4358292","187,3313",,,,,,,,,,"37,51","0,3892581","187,3314","37,51","0,395298","187,3313",,,,"37,51","0,4159609","187,3313","37,51","0,3554026","187,3313"
,,,"37,52","0,4340807","187,3814",,,,,,,,,,"37,52","0,3881454","187,3815","37,52","0,3945033","187,3813",,,,"37,52","0,4103979","187,3813","37,52","0,3515879","187,3813"
,,,"37,53","0,433286","187,4314",,,,,,,,,,"37,53","0,3892581","187,4314","37,53","0,392437","187,4313",,,,"37,53","0,4054705","187,4311","37,53","0,357151","187,4313"
,,,"37,54","0,4324913","187,4813",,,,,,,,,,"37,54","0,3913244","187,4814","37,54","0,3916422","187,4811",,,,"37,54","0,4003843","187,4811","37,54","0,3622373","187,4811"
,,,"37,55","0,4316966","187,5313",,,,,,,,,,"37,55","0,3932317","187,5314","37,55","0,392437","187,5313",,,,"37,55","0,3959338","187,5313","37,55","0,3595352","187,5313"
,,,"37,56","0,4301071","187,5814",,,,,,,,,,"37,56","0,3956159","187,5815","37,56","0,3932317","187,5811",,,,"37,56","0,392437","187,5811","37,56","0,3617605","187,5811"
,,,"37,57","0,4277229","187,6314",,,,,,,,,,"37,57","0,3975233","187,6314","37,57","0,3945033","187,6311",,,,"37,57","0,3911654","187,6313","37,57","0,3666878","187,6311"
,,,"37,58","0,424703","187,6814",,,,,,,,,,"37,58","0,3976822","187,6813","37,58","0,3964106","187,6811",,,,"37,58","0,3908475","187,6811","37,58","0,3643036","187,6811"
,,,"37,59","0,4218419","187,7313",,,,,,,,,,"37,59","0,3972054","187,7311","37,59","0,3980001","187,7311",,,,"37,59","0,3897349","187,7313","37,59","0,3633499","187,7311"
,,,"37,6","0,4189809","187,7814",,,,,,,,,,"37,6","0,3972054","187,7814","37,6","0,3995895","187,7813",,,,"37,6","0,3879865","187,7813","37,6","0,3662109","187,7813"
,,,"37,61","0,4173914","187,8314",,,,,,,,,,"37,61","0,3968875","187,8314","37,61","0,4027685","187,8313",,,,"37,61","0,3871918","187,8311","37,61","0,3635089","187,8313"
,,,"37,62","0,4175504","187,8814",,,,,,,,,,"37,62","0,3960927","187,8813","37,62","0,4072189","187,8811",,,,"37,62","0,386397","187,8811","37,62","0,3609657","187,8811"
,,,"37,63","0,4175504","187,9313",,,,,,,,,,"37,63","0,3964106","187,9314","37,63","0,4110336","187,9313",,,,"37,63","0,3840128","187,9313","37,63","0,363032","187,9313"
,,,"37,64","0,4165967","187,9813",,,,,,,,,,"37,64","0,3987948","187,9814","37,64","0,4135768","187,9813",,,,"37,64","0,3829002","187,9813","37,64","0,3625552","187,9811"
,,,"37,65","0,4162788","188,0314",,,,,,,,,,"37,65","0,4019737","188,0314","37,65","0,4154841","188,0314",,,,"37,65","0,3844897","188,0313","37,65","0,3585815","188,0313"
,,,"37,66","0,4170736","188,0813",,,,,,,,,,"37,66","0,4038811","188,0813","37,66","0,4154841","188,0811",,,,"37,66","0,3856023","188,0813","37,66","0,3582636","188,0811"
,,,"37,67","0,4183451","188,1311",,,,,,,,,,"37,67","0,4046758","188,1313","37,67","0,4143715","188,1314",,,,"37,67","0,3856023","188,1314","37,67","0,3593763","188,1313"
,,,"37,68","0,4202525","188,1814",,,,,,,,,,"37,68","0,4054705","188,1814","37,68","0,4135768","188,1813",,,,"37,68","0,386556","188,1813","37,68","0,3582636","188,1813"
,,,"37,69","0,4234314","188,2313",,,,,,,,,,"37,69","0,4054705","188,2313","37,69","0,4138947","188,2311",,,,"37,69","0,3879865","188,2313","37,69","0,3593763","188,2313"
,,,"37,7","0,4266103","188,2813",,,,,,,,,,"37,7","0,4051526","188,2813","37,7","0,4146894","188,2813",,,,"37,7","0,3892581","188,2813","37,7","0,3619194","188,2813"
,,,"37,71","0,4293124","188,3311",,,,,,,,,,"37,71","0,4054705","188,3313","37,71","0,4151662","188,3313",,,,"37,71","0,3913244","188,3311","37,71","0,3611247","188,3311"
,,,"37,72","0,4318555","188,3813",,,,,,,,,,"37,72","0,4059474","188,3814","37,72","0,415802","188,3813",,,,"37,72","0,3964106","188,3813","37,72","0,3587405","188,3813"
,,,"37,73","0,4337629","188,4313",,,,,,,,,,"37,73","0,4054705","188,4314","37,73","0,4151662","188,4313",,,,"37,73","0,4030863","188,4313","37,73","0,3579458","188,4313"
,,,"37,74","0,433286","188,4813",,,,,,,,,,"37,74","0,4032453","188,4814","37,74","0,4135768","188,481",,,,"37,74","0,4067421","188,481","37,74","0,3582636","188,4811"
,,,"37,75","0,4313787","188,5313",,,,,,,,,,"37,75","0,3987948","188,5315","37,75","0,4118284","188,5313",,,,"37,75","0,40706","188,5311","37,75","0,3579458","188,5313"
,,,"37,76","0,4318555","188,5813",,,,,,,,,,"37,76","0,3921191","188,5814","37,76","0,4110336","188,5813",,,,"37,76","0,4064242","188,5813","37,76","0,3579458","188,5813"
,,,"37,77","0,4342397","188,6311",,,,,,,,,,"37,77","0,3868739","188,6315","37,77","0,4115105","188,6311",,,,"37,77","0,4083315","188,6311","37,77","0,3577868","188,6311"
,,,"37,78","0,4353523","188,6813",,,,,,,,,,"37,78","0,3849665","188,6814","37,78","0,4123052","188,6811",,,,"37,78","0,4115105","188,6811","37,78","0,3561974","188,681"
,,,"37,79","0,4342397","188,7311",,,,,,,,,,"37,79","0,383695","188,7313","37,79","0,412782","188,7311",,,,"37,79","0,4142126","188,7311","37,79","0,357151","188,7313"
,,,"37,8","0,4348755","188,7813",,,,,,,,,,"37,8","0,3813108","188,7814","37,8","0,412782","188,7813",,,,"37,8","0,4150073","188,7813","37,8","0,3617605","188,7813"
,,,"37,81","0,4377365","188,8313",,,,,,,,,,"37,81","0,3789266","188,8313","37,81","0,412782","188,8311",,,,"37,81","0,4151662","188,8311","37,81","0,365893","188,8311"
,,,"37,82","0,4401207","188,8811",,,,,,,,,,"37,82","0,3784498","188,8813","37,82","0,4142126","188,8811",,,,"37,82","0,4167557","188,8811","37,82","0,3678004","188,8811"
,,,"37,83","0,4412333","188,9311",,,,,,,,,,"37,83","0,3797213","188,9313","37,83","0,4159609","188,9311",,,,"37,83","0,4189809","188,9311","37,83","0,3682772","188,9313"
,,,"37,84","0,4429817","188,9814",,,,,,,,,,"37,84","0,3809929","188,9814","37,84","0,4159609","188,9811",,,,"37,84","0,4191399","188,9813","37,84","0,3681183","188,9813"
,,,"37,85","0,4453659","189,0314",,,,,,,,,,"37,85","0,3829002","189,0314","37,85","0,4143715","189,0313",,,,"37,85","0,418663","189,0314","37,85","0,3673235","189,0313"
,,,"37,86","0,448068","189,0814",,,,,,,,,,"37,86","0,3849665","189,0814","37,86","0,4126231","189,0811",,,,"37,86","0,4183451","189,0811","37,86","0,3665288","189,081"
,,,"37,87","0,4499753","189,1314",,,,,,,,,,"37,87","0,3860792","189,1314","37,87","0,4115105","189,1313",,,,"37,87","0,4183451","189,1313","37,87","0,3666878","189,1313"
,,,"37,88","0,4504522","189,1815",,,,,,,,,,"37,88","0,3852844","189,1815","37,88","0,4107157","189,1813",,,,"37,88","0,4173914","189,1811","37,88","0,3693899","189,1811"
,,,"37,89","0,4491806","189,2314",,,,,,,,,,"37,89","0,3844897","189,2313","37,89","0,4096031","189,2313",,,,"37,89","0,4150073","189,2311","37,89","0,3722509","189,2311"
,,,"37,9","0,4477501","189,2814",,,,,,,,,,"37,9","0,3857613","189,2813","37,9","0,4091263","189,2813",,,,"37,9","0,4126231","189,2813","37,9","0,3733635","189,2813"
,,,"37,91","0,4475912","189,3313",,,,,,,,,,"37,91","0,3871918","189,3313","37,91","0,4078547","189,3313",,,,"37,91","0,4115105","189,3313","37,91","0,3736814","189,3314"
,,,"37,92","0,4467964","189,3814",,,,,,,,,,"37,92","0,3873507","189,3814","37,92","0,4051526","189,3813",,,,"37,92","0,4107157","189,3813","37,92","0,3746351","189,3814"
,,,"37,93","0,4461606","189,4314",,,,,,,,,,"37,93","0,3905296","189,4314","37,93","0,4008611","189,4314",,,,"37,93","0,4080137","189,4314","37,93","0,3757477","189,4314"
,,,"37,94","0,4460017","189,4813",,,,,,,,,,"37,94","0,3968875","189,4813","37,94","0,3972054","189,4813",,,,"37,94","0,4043579","189,4813","37,94","0,3770193","189,4813"
,,,"37,95","0,4445712","189,5314",,,,,,,,,,"37,95","0,4016558","189,5314","37,95","0,3932317","189,5314",,,,"37,95","0,401179","189,5314","37,95","0,3786087","189,5314"
,,,"37,96","0,4429817","189,5814",,,,,,,,,,"37,96","0,4022916","189,5815","37,96","0,3881454","189,5813",,,,"37,96","0,3976822","189,5814","37,96","0,3770193","189,5814"
,,,"37,97","0,442187","189,6314",,,,,,,,,,"37,97","0,4030863","189,6314","37,97","0,3833771","189,6314",,,,"37,97","0,3943443","189,6314","37,97","0,3738403","189,6314"
,,,"37,98","0,4405975","189,6814",,,,,,,,,,"37,98","0,4067421","189,6813","37,98","0,3797213","189,6813",,,,"37,98","0,3932317","189,6813","37,98","0,3736814","189,6811"
,,,"37,99","0,4374186","189,7313",,,,,,,,,,"37,99","0,4102389","189,7311","37,99","0,377814","189,7313",,,,"37,99","0,3943443","189,7313","37,99","0,3754298","189,7313"
,,,"38","0,4350344","189,7814",,,,,,,,,,"38","0,4118284","189,7814","38","0,3781319","189,7814",,,,"38","0,3959338","189,7814","38","0,3765424","189,7815"
,,,"38,01","0,4342397","189,8314",,,,,,,,,,"38,01","0,4130999","189,8313","38,01","0,3792445","189,8313",,,,"38,01","0,3956159","189,8313","38,01","0,377655","189,8313"
,,,"38,02","0,433286","189,8813",,,,,,,,,,"38,02","0,4146894","189,8811","38,02","0,3801982","189,8813",,,,"38,02","0,3951391","189,8811","38,02","0,377655","189,8813"
,,,"38,03","0,4302661","189,9311",,,,,,,,,,"38,03","0,4130999","189,9313","38,03","0,3813108","189,9314",,,,"38,03","0,3951391","189,9314","38,03","0,3749529","189,9313"
,,,"38,04","0,4270872","189,9814",,,,,,,,,,"38,04","0,4086494","189,9814","38,04","0,3825823","189,9813",,,,"38,04","0,395298","189,9813","38,04","0,3728867","189,9813"
,,,"38,05","0,4258156","190,0314",,,,,,,,,,"38,05","0,4072189","190,0313","38,05","0,3849665","190,0313",,,,"38,05","0,3956159","190,0313","38,05","0,3725688","190,0313"
,,,"38,06","0,424703","190,0813",,,,,,,,,,"38,06","0,4111926","190,0811","38,06","0,3879865","190,0811",,,,"38,06","0,3956159","190,0811","38,06","0,3728867","190,0811"
,,,"38,07","0,4231135","190,1313",,,,,,,,,,"38,07","0,4135768","190,1313","38,07","0,3903707","190,1314",,,,"38,07","0,3948212","190,1313","38,07","0,3714561","190,1313"
,,,"38,08","0,4221598","190,1814",,,,,,,,,,"38,08","0,4138947","190,1813","38,08","0,392437","190,1813",,,,"38,08","0,3935496","190,1813","38,08","0,3682772","190,1813"
,,,"38,09","0,4226367","190,2313",,,,,,,,,,"38,09","0,415802","190,2313","38,09","0,3951391","190,2313",,,,"38,09","0,3919601","190,2311","38,09","0,3643036","190,2313"
,,,"38,1","0,424703","190,2814",,,,,,,,,,"38,1","0,4181862","190,2813","38,1","0,398318","190,2811",,,,"38,1","0,3921191","190,2811","38,1","0,3606478","190,2811"
,,,"38,11","0,4269282","190,3313",,,,,,,,,,"38,11","0,4178683","190,3314","38,11","0,4014969","190,3311",,,,"38,11","0,3940264","190,3313","38,11","0,3582636","190,3311"
,,,"38,12","0,4281998","190,3813",,,,,,,,,,"38,12","0,4167557","190,3815","38,12","0,4046758","190,3813",,,,"38,12","0,3956159","190,3813","38,12","0,3563563","190,3813"
,,,"38,13","0,4301071","190,4314",,,,,,,,,,"38,13","0,4154841","190,4313","38,13","0,4083315","190,4313",,,,"38,13","0,3960927","190,4313","38,13","0,3550847","190,4313"
,,,"38,14","0,4318555","190,4813",,,,,,,,,,"38,14","0,4123052","190,4813","38,14","0,4119873","190,481",,,,"38,14","0,3964106","190,481","38,14","0,35429","190,481"
,,,"38,15","0,433286","190,5313",,,,,,,,,,"38,15","0,409921","190,5315","38,15","0,4143715","190,5313",,,,"38,15","0,3968875","190,5313","38,15","0,3534953","190,5313"
,,,"38,16","0,4348755","190,5814",,,,,,,,,,"38,16","0,409921","190,5815","38,16","0,4159609","190,5813",,,,"38,16","0,3972054","190,5813","38,16","0,3507932","190,5813"
,,,"38,17","0,4374186","190,6313",,,,,,,,,,"38,17","0,4094442","190,6314","38,17","0,4183451","190,6313",,,,"38,17","0,3987948","190,6313","38,17","0,3492037","190,6311"
,,,"38,18","0,4405975","190,6813",,,,,,,,,,"38,18","0,4054705","190,6814","38,18","0,4223188","190,6811",,,,"38,18","0,4014969","190,6811","38,18","0,3507932","190,6811"
,,,"38,19","0,4425049","190,7313",,,,,,,,,,"38,19","0,401179","190,7314","38,19","0,424703","190,7311",,,,"38,19","0,4046758","190,7311","38,19","0,3531774","190,7311"
,,,"38,2","0,4444122","190,7813",,,,,,,,,,"38,2","0,3992716","190,7814","38,2","0,424544","190,7813",,,,"38,2","0,4064242","190,7814","38,2","0,3547668","190,7813"
,,,"38,21","0,4469554","190,8313",,,,,,,,,,"38,21","0,3987948","190,8314","38,21","0,4221598","190,8313",,,,"38,21","0,4064242","190,8313","38,21","0,3569921","190,8313"
,,,"38,22","0,4496574","190,8813",,,,,,,,,,"38,22","0,3991127","190,8813","38,22","0,4197756","190,8811",,,,"38,22","0,4056295","190,8813","38,22","0,3585815","190,8811"
,,,"38,23","0,4517237","190,9313",,,,,,,,,,"38,23","0,3992716","190,9314","38,23","0,4175504","190,9313",,,,"38,23","0,4056295","190,9314","38,23","0,3582636","190,9313"
,,,"38,24","0,4520416","190,9813",,,,,,,,,,"38,24","0,3984769","190,9815","38,24","0,4165967","190,9813",,,,"38,24","0,4064242","190,9813","38,24","0,3582636","190,9813"
,,,"38,25","0,4501343","191,0313",,,,,,,,,,"38,25","0,3976822","191,0314","38,25","0,4162788","191,0313",,,,"38,25","0,4078547","191,0313","38,25","0,3595352","191,0314"
,,,"38,26","0,4475912","191,0813",,,,,,,,,,"38,26","0,398318","191,0814","38,26","0,4159609","191,0811",,,,"38,26","0,4091263","191,0811","38,26","0,3617605","191,081"
,,,"38,27","0,4461606","191,1313",,,,,,,,,,"38,27","0,4003843","191,1313","38,27","0,4150073","191,1313",,,,"38,27","0,4102389","191,1311","38,27","0,3635089","191,1313"
,,,"38,28","0,4460017","191,1814",,,,,,,,,,"38,28","0,4024506","191,1814","38,28","0,4126231","191,1814",,,,"38,28","0,4096031","191,1814","38,28","0,3649394","191,1813"
,,,"38,29","0,4453659","191,2314",,,,,,,,,,"38,29","0,4051526","191,2313","38,29","0,4102389","191,2313",,,,"38,29","0,4075368","191,2313","38,29","0,3665288","191,2313"
,,,"38,3","0,4445712","191,2814",,,,,,,,,,"38,3","0,4083315","191,2814","38,3","0,4110336","191,2811",,,,"38,3","0,4054705","191,2813","38,3","0,3698667","191,2813"
,,,"38,31","0,4429817","191,3313",,,,,,,,,,"38,31","0,4094442","191,3314","38,31","0,4135768","191,3313",,,,"38,31","0,4051526","191,3314","38,31","0,3728867","191,3313"
,,,"38,32","0,4404386","191,3814",,,,,,,,,,"38,32","0,4102389","191,3814","38,32","0,4143715","191,3814",,,,"38,32","0,4051526","191,3813","38,32","0,3730456","191,3814"
,,,"38,33","0,4374186","191,4314",,,,,,,,,,"38,33","0,4126231","191,4314","38,33","0,4135768","191,4313",,,,"38,33","0,4030863","191,4314","38,33","0,3728867","191,4313"
,,,"38,34","0,4361471","191,4813",,,,,,,,,,"38,34","0,415802","191,4811","38,34","0,4126231","191,4811",,,,"38,34","0,4007021","191,481","38,34","0,3730456","191,4811"
,,,"38,35","0,4358292","191,5313",,,,,,,,,,"38,35","0,4170736","191,5314","38,35","0,4110336","191,5314",,,,"38,35","0,4000664","191,5313","38,35","0,3738403","191,5313"
,,,"38,36","0,4353523","191,5814",,,,,,,,,,"38,36","0,4167557","191,5814","38,36","0,4094442","191,5813",,,,"38,36","0,3992716","191,5813","38,36","0,3746351","191,5813"
,,,"38,37","0,4348755","191,6313",,,,,,,,,,"38,37","0,4165967","191,6313","38,37","0,4102389","191,6313",,,,"38,37","0,3987948","191,6313","38,37","0,3754298","191,6313"
,,,"38,38","0,4337629","191,6813",,,,,,,,,,"38,38","0,4162788","191,6813","38,38","0,4126231","191,6811",,,,"38,38","0,4008611","191,6813","38,38","0,3757477","191,6813"
,,,"38,39","0,4318555","191,7313",,,,,,,,,,"38,39","0,4146894","191,7311","38,39","0,4135768","191,7313",,,,"38,39","0,4032453","191,7313","38,39","0,3752708","191,7313"
,,,"38,4","0,4309019","191,7814",,,,,,,,,,"38,4","0,4115105","191,7814","38,4","0,4134178","191,7813",,,,"38,4","0,4038811","191,7813","38,4","0,3749529","191,7813"
,,,"38,41","0,430584","191,8313",,,,,,,,,,"38,41","0,4075368","191,8314","38,41","0,4134178","191,8313",,,,"38,41","0,4035632","191,8313","38,41","0,3754298","191,8313"
,,,"38,42","0,4302661","191,8811",,,,,,,,,,"38,42","0,4043579","191,8813","38,42","0,412782","191,8813",,,,"38,42","0,40404","191,8813","38,42","0,3754298","191,8811"
,,,"38,43","0,4293124","191,9313",,,,,,,,,,"38,43","0,4016558","191,9313","38,43","0,4111926","191,9313",,,,"38,43","0,4046758","191,9313","38,43","0,3736814","191,9313"
,,,"38,44","0,427405","191,9813",,,,,,,,,,"38,44","0,398318","191,9814","38,44","0,4103979","191,9813",,,,"38,44","0,4051526","191,9813","38,44","0,3705025","191,9813"
,,,"38,45","0,4266103","192,0313",,,,,,,,,,"38,45","0,3919601","192,0314","38,45","0,4110336","192,0313",,,,"38,45","0,4064242","192,0313","38,45","0,369072","192,0313"
,,,"38,46","0,4266103","192,0813",,,,,,,,,,"38,46","0,3856023","192,0813","38,46","0,4103979","192,0811",,,,"38,46","0,4096031","192,0811","38,46","0,368913","192,0811"
,,,"38,47","0,4277229","192,1311",,,,,,,,,,"38,47","0,3813108","192,1313","38,47","0,4086494","192,1314",,,,"38,47","0,4135768","192,1314","38,47","0,3678004","192,1314"
,,,"38,48","0,4302661","192,1814",,,,,,,,,,"38,48","0,3786087","192,1814","38,48","0,4067421","192,1813",,,,"38,48","0,4162788","192,1814","38,48","0,3638268","192,1813"
,,,"38,49","0,433445","192,2313",,,,,,,,,,"38,49","0,3760656","192,2314","38,49","0,4046758","192,2311",,,,"38,49","0,4170736","192,2311","38,49","0,3582636","192,2313"
,,,"38,5","0,4372597","192,2813",,,,,,,,,,"38,5","0,3736814","192,2814","38,5","0,4022916","192,2811",,,,"38,5","0,4173914","192,2811","38,5","0,3561974","192,2813"
,,,"38,51","0,4409154","192,3313",,,,,,,,,,"38,51","0,3714561","192,3313","38,51","0,401179","192,3313",,,,"38,51","0,4181862","192,3313","38,51","0,3582636","192,3313"
,,,"38,52","0,442028","192,3814",,,,,,,,,,"38,52","0,369072","192,3814","38,52","0,4019737","192,3813",,,,"38,52","0,4202525","192,3813","38,52","0,3617605","192,3813"
,,,"38,53","0,4404386","192,4313",,,,,,,,,,"38,53","0,368913","192,4314","38,53","0,4038811","192,4313",,,,"38,53","0,4229546","192,4311","38,53","0,363032","192,4313"
,,,"38,54","0,439326","192,4814",,,,,,,,,,"38,54","0,3706614","192,4813","38,54","0,4067421","192,4811",,,,"38,54","0,424703","192,481","38,54","0,3617605","192,4811"
,,,"38,55","0,4417101","192,5314",,,,,,,,,,"38,55","0,3741582","192,5314","38,55","0,409921","192,5313",,,,"38,55","0,4250208","192,5313","38,55","0,3598531","192,5313"
,,,"38,56","0,445207","192,5814",,,,,,,,,,"38,56","0,3773371","192,5814","38,56","0,4110336","192,5813",,,,"38,56","0,424544","192,5813","38,56","0,3598531","192,5813"
,,,"38,57","0,4464785","192,6314",,,,,,,,,,"38,57","0,3816287","192,6314","38,57","0,4096031","192,6313",,,,"38,57","0,424703","192,6311","38,57","0,3611247","192,6313"
,,,"38,58","0,4448891","192,6814",,,,,,,,,,"38,58","0,3849665","192,6813","38,58","0,40706","192,6811",,,,"38,58","0,4254977","192,6811","38,58","0,363032","192,6811"
,,,"38,59","0,4432996","192,7314",,,,,,,,,,"38,59","0,3857613","192,7314","38,59","0,4059474","192,7311",,,,"38,59","0,4262924","192,7311","38,59","0,3650983","192,7311"
,,,"38,6","0,4440943","192,7814",,,,,,,,,,"38,6","0,3852844","192,7814","38,6","0,4067421","192,7813",,,,"38,6","0,4270872","192,7813","38,6","0,3673235","192,7813"
,,,"38,61","0,4448891","192,8314",,,,,,,,,,"38,61","0,3852844","192,8313","38,61","0,4091263","192,8311",,,,"38,61","0,4278819","192,8313","38,61","0,3685951","192,8311"
,,,"38,62","0,4429817","192,8814",,,,,,,,,,"38,62","0,3852844","192,8813","38,62","0,4123052","192,8811",,,,"38,62","0,4277229","192,8811","38,62","0,369072","192,8811"
,,,"38,63","0,4405975","192,9314",,,,,,,,,,"38,63","0,3840128","192,9314","38,63","0,4151662","192,9311",,,,"38,63","0,4277229","192,9311","38,63","0,3682772","192,9313"
,,,"38,64","0,4388491","192,9814",,,,,,,,,,"38,64","0,3816287","192,9814","38,64","0,4178683","192,9813",,,,"38,64","0,4278819","192,9811","38,64","0,3666878","192,9811"
,,,"38,65","0,4372597","193,0314",,,,,,,,,,"38,65","0,3789266","193,0315","38,65","0,4207293","193,0311",,,,"38,65","0,4269282","193,0311","38,65","0,3649394","193,0313"
,,,"38,66","0,4340807","193,0814",,,,,,,,,,"38,66","0,377814","193,0813","38,66","0,4239082","193,0811",,,,"38,66","0,4239082","193,081","38,66","0,3638268","193,0811"
,,,"38,67","0,4302661","193,1313",,,,,,,,,,"38,67","0,3786087","193,1314","38,67","0,4266103","193,1313",,,,"38,67","0,4213651","193,1311","38,67","0,3646215","193,1313"
,,,"38,68","0,4277229","193,1815",,,,,,,,,,"38,68","0,3797213","193,1814","38,68","0,4281998","193,1811",,,,"38,68","0,4205704","193,1813","38,68","0,365893","193,1811"
,,,"38,69","0,4266103","193,2314",,,,,,,,,,"38,69","0,3800392","193,2313","38,69","0,4310608","193,2311",,,,"38,69","0,421524","193,2311","38,69","0,3662109","193,2311"
,,,"38,7","0,4266103","193,2814",,,,,,,,,,"38,7","0,380834","193,2814","38,7","0,4350344","193,2811",,,,"38,7","0,4231135","193,2811","38,7","0,3654162","193,2811"
,,,"38,71","0,4254977","193,3313",,,,,,,,,,"38,71","0,3821055","193,3314","38,71","0,4390081","193,3313",,,,"38,71","0,4229546","193,3311","38,71","0,3650983","193,3311"
,,,"38,72","0,4231135","193,3813",,,,,,,,,,"38,72","0,3832181","193,3815","38,72","0,442187","193,3811",,,,"38,72","0,4205704","193,3811","38,72","0,3643036","193,3811"
,,,"38,73","0,4226367","193,4314",,,,,,,,,,"38,73","0,3833771","193,4314","38,73","0,4448891","193,4313",,,,"38,73","0,4178683","193,4313","38,73","0,3625552","193,4313"
,,,"38,74","0,424544","193,4813",,,,,,,,,,"38,74","0,3825823","193,4813","38,74","0,4464785","193,481",,,,"38,74","0,4162788","193,4811","38,74","0,3609657","193,4811"
,,,"38,75","0,4253387","193,5313",,,,,,,,,,"38,75","0,3813108","193,5313","38,75","0,4469554","193,5313",,,,"38,75","0,4142126","193,5313","38,75","0,3609657","193,5313"
,,,"38,76","0,4234314","193,5814",,,,,,,,,,"38,76","0,3801982","193,5814","38,76","0,4467964","193,5811",,,,"38,76","0,4094442","193,5813","38,76","0,3598531","193,5813"
,,,"38,77","0,4229546","193,6313",,,,,,,,,,"38,77","0,380834","193,6313","38,77","0,4456838","193,6311",,,,"38,77","0,40404","193,6313","38,77","0,3579458","193,6313"
,,,"38,78","0,424544","193,6813",,,,,,,,,,"38,78","0,3817876","193,6813","38,78","0,4448891","193,6813",,,,"38,78","0,4016558","193,6811","38,78","0,357151","193,6811"
,,,"38,79","0,4270872","193,7313",,,,,,,,,,"38,79","0,3816287","193,7313","38,79","0,4440943","193,7313",,,,"38,79","0,4003843","193,7313","38,79","0,3566742","193,7313"
,,,"38,8","0,4309019","193,7814",,,,,,,,,,"38,8","0,3813108","193,7814","38,8","0,4413923","193,7813",,,,"38,8","0,3968875","193,7813","38,8","0,35429","193,7813"
,,,"38,81","0,4348755","193,8314",,,,,,,,,,"38,81","0,3825823","193,8313","38,81","0,4369418","193,8313",,,,"38,81","0,392437","193,8313","38,81","0,3515879","193,8313"
,,,"38,82","0,4369418","193,8813",,,,,,,,,,"38,82","0,3841718","193,8813","38,82","0,4318555","193,8813",,,,"38,82","0,3897349","193,8811","38,82","0,351429","193,8811"
,,,"38,83","0,4374186","193,9311",,,,,,,,,,"38,83","0,3832181","193,9313","38,83","0,4278819","193,9313",,,,"38,83","0,3879865","193,9313","38,83","0,3515879","193,9313"
,,,"38,84","0,439326","193,9813",,,,,,,,,,"38,84","0,380834","193,9814","38,84","0,4254977","193,9813",,,,"38,84","0,3856023","193,9813","38,84","0,3506342","193,9813"
,,,"38,85","0,4425049","194,0314",,,,,,,,,,"38,85","0,3805161","194,0313","38,85","0,4239082","194,0314",,,,"38,85","0,3832181","194,0314","38,85","0,3511111","194,0313"
,,,"38,86","0,4453659","194,0814",,,,,,,,,,"38,86","0,3824234","194,0811","38,86","0,4229546","194,0813",,,,"38,86","0,380834","194,0813","38,86","0,3534953","194,0813"
,,,"38,87","0,4491806","194,1311",,,,,,,,,,"38,87","0,3844897","194,1313","38,87","0,4229546","194,1314",,,,"38,87","0,3784498","194,1314","38,87","0,3566742","194,1314"
,,,"38,88","0,4533132","194,1814",,,,,,,,,,"38,88","0,3852844","194,1813","38,88","0,4229546","194,1814",,,,"38,88","0,3762245","194,1813","38,88","0,3590584","194,1814"
,,,"38,89","0,4547437","194,2313",,,,,,,,,,"38,89","0,3848076","194,2313","38,89","0,4213651","194,2314",,,,"38,89","0,3744761","194,2313","38,89","0,3606478","194,2313"
,,,"38,9","0,4547437","194,2814",,,,,,,,,,"38,9","0,3833771","194,2814","38,9","0,4189809","194,2813",,,,"38,9","0,3725688","194,2813","38,9","0,3611247","194,2814"
,,,"38,91","0,4552206","194,3313",,,,,,,,,,"38,91","0,3816287","194,3313","38,91","0,4178683","194,3314",,,,"38,91","0,3720919","194,3314","38,91","0,3627141","194,3314"
,,,"38,92","0,4555384","194,3814",,,,,,,,,,"38,92","0,3801982","194,3813","38,92","0,4178683","194,3814",,,,"38,92","0,3733635","194,3814","38,92","0,3650983","194,3814"
,,,"38,93","0,4523595","194,4314",,,,,,,,,,"38,93","0,3800392","194,4314","38,93","0,4170736","194,4313",,,,"38,93","0,3749529","194,4314","38,93","0,3654162","194,4314"
,,,"38,94","0,4483859","194,4813",,,,,,,,,,"38,94","0,3805161","194,4813","38,94","0,4162788","194,4811",,,,"38,94","0,3762245","194,4811","38,94","0,3638268","194,4811"
,,,"38,95","0,4461606","194,5314",,,,,,,,,,"38,95","0,3825823","194,5313","38,95","0,4165967","194,5313",,,,"38,95","0,3781319","194,5314","38,95","0,3649394","194,5313"
,,,"38,96","0,445207","194,5814",,,,,,,,,,"38,96","0,3848076","194,5814","38,96","0,4173914","194,5814",,,,"38,96","0,3801982","194,5814","38,96","0,3682772","194,5813"
,,,"38,97","0,4429817","194,6314",,,,,,,,,,"38,97","0,3849665","194,6314","38,97","0,4181862","194,6313",,,,"38,97","0,3817876","194,6314","38,97","0,371774","194,6313"
,,,"38,98","0,4404386","194,6813",,,,,,,,,,"38,98","0,3848076","194,6811","38,98","0,4194578","194,6813",,,,"38,98","0,3848076","194,6811","38,98","0,3738403","194,6813"
,,,"38,99","0,4372597","194,7313",,,,,,,,,,"38,99","0,3860792","194,7313","38,99","0,4207293","194,7313",,,,"38,99","0,3897349","194,7311","38,99","0,3744761","194,7313"
,,,"39","0,4337629","194,7814",,,,,,,,,,"39","0,3892581","194,7814","39","0,4213651","194,7813",,,,"39","0,3937086","194,7814","39","0,3754298","194,7814"
,,,"39,01","0,430584","194,8314",,,,,,,,,,"39,01","0,3916422","194,8314","39,01","0,4213651","194,8313",,,,"39,01","0,3959338","194,8313","39,01","0,3773371","194,8311"
,,,"39,02","0,4269282","194,8813",,,,,,,,,,"39,02","0,3932317","194,8813","39,02","0,4218419","194,8811",,,,"39,02","0,398318","194,8813","39,02","0,3786087","194,8811"
,,,"39,03","0,4223188","194,9313",,,,,,,,,,"39,03","0,3959338","194,9313","39,03","0,4221598","194,9313",,,,"39,03","0,4019737","194,9311","39,03","0,377814","194,9313"
,,,"39,04","0,4183451","194,9813",,,,,,,,,,"39,04","0,3976822","194,9814","39,04","0,4226367","194,9813",,,,"39,04","0,4059474","194,9813","39,04","0,3768603","194,9811"
,,,"39,05","0,4167557","195,0315",,,,,,,,,,"39,05","0,3964106","195,0315","39,05","0,4239082","195,0313",,,,"39,05","0,4096031","195,0313","39,05","0,3770193","195,0313"
,,,"39,06","0,4162788","195,0814",,,,,,,,,,"39,06","0,3960927","195,0814","39,06","0,4234314","195,081",,,,"39,06","0,4126231","195,081","39,06","0,3768603","195,081"
,,,"39,07","0,415802","195,1311",,,,,,,,,,"39,07","0,4007021","195,1314","39,07","0,4197756","195,1311",,,,"39,07","0,4138947","195,1313","39,07","0,3752708","195,1311"
,,,"39,08","0,4162788","195,1814",,,,,,,,,,"39,08","0,4054705","195,1815","39,08","0,4143715","195,1811",,,,"39,08","0,4150073","195,1811","39,08","0,3736814","195,1811"
,,,"39,09","0,4167557","195,2313",,,,,,,,,,"39,09","0,4067421","195,2314","39,09","0,4107157","195,2311",,,,"39,09","0,4181862","195,231","39,09","0,3744761","195,2311"
,,,"39,1","0,4170736","195,2813",,,,,,,,,,"39,1","0,4062653","195,2814","39,1","0,409921","195,2811",,,,"39,1","0,4231135","195,2811","39,1","0,3768603","195,2811"
,,,"39,11","0,4181862","195,3313",,,,,,,,,,"39,11","0,4054705","195,3314","39,11","0,409921","195,3311",,,,"39,11","0,4269282","195,3311","39,11","0,3789266","195,3311"
,,,"39,12","0,4210472","195,3814",,,,,,,,,,"39,12","0,4030863","195,3814","39,12","0,4107157","195,3811",,,,"39,12","0,4289945","195,3813","39,12","0,3816287","195,3811"
,,,"39,13","0,424544","195,4314",,,,,,,,,,"39,13","0,4014969","195,4314","39,13","0,4115105","195,4313",,,,"39,13","0,4309019","195,4313","39,13","0,383695","195,4313"
,,,"39,14","0,4281998","195,4813",,,,,,,,,,"39,14","0,401179","195,4813","39,14","0,4119873","195,481",,,,"39,14","0,4324913","195,4811","39,14","0,383695","195,481"
,,,"39,15","0,4326502","195,5313",,,,,,,,,,"39,15","0,4003843","195,5314","39,15","0,4130999","195,5313",,,,"39,15","0,433445","195,5313","39,15","0,3825823","195,5313"
,,,"39,16","0,4369418","195,5814",,,,,,,,,,"39,16","0,398318","195,5815","39,16","0,4143715","195,5811",,,,"39,16","0,4345576","195,5811","39,16","0,3805161","195,5811"
,,,"39,17","0,4396439","195,6313",,,,,,,,,,"39,17","0,3956159","195,6315","39,17","0,415802","195,6313",,,,"39,17","0,4361471","195,6313","39,17","0,377655","195,6313"
,,,"39,18","0,4409154","195,6813",,,,,,,,,,"39,18","0,3911654","195,6814","39,18","0,4178683","195,6811",,,,"39,18","0,4372597","195,6813","39,18","0,3749529","195,6811"
,,,"39,19","0,4428228","195,7311",,,,,,,,,,"39,19","0,386397","195,7313","39,19","0,4199346","195,7313",,,,"39,19","0,4374186","195,7313","39,19","0,3733635","195,7313"
,,,"39,2","0,4453659","195,7814",,,,,,,,,,"39,2","0,3852844","195,7815","39,2","0,421524","195,7814",,,,"39,2","0,4372597","195,7814","39,2","0,371774","195,7813"
,,,"39,21","0,4488627","195,8314",,,,,,,,,,"39,21","0,3849665","195,8315","39,21","0,4213651","195,8311",,,,"39,21","0,4361471","195,8313","39,21","0,3706614","195,8313"
,,,"39,22","0,4528364","195,8813",,,,,,,,,,"39,22","0,3832181","195,8813","39,22","0,4205704","195,8811",,,,"39,22","0,4348755","195,8813","39,22","0,3720919","195,8813"
,,,"39,23","0,4563332","195,9313",,,,,,,,,,"39,23","0,3832181","195,9314","39,23","0,4213651","195,9314",,,,"39,23","0,4345576","195,9313","39,23","0,3754298","195,9314"
,,,"39,24","0,4580816","195,9813",,,,,,,,,,"39,24","0,3849665","195,9814","39,24","0,4242261","195,9813",,,,"39,24","0,4353523","195,9813","39,24","0,3784498","195,981"
,,,"39,25","0,4591942","196,0314",,,,,,,,,,"39,25","0,3840128","196,0314","39,25","0,4278819","196,0314",,,,"39,25","0,4340807","196,0313","39,25","0,3794034","196,0314"
,,,"39,26","0,4588763","196,0813",,,,,,,,,,"39,26","0,380834","196,0813","39,26","0,4316966","196,0811",,,,"39,26","0,430584","196,0813","39,26","0,3786087","196,0813"
,,,"39,27","0,4572868","196,1311",,,,,,,,,,"39,27","0,3789266","196,1313","39,27","0,4345576","196,1314",,,,"39,27","0,4270872","196,1314","39,27","0,3797213","196,1315"
,,,"39,28","0,4549026","196,1814",,,,,,,,,,"39,28","0,3773371","196,1814","39,28","0,4361471","196,1814",,,,"39,28","0,4239082","196,1814","39,28","0,3829002","196,1814"
,,,"39,29","0,4520416","196,2313",,,,,,,,,,"39,29","0,3746351","196,2313","39,29","0,4364649","196,2313",,,,"39,29","0,4194578","196,2313","39,29","0,3844897","196,2313"
,,,"39,3","0,4496574","196,2813",,,,,,,,,,"39,3","0,3728867","196,2813","39,3","0,4356702","196,281",,,,"39,3","0,4138947","196,2813","39,3","0,3833771","196,2813"
,,,"39,31","0,4469554","196,3311",,,,,,,,,,"39,31","0,3705025","196,3311","39,31","0,4337629","196,3313",,,,"39,31","0,4094442","196,3313","39,31","0,3817876","196,3313"
,,,"39,32","0,442187","196,3813",,,,,,,,,,"39,32","0,3681183","196,3813","39,32","0,4321734","196,3814",,,,"39,32","0,4062653","196,3814","39,32","0,3824234","196,3813"
,,,"39,33","0,4361471","196,4313",,,,,,,,,,"39,33","0,3670057","196,4314","39,33","0,4321734","196,4313",,,,"39,33","0,4032453","196,4313","39,33","0,3833771","196,4311"
,,,"39,34","0,4309019","196,4813",,,,,,,,,,"39,34","0,3685951","196,4811","39,34","0,4342397","196,4811",,,,"39,34","0,3987948","196,481","39,34","0,3832181","196,4811"
,,,"39,35","0,4270872","196,5313",,,,,,,,,,"39,35","0,3709793","196,5313","39,35","0,4350344","196,5313",,,,"39,35","0,3943443","196,5313","39,35","0,3816287","196,5313"
,,,"39,36","0,4237493","196,5813",,,,,,,,,,"39,36","0,3722509","196,5814","39,36","0,4337629","196,5813",,,,"39,36","0,3919601","196,5813","39,36","0,3813108","196,5813"
,,,"39,37","0,4202525","196,6313",,,,,,,,,,"39,37","0,3733635","196,6313","39,37","0,433286","196,6313",,,,"39,37","0,3916422","196,6313","39,37","0,3829002","196,6311"
,,,"39,38","0,4173914","196,6813",,,,,,,,,,"39,38","0,3744761","196,6813","39,38","0,4348755","196,6811",,,,"39,38","0,3919601","196,6811","39,38","0,3832181","196,6811"
,,,"39,39","0,4150073","196,7311",,,,,,,,,,"39,39","0,3746351","196,7313","39,39","0,4356702","196,7311",,,,"39,39","0,3903707","196,7311","39,39","0,3813108","196,7311"
,,,"39,4","0,4138947","196,7813",,,,,,,,,,"39,4","0,3754298","196,7814","39,4","0,4342397","196,7813",,,,"39,4","0,3873507","196,7813","39,4","0,3797213","196,7813"
,,,"39,41","0,4150073","196,8313",,,,,,,,,,"39,41","0,3768603","196,8313","39,41","0,4309019","196,8311",,,,"39,41","0,3849665","196,8311","39,41","0,377814","196,8311"
,,,"39,42","0,4178683","196,8813",,,,,,,,,,"39,42","0,377814","196,8813","39,42","0,427405","196,8811",,,,"39,42","0,383695","196,881","39,42","0,3749529","196,8811"
,,,"39,43","0,4207293","196,9313",,,,,,,,,,"39,43","0,3781319","196,9313","39,43","0,4250208","196,9311",,,,"39,43","0,3832181","196,9311","39,43","0,3725688","196,9313"
,,,"39,44","0,4242261","196,9813",,,,,,,,,,"39,44","0,3773371","196,9814","39,44","0,4231135","196,9811",,,,"39,44","0,3841718","196,9811","39,44","0,3712972","196,9811"
,,,"39,45","0,4270872","197,0314",,,,,,,,,,"39,45","0,3757477","197,0314","39,45","0,4221598","197,0313",,,,"39,45","0,3876686","197,0313","39,45","0,3698667","197,0313"
,,,"39,46","0,4286766","197,0814",,,,,,,,,,"39,46","0,3754298","197,0814","39,46","0,4229546","197,0811",,,,"39,46","0,3897349","197,0811","39,46","0,3682772","197,0811"
,,,"39,47","0,4309019","197,1313",,,,,,,,,,"39,47","0,377655","197,1315","39,47","0,4261335","197,1313",,,,"39,47","0,3887812","197,1313","39,47","0,3678004","197,1311"
,,,"39,48","0,4342397","197,1814",,,,,,,,,,"39,48","0,3805161","197,1815","39,48","0,4286766","197,1813",,,,"39,48","0,386556","197,1811","39,48","0,3674825","197,1813"
,,,"39,49","0,4377365","197,2314",,,,,,,,,,"39,49","0,3816287","197,2314","39,49","0,4286766","197,2313",,,,"39,49","0,3857613","197,2311","39,49","0,3678004","197,2313"
,,,"39,5","0,4401207","197,2814",,,,,,,,,,"39,5","0,3816287","197,2814","39,5","0,4294713","197,2813",,,,"39,5","0,386397","197,2813","39,5","0,3701846","197,2811"
,,,"39,51","0,4432996","197,3313",,,,,,,,,,"39,51","0,3816287","197,3314","39,51","0,4326502","197,3314",,,,"39,51","0,3881454","197,3313","39,51","0,3728867","197,3313"
,,,"39,52","0,4483859","197,3815",,,,,,,,,,"39,52","0,3813108","197,3815","39,52","0,4356702","197,3813",,,,"39,52","0,3908475","197,3813","39,52","0,3738403","197,3813"
,,,"39,53","0,4531542","197,4314",,,,,,,,,,"39,53","0,3813108","197,4315","39,53","0,4364649","197,4313",,,,"39,53","0,3937086","197,4314","39,53","0,3738403","197,4314"
,,,"39,54","0,4560153","197,4814",,,,,,,,,,"39,54","0,3817876","197,4813","39,54","0,4374186","197,4811",,,,"39,54","0,3948212","197,4811","39,54","0,3752708","197,4813"
,,,"39,55","0,4580816","197,5313",,,,,,,,,,"39,55","0,3821055","197,5313","39,55","0,4396439","197,5314",,,,"39,55","0,3943443","197,5314","39,55","0,3757477","197,5313"
,,,"39,56","0,4604658","197,5814",,,,,,,,,,"39,56","0,3813108","197,5814","39,56","0,4404386","197,5811",,,,"39,56","0,3945033","197,5813","39,56","0,3730456","197,5813"
,,,"39,57","0,4615784","197,6314",,,,,,,,,,"39,57","0,3794034","197,6315","39,57","0,4398028","197,6313",,,,"39,57","0,3968875","197,6313","39,57","0,3709793","197,6313"
,,,"39,58","0,4615784","197,6814",,,,,,,,,,"39,58","0,377814","197,6813","39,58","0,4398028","197,6811",,,,"39,58","0,3992716","197,6813","39,58","0,3725688","197,6811"
,,,"39,59","0,4615784","197,7313",,,,,,,,,,"39,59","0,3768603","197,7311","39,59","0,4401207","197,7313",,,,"39,59","0,4014969","197,7313","39,59","0,3746351","197,7311"
,,,"39,6","0,459671","197,7815",,,,,,,,,,"39,6","0,3762245","197,7814","39,6","0,4412333","197,7814",,,,"39,6","0,4046758","197,7813","39,6","0,3741582","197,7814"
,,,"39,61","0,4560153","197,8314",,,,,,,,,,"39,61","0,3762245","197,8314","39,61","0,4429817","197,8313",,,,"39,61","0,4094442","197,8313","39,61","0,3728867","197,8313"
,,,"39,62","0,4520416","197,8814",,,,,,,,,,"39,62","0,3784498","197,8813","39,62","0,4440943","197,8811",,,,"39,62","0,4134178","197,8811","39,62","0,3730456","197,8813"
,,,"39,63","0,448068","197,9313",,,,,,,,,,"39,63","0,3813108","197,9313","39,63","0,4425049","197,9313",,,,"39,63","0,4162788","197,9313","39,63","0,3754298","197,9313"
,,,"39,64","0,4429817","197,9813",,,,,,,,,,"39,64","0,3825823","197,9813","39,64","0,4401207","197,9813",,,,"39,64","0,4197756","197,9813","39,64","0,3786087","197,9813"
,,,"39,65","0,4388491","198,0315",,,,,,,,,,"39,65","0,380834","198,0314","39,65","0,4390081","198,0313",,,,"39,65","0,4237493","198,0314","39,65","0,3813108","198,0314"
,,,"39,66","0,4356702","198,0814",,,,,,,,,,"39,66","0,377814","198,0813","39,66","0,4388491","198,0811",,,,"39,66","0,4270872","198,0811","39,66","0,3829002","198,0811"
,,,"39,67","0,4316966","198,1313",,,,,,,,,,"39,67","0,3768603","198,1314","39,67","0,4374186","198,1313",,,,"39,67","0,4281998","198,1314","39,67","0,383695","198,1313"
,,,"39,68","0,4269282","198,1815",,,,,,,,,,"39,68","0,3784498","198,1813","39,68","0,4353523","198,1813",,,,"39,68","0,4262924","198,1813","39,68","0,3841718","198,1813"
,,,"39,69","0,4234314","198,2313",,,,,,,,,,"39,69","0,3794034","198,2313","39,69","0,4329681","198,2313",,,,"39,69","0,4242261","198,2313","39,69","0,3832181","198,2313"
,,,"39,7","0,4218419","198,2814",,,,,,,,,,"39,7","0,3768603","198,2813","39,7","0,4301071","198,2813",,,,"39,7","0,4253387","198,2811","39,7","0,3801982","198,2813"
,,,"39,71","0,4205704","198,3311",,,,,,,,,,"39,71","0,3709793","198,3313","39,71","0,4262924","198,3313",,,,"39,71","0,4277229","198,3313","39,71","0,377814","198,3313"
,,,"39,72","0,4183451","198,3813",,,,,,,,,,"39,72","0,3654162","198,3814","39,72","0,4242261","198,3811",,,,"39,72","0,4297892","198,3814","39,72","0,3781319","198,3814"
,,,"39,73","0,4167557","198,4313",,,,,,,,,,"39,73","0,3635089","198,4313","39,73","0,4242261","198,4311",,,,"39,73","0,4326502","198,4311","39,73","0,3786087","198,4313"
,,,"39,74","0,4165967","198,4811",,,,,,,,,,"39,74","0,3649394","198,4813","39,74","0,4239082","198,4811",,,,"39,74","0,4361471","198,481","39,74","0,3781319","198,481"
,,,"39,75","0,4178683","198,5311",,,,,,,,,,"39,75","0,3674825","198,5314","39,75","0,4242261","198,5313",,,,"39,75","0,4388491","198,5313","39,75","0,377655","198,5313"
,,,"39,76","0,4207293","198,5813",,,,,,,,,,"39,76","0,3701846","198,5814","39,76","0,4262924","198,5813",,,,"39,76","0,4390081","198,5813","39,76","0,3765424","198,5813"
,,,"39,77","0,4234314","198,6313",,,,,,,,,,"39,77","0,3714561","198,6314","39,77","0,4281998","198,6313",,,,"39,77","0,4380544","198,6311","39,77","0,3754298","198,6313"
,,,"39,78","0,4254977","198,6813",,,,,,,,,,"39,78","0,3705025","198,6814","39,78","0,4278819","198,6811",,,,"39,78","0,4377365","198,6811","39,78","0,3765424","198,6811"
,,,"39,79","0,4286766","198,7311",,,,,,,,,,"39,79","0,3685951","198,7314","39,79","0,4270872","198,7313",,,,"39,79","0,4385312","198,7313","39,79","0,3792445","198,7311"
,,,"39,8","0,4326502","198,7813",,,,,,,,,,"39,8","0,365893","198,7815","39,8","0,4281998","198,7813",,,,"39,8","0,4404386","198,7813","39,8","0,3784498","198,7813"
,,,"39,81","0,4350344","198,8313",,,,,,,,,,"39,81","0,3633499","198,8314","39,81","0,4301071","198,8313",,,,"39,81","0,442028","198,8311","39,81","0,3744761","198,8313"
,,,"39,82","0,4358292","198,8813",,,,,,,,,,"39,82","0,3622373","198,8814","39,82","0,4313787","198,8811",,,,"39,82","0,4405975","198,8811","39,82","0,3701846","198,8811"
,,,"39,83","0,4377365","198,9313",,,,,,,,,,"39,83","0,3635089","198,9313","39,83","0,433286","198,9313",,,,"39,83","0,4364649","198,9313","39,83","0,3670057","198,9313"
,,,"39,84","0,4413923","198,9813",,,,,,,,,,"39,84","0,3646215","198,9815","39,84","0,4353523","198,9813",,,,"39,84","0,4318555","198,9813","39,84","0,3670057","198,9813"
,,,"39,85","0,4445712","199,0314",,,,,,,,,,"39,85","0,3654162","199,0314","39,85","0,4364649","199,0313",,,,"39,85","0,4278819","199,0313","39,85","0,368913","199,0313"
,,,"39,86","0,4460017","199,0814",,,,,,,,,,"39,86","0,3674825","199,0813","39,86","0,4374186","199,0811",,,,"39,86","0,4234314","199,0811","39,86","0,3685951","199,0811"
,,,"39,87","0,4483859","199,1313",,,,,,,,,,"39,87","0,3705025","199,1313","39,87","0,4396439","199,1313",,,,"39,87","0,4181862","199,1313","39,87","0,3678004","199,1313"
,,,"39,88","0,4520416","199,1815",,,,,,,,,,"39,88","0,3720919","199,1814","39,88","0,4417101","199,1813",,,,"39,88","0,412782","199,1813","39,88","0,3705025","199,1813"
,,,"39,89","0,4556974","199,2314",,,,,,,,,,"39,89","0,3722509","199,2313","39,89","0,4445712","199,2311",,,,"39,89","0,4078547","199,2313","39,89","0,3720919","199,2311"
,,,"39,9","0,4576047","199,2814",,,,,,,,,,"39,9","0,3733635","199,2814","39,9","0,4485448","199,2813",,,,"39,9","0,4046758","199,2813","39,9","0,368913","199,2813"
,,,"39,91","0,4571279","199,3313",,,,,,,,,,"39,91","0,3754298","199,3313","39,91","0,4523595","199,3313",,,,"39,91","0,4024506","199,3313","39,91","0,3674825","199,3313"
,,,"39,92","0,4549026","199,3814",,,,,,,,,,"39,92","0,3773371","199,3814","39,92","0,4544258","199,3813",,,,"39,92","0,3980001","199,3814","39,92","0,3712972","199,3813"
,,,"39,93","0,4533132","199,4314",,,,,,,,,,"39,93","0,3792445","199,4315","39,93","0,4552206","199,4314",,,,"39,93","0,3913244","199,4314","39,93","0,3738403","199,4313"
,,,"39,94","0,4528364","199,4814",,,,,,,,,,"39,94","0,3809929","199,4813","39,94","0,4552206","199,4811",,,,"39,94","0,3860792","199,4811","39,94","0,3736814","199,4811"
,,,"39,95","0,4512469","199,5313",,,,,,,,,,"39,95","0,3825823","199,5313","39,95","0,4544258","199,5313",,,,"39,95","0,3832181","199,5314","39,95","0,3730456","199,5314"
,,,"39,96","0,4469554","199,5814",,,,,,,,,,"39,96","0,3833771","199,5814","39,96","0,4531542","199,5813",,,,"39,96","0,3813108","199,5813","39,96","0,3701846","199,5813"
,,,"39,97","0,4425049","199,6314",,,,,,,,,,"39,97","0,383695","199,6313","39,97","0,450929","199,6314",,,,"39,97","0,3813108","199,6314","39,97","0,365893","199,6314"
,,,"39,98","0,439326","199,6814",,,,,,,,,,"39,98","0,3832181","199,6813","39,98","0,4507701","199,6811",,,,"39,98","0,3825823","199,6811","39,98","0,3643036","199,6811"
,,,"39,99","0,4377365","199,7313",,,,,,,,,,"39,99","0,3829002","199,7313","39,99","0,4536311","199,7313",,,,"39,99","0,3840128","199,7313","39,99","0,3625552","199,7314"
,,,"40","0,4372597","199,7814",,,,,,,,,,"40","0,3832181","199,7814","40","0,4563332","199,7813",,,,"40","0,383695","199,7814","40","0,3585815","199,7813"
,,,"40,01","0,4364649","199,8314",,,,,,,,,,"40,01","0,383695","199,8314","40,01","0,4547437","199,8311",,,,"40,01","0,3840128","199,8313","40,01","0,357151","199,8313"
,,,"40,02","0,4345576","199,8813",,,,,,,,,,"40,02","0,3848076","199,8813","40,02","0,4512469","199,8811",,,,"40,02","0,3857613","199,8811","40,02","0,3569921","199,8811"
,,,"40,03","0,4321734","199,9311",,,,,,,,,,"40,03","0,3849665","199,9313","40,03","0,4507701","199,9313",,,,"40,03","0,3887812","199,9313","40,03","0,3547668","199,9313"
,,,"40,04","0,4289945","199,9813",,,,,,,,,,"40,04","0,383695","199,9814","40,04","0,4523595","199,9813",,,,"40,04","0,3919601","199,9813","40,04","0,35429","199,9813"
,,,"40,05","0,4262924","200,0313",,,,,,,,,,"40,05","0,3813108","200,0314","40,05","0,4528364","200,0313",,,,"40,05","0,3960927","200,0313","40,05","0,3550847","200,0313"
,,,"40,06","0,4253387","200,0811",,,,,,,,,,"40,06","0,3794034","200,0813","40,06","0,4515648","200,0811",,,,"40,06","0,4030863","200,0811","40,06","0,3522237","200,0811"
,,,"40,07","0,4261335","200,1311",,,,,,,,,,"40,07","0,3792445","200,1313","40,07","0,4491806","200,1313",,,,"40,07","0,4102389","200,1313","40,07","0,3490448","200,1313"
,,,"40,08","0,4266103","200,1813",,,,,,,,,,"40,08","0,3792445","200,1814","40,08","0,4467964","200,1814",,,,"40,08","0,4143715","200,1813","40,08","0,3495216","200,1814"
,,,"40,09","0,4266103","200,2313",,,,,,,,,,"40,09","0,3784498","200,2314","40,09","0,4440943","200,2313",,,,"40,09","0,4167557","200,2313","40,09","0,3492037","200,2313"
,,,"40,1","0,4278819","200,2813",,,,,,,,,,"40,1","0,377814","200,2814","40,1","0,4417101","200,2811",,,,"40,1","0,4213651","200,2811","40,1","0,348409","200,2811"
,,,"40,11","0,4302661","200,3313",,,,,,,,,,"40,11","0,3781319","200,3314","40,11","0,4396439","200,3313",,,,"40,11","0,4270872","200,3311","40,11","0,3498395","200,3313"
,,,"40,12","0,4337629","200,3813",,,,,,,,,,"40,12","0,3784498","200,3814","40,12","0,4377365","200,3814",,,,"40,12","0,4313787","200,3813","40,12","0,3503164","200,3813"
,,,"40,13","0,4374186","200,4313",,,,,,,,,,"40,13","0,3786087","200,4314","40,13","0,4369418","200,4313",,,,"40,13","0,433445","200,4313","40,13","0,3490448","200,4313"
,,,"40,14","0,4417101","200,4813",,,,,,,,,,"40,14","0,3786087","200,4813","40,14","0,4358292","200,4811",,,,"40,14","0,4364649","200,481","40,14","0,3492037","200,481"
,,,"40,15","0,445207","200,5313",,,,,,,,,,"40,15","0,3781319","200,5313","40,15","0,4342397","200,5313",,,,"40,15","0,4398028","200,5313","40,15","0,3503164","200,5313"
,,,"40,16","0,4477501","200,5814",,,,,,,,,,"40,16","0,3765424","200,5815","40,16","0,4337629","200,5813",,,,"40,16","0,4425049","200,5813","40,16","0,3495216","200,5813"
,,,"40,17","0,4507701","200,6313",,,,,,,,,,"40,17","0,3746351","200,6315","40,17","0,4340807","200,6311",,,,"40,17","0,4432996","200,6313","40,17","0,3492037","200,6311"
,,,"40,18","0,4523595","200,6813",,,,,,,,,,"40,18","0,3733635","200,6813","40,18","0,4324913","200,6811",,,,"40,18","0,4428228","200,6811","40,18","0,3503164","200,6811"
,,,"40,19","0,4517237","200,7313",,,,,,,,,,"40,19","0,3725688","200,7313","40,19","0,4289945","200,7311",,,,"40,19","0,442028","200,7311","40,19","0,3503164","200,7311"
,,,"40,2","0,4520416","200,7814",,,,,,,,,,"40,2","0,3720919","200,7815","40,2","0,4261335","200,7813",,,,"40,2","0,442187","200,7811","40,2","0,3498395","200,7813"
,,,"40,21","0,4536311","200,8314",,,,,,,,,,"40,21","0,3720919","200,8314","40,21","0,424703","200,8313",,,,"40,21","0,4428228","200,8313","40,21","0,3492037","200,8313"
,,,"40,22","0,4541079","200,8814",,,,,,,,,,"40,22","0,3733635","200,8814","40,22","0,4242261","200,8811",,,,"40,22","0,4425049","200,8811","40,22","0,3482501","200,8811"
,,,"40,23","0,4531542","200,9314",,,,,,,,,,"40,23","0,3760656","200,9314","40,23","0,4237493","200,9313",,,,"40,23","0,442028","200,9313","40,23","0,3460248","200,9313"
,,,"40,24","0,4523595","200,9814",,,,,,,,,,"40,24","0,377814","200,9814","40,24","0,4229546","200,9813",,,,"40,24","0,442028","200,9813","40,24","0,3460248","200,9813"
,,,"40,25","0,4520416","201,0314",,,,,,,,,,"40,25","0,3765424","201,0315","40,25","0,4210472","201,0314",,,,"40,25","0,4409154","201,0313","40,25","0,3495216","201,0314"
,,,"40,26","0,4507701","201,0814",,,,,,,,,,"40,26","0,3746351","201,0813","40,26","0,418663","201,0811",,,,"40,26","0,4382133","201,0811","40,26","0,3523827","201,0811"
,,,"40,27","0,4477501","201,1313",,,,,,,,,,"40,27","0,3746351","201,1313","40,27","0,4170736","201,1313",,,,"40,27","0,4345576","201,1313","40,27","0,3530184","201,1313"
,,,"40,28","0,4445712","201,1814",,,,,,,,,,"40,28","0,3762245","201,1815","40,28","0,4165967","201,1813",,,,"40,28","0,4302661","201,1814","40,28","0,3527006","201,1813"
,,,"40,29","0,4413923","201,2313",,,,,,,,,,"40,29","0,3781319","201,2314","40,29","0,4167557","201,2313",,,,"40,29","0,4262924","201,2313","40,29","0,3527006","201,2313"
,,,"40,3","0,4385312","201,2814",,,,,,,,,,"40,3","0,3794034","201,2813","40,3","0,4189809","201,2813",,,,"40,3","0,4253387","201,2811","40,3","0,3527006","201,2811"
,,,"40,31","0,4361471","201,3313",,,,,,,,,,"40,31","0,3792445","201,3314","40,31","0,4218419","201,3313",,,,"40,31","0,4254977","201,3313","40,31","0,3527006","201,3313"
,,,"40,32","0,4337629","201,3813",,,,,,,,,,"40,32","0,377655","201,3814","40,32","0,4237493","201,3813",,,,"40,32","0,4258156","201,3813","40,32","0,3539721","201,3813"
,,,"40,33","0,4313787","201,4313",,,,,,,,,,"40,33","0,3768603","201,4314","40,33","0,4239082","201,4313",,,,"40,33","0,4269282","201,4313","40,33","0,3563563","201,4313"
,,,"40,34","0,4289945","201,4813",,,,,,,,,,"40,34","0,3762245","201,4811","40,34","0,4239082","201,4811",,,,"40,34","0,4285177","201,4811","40,34","0,3595352","201,4811"
,,,"40,35","0,4254977","201,5314",,,,,,,,,,"40,35","0,3744761","201,5313","40,35","0,4250208","201,5314",,,,"40,35","0,4302661","201,5313","40,35","0,3635089","201,5313"
,,,"40,36","0,4210472","201,5814",,,,,,,,,,"40,36","0,3728867","201,5814","40,36","0,4269282","201,5811",,,,"40,36","0,4324913","201,5813","40,36","0,3666878","201,5813"
,,,"40,37","0,4183451","201,6313",,,,,,,,,,"40,37","0,3738403","201,6313","40,37","0,4293124","201,6313",,,,"40,37","0,4356702","201,6313","40,37","0,3681183","201,6313"
,,,"40,38","0,418663","201,6813",,,,,,,,,,"40,38","0,3749529","201,6811","40,38","0,4316966","201,6811",,,,"40,38","0,4396439","201,6811","40,38","0,3682772","201,6811"
,,,"40,39","0,4205704","201,7313",,,,,,,,,,"40,39","0,3741582","201,7311","40,39","0,433445","201,7313",,,,"40,39","0,442187","201,7313","40,39","0,3698667","201,7314"
,,,"40,4","0,424703","201,7814",,,,,,,,,,"40,4","0,3738403","201,7814","40,4","0,4337629","201,7814",,,,"40,4","0,4436175","201,7814","40,4","0,3701846","201,7814"
,,,"40,41","0,430584","201,8313",,,,,,,,,,"40,41","0,3760656","201,8313","40,41","0,433286","201,8313",,,,"40,41","0,4453659","201,8313","40,41","0,3681183","201,8313"
,,,"40,42","0,4356702","201,8813",,,,,,,,,,"40,42","0,3770193","201,8811","40,42","0,433445","201,8811",,,,"40,42","0,4485448","201,8811","40,42","0,3654162","201,8813"
,,,"40,43","0,4374186","201,9313",,,,,,,,,,"40,43","0,3773371","201,9313","40,43","0,4348755","201,9313",,,,"40,43","0,4523595","201,9313","40,43","0,3625552","201,9313"
,,,"40,44","0,4380544","201,9811",,,,,,,,,,"40,44","0,3784498","201,9813","40,44","0,4366239","201,9813",,,,"40,44","0,4560153","201,9813","40,44","0,3593763","201,9813"
,,,"40,45","0,4390081","202,0313",,,,,,,,,,"40,45","0,3809929","202,0313","40,45","0,4382133","202,0314",,,,"40,45","0,4591942","202,0314","40,45","0,36033","202,0313"
,,,"40,46","0,4390081","202,0813",,,,,,,,,,"40,46","0,3821055","202,0813","40,46","0,4385312","202,0813",,,,"40,46","0,4588763","202,0813","40,46","0,3638268","202,0811"
,,,"40,47","0,439326","202,1311",,,,,,,,,,"40,47","0,3821055","202,1313","40,47","0,4380544","202,1313",,,,"40,47","0,4552206","202,1314","40,47","0,3635089","202,1314"
,,,"40,48","0,442028","202,1814",,,,,,,,,,"40,48","0,3824234","202,1814","40,48","0,4377365","202,1813",,,,"40,48","0,4504522","202,1813","40,48","0,3619194","202,1814"
,,,"40,49","0,445207","202,2313",,,,,,,,,,"40,49","0,3825823","202,2314","40,49","0,4372597","202,2313",,,,"40,49","0,4460017","202,2313","40,49","0,3622373","202,2313"
,,,"40,5","0,4467964","202,2813",,,,,,,,,,"40,5","0,3817876","202,2813","40,5","0,4366239","202,2813",,,,"40,5","0,4409154","202,2811","40,5","0,3611247","202,2814"
,,,"40,51","0,4467964","202,3311",,,,,,,,,,"40,51","0,3800392","202,3313","40,51","0,4350344","202,3314",,,,"40,51","0,4345576","202,3313","40,51","0,3595352","202,3313"
,,,"40,52","0,4469554","202,3814",,,,,,,,,,"40,52","0,3786087","202,3814","40,52","0,4324913","202,3814",,,,"40,52","0,4301071","202,3814","40,52","0,360171","202,3813"
,,,"40,53","0,4485448","202,4314",,,,,,,,,,"40,53","0,3789266","202,4315","40,53","0,4302661","202,4313",,,,"40,53","0,4293124","202,4311","40,53","0,36033","202,4313"
,,,"40,54","0,4515648","202,4813",,,,,,,,,,"40,54","0,3801982","202,4813","40,54","0,4286766","202,481",,,,"40,54","0,4301071","202,481","40,54","0,3593763","202,481"
,,,"40,55","0,4536311","202,5313",,,,,,,,,,"40,55","0,3801982","202,5315","40,55","0,4270872","202,5313",,,,"40,55","0,4301071","202,5313","40,55","0,3587405","202,5311"
,,,"40,56","0,4531542","202,5814",,,,,,,,,,"40,56","0,3786087","202,5814","40,56","0,4253387","202,5811",,,,"40,56","0,4301071","202,5811","40,56","0,3574689","202,5813"
,,,"40,57","0,4515648","202,6313",,,,,,,,,,"40,57","0,3773371","202,6314","40,57","0,424544","202,6311",,,,"40,57","0,4326502","202,6311","40,57","0,3554026","202,6313"
,,,"40,58","0,4517237","202,6813",,,,,,,,,,"40,58","0,3781319","202,6813","40,58","0,4242261","202,6811",,,,"40,58","0,4374186","202,6811","40,58","0,3561974","202,6811"
,,,"40,59","0,4517237","202,7314",,,,,,,,,,"40,59","0,3813108","202,7313","40,59","0,424703","202,7311",,,,"40,59","0,4409154","202,7311","40,59","0,3579458","202,7311"
,,,"40,6","0,4493395","202,7814",,,,,,,,,,"40,6","0,3856023","202,7815","40,6","0,424703","202,7813",,,,"40,6","0,442187","202,7811","40,6","0,3574689","202,7811"
,,,"40,61","0,4453659","202,8314",,,,,,,,,,"40,61","0,389576","202,8314","40,61","0,424703","202,8311",,,,"40,61","0,4440943","202,8313","40,61","0,3555616","202,8311"
,,,"40,62","0,4428228","202,8814",,,,,,,,,,"40,62","0,3916422","202,8814","40,62","0,4253387","202,8811",,,,"40,62","0,448068","202,8811","40,62","0,3550847","202,8811"
,,,"40,63","0,4409154","202,9313",,,,,,,,,,"40,63","0,3913244","202,9314","40,63","0,4253387","202,9313",,,,"40,63","0,4525185","202,9311","40,63","0,3555616","202,9313"
,,,"40,64","0,4388491","202,9814",,,,,,,,,,"40,64","0,3892581","202,9814","40,64","0,4250208","202,9811",,,,"40,64","0,4560153","202,9813","40,64","0,357151","202,9813"
,,,"40,65","0,4356702","203,0314",,,,,,,,,,"40,65","0,3876686","203,0314","40,65","0,4254977","203,0313",,,,"40,65","0,4572868","203,0314","40,65","0,360171","203,0313"
,,,"40,66","0,4318555","203,0814",,,,,,,,,,"40,66","0,3871918","203,0814","40,66","0,4262924","203,0811",,,,"40,66","0,4563332","203,0811","40,66","0,3625552","203,0811"
,,,"40,67","0,4293124","203,1313",,,,,,,,,,"40,67","0,386556","203,1313","40,67","0,4269282","203,1313",,,,"40,67","0,453949","203,1313","40,67","0,3627141","203,1313"
,,,"40,68","0,4285177","203,1814",,,,,,,,,,"40,68","0,386397","203,1814","40,68","0,4270872","203,1813",,,,"40,68","0,4504522","203,1813","40,68","0,3614426","203,1813"
,,,"40,69","0,4281998","203,2314",,,,,,,,,,"40,69","0,3868739","203,2314","40,69","0,4278819","203,2311",,,,"40,69","0,445207","203,2311","40,69","0,360171","203,2311"
,,,"40,7","0,427405","203,2814",,,,,,,,,,"40,7","0,3868739","203,2814","40,7","0,4285177","203,2811",,,,"40,7","0,4401207","203,2811","40,7","0,3595352","203,2811"
,,,"40,71","0,4266103","203,3313",,,,,,,,,,"40,71","0,3852844","203,3313","40,71","0,4289945","203,3313",,,,"40,71","0,4364649","203,3313","40,71","0,360171","203,3313"
,,,"40,72","0,4266103","203,3814",,,,,,,,,,"40,72","0,3840128","203,3814","40,72","0,4301071","203,3811",,,,"40,72","0,433445","203,3813","40,72","0,3617605","203,3813"
,,,"40,73","0,4277229","203,4314",,,,,,,,,,"40,73","0,3852844","203,4315","40,73","0,4316966","203,4313",,,,"40,73","0,4297892","203,4313","40,73","0,3641447","203,4311"
,,,"40,74","0,4293124","203,4813",,,,,,,,,,"40,74","0,3871918","203,4813","40,74","0,4326502","203,4811",,,,"40,74","0,4242261","203,4811","40,74","0,3665288","203,481"
,,,"40,75","0,4316966","203,5313",,,,,,,,,,"40,75","0,3879865","203,5313","40,75","0,4329681","203,5313",,,,"40,75","0,4181862","203,5314","40,75","0,3674825","203,5314"
,,,"40,76","0,4337629","203,5813",,,,,,,,,,"40,76","0,3879865","203,5815","40,76","0,4321734","203,5811",,,,"40,76","0,4138947","203,5811","40,76","0,3681183","203,5811"
,,,"40,77","0,4345576","203,6313",,,,,,,,,,"40,77","0,3881454","203,6314","40,77","0,4316966","203,6313",,,,"40,77","0,4126231","203,6311","40,77","0,3706614","203,6313"
,,,"40,78","0,4356702","203,6814",,,,,,,,,,"40,78","0,3881454","203,6814","40,78","0,4321734","203,6811",,,,"40,78","0,4111926","203,6813","40,78","0,3736814","203,6811"
,,,"40,79","0,4385312","203,7311",,,,,,,,,,"40,79","0,3881454","203,7313","40,79","0,4326502","203,7313",,,,"40,79","0,4078547","203,7313","40,79","0,3736814","203,7311"
,,,"40,8","0,4417101","203,7813",,,,,,,,,,"40,8","0,3881454","203,7814","40,8","0,4321734","203,7811",,,,"40,8","0,4038811","203,7813","40,8","0,3720919","203,7813"
,,,"40,81","0,445207","203,8313",,,,,,,,,,"40,81","0,3873507","203,8313","40,81","0,4310608","203,8313",,,,"40,81","0,401179","203,8313","40,81","0,3706614","203,8313"
,,,"40,82","0,4485448","203,8813",,,,,,,,,,"40,82","0,3849665","203,8811","40,82","0,4301071","203,8813",,,,"40,82","0,3992716","203,8811","40,82","0,3666878","203,8813"
,,,"40,83","0,4515648","203,9311",,,,,,,,,,"40,83","0,3825823","203,9313","40,83","0,4285177","203,9314",,,,"40,83","0,398318","203,9313","40,83","0,3609657","203,9314"
,,,"40,84","0,4525185","203,9813",,,,,,,,,,"40,84","0,3805161","203,9813","40,84","0,4253387","203,9813",,,,"40,84","0,3987948","203,9813","40,84","0,3566742","203,9813"
,,,"40,85","0,4536311","204,0313",,,,,,,,,,"40,85","0,3784498","204,0313","40,85","0,4207293","204,0313",,,,"40,85","0,3995895","204,0313","40,85","0,3555616","204,0314"
,,,"40,86","0,4555384","204,0813",,,,,,,,,,"40,86","0,3765424","204,0811","40,86","0,415802","204,0813",,,,"40,86","0,4007021","204,0813","40,86","0,3546079","204,0811"
,,,"40,87","0,45681","204,1311",,,,,,,,,,"40,87","0,3773371","204,1313","40,87","0,4119873","204,1314",,,,"40,87","0,4035632","204,1314","40,87","0,3530184","204,1314"
,,,"40,88","0,4571279","204,1814",,,,,,,,,,"40,88","0,3789266","204,1814","40,88","0,4102389","204,1813",,,,"40,88","0,4075368","204,1813","40,88","0,3503164","204,1813"
,,,"40,89","0,4555384","204,2313",,,,,,,,,,"40,89","0,3797213","204,2313","40,89","0,4110336","204,2311",,,,"40,89","0,4110336","204,2313","40,89","0,3476143","204,2313"
,,,"40,9","0,4528364","204,2814",,,,,,,,,,"40,9","0,3801982","204,2813","40,9","0,4135768","204,2813",,,,"40,9","0,4138947","204,2813","40,9","0,3476143","204,2813"
,,,"40,91","0,4493395","204,3314",,,,,,,,,,"40,91","0,380834","204,3313","40,91","0,4165967","204,3314",,,,"40,91","0,4173914","204,3314","40,91","0,3482501","204,3313"
,,,"40,92","0,4467964","204,3814",,,,,,,,,,"40,92","0,3805161","204,3814","40,92","0,418663","204,3814",,,,"40,92","0,4210472","204,3814","40,92","0,3463427","204,3814"
,,,"40,93","0,4448891","204,4314",,,,,,,,,,"40,93","0,380834","204,4314","40,93","0,4189809","204,4313",,,,"40,93","0,4258156","204,4313","40,93","0,3450712","204,4314"
,,,"40,94","0,4428228","204,4814",,,,,,,,,,"40,94","0,3832181","204,4813","40,94","0,4183451","204,4811",,,,"40,94","0,4309019","204,4811","40,94","0,345548","204,4811"
,,,"40,95","0,4412333","204,5313",,,,,,,,,,"40,95","0,386556","204,5313","40,95","0,4189809","204,5314",,,,"40,95","0,4340807","204,5314","40,95","0,3463427","204,5313"
,,,"40,96","0,4409154","204,5814",,,,,,,,,,"40,96","0,3881454","204,5814","40,96","0,4202525","204,5813",,,,"40,96","0,4364649","204,5814","40,96","0,3471375","204,5814"
,,,"40,97","0,4401207","204,6313",,,,,,,,,,"40,97","0,3887812","204,6313","40,97","0,4223188","204,6313",,,,"40,97","0,4398028","204,6313","40,97","0,3471375","204,6313"
,,,"40,98","0,4377365","204,6814",,,,,,,,,,"40,98","0,3903707","204,6814","40,98","0,4262924","204,6811",,,,"40,98","0,4436175","204,6811","40,98","0,3460248","204,6811"
,,,"40,99","0,4361471","204,7313",,,,,,,,,,"40,99","0,3921191","204,7313","40,99","0,4310608","204,7313",,,,"40,99","0,4467964","204,7311","40,99","0,3474554","204,7313"
,,,"41","0,4372597","204,7813",,,,,,,,,,"41","0,3927549","204,7815","41","0,4350344","204,7814",,,,"41","0,4499753","204,7813","41","0,3515879","204,7813"
,,,"41,01","0,4380544","204,8313",,,,,,,,,,"41,01","0,3927549","204,8313","41,01","0,4380544","204,8313",,,,"41,01","0,4523595","204,8313","41,01","0,3558795","204,8313"
,,,"41,02","0,4364649","204,8813",,,,,,,,,,"41,02","0,3940264","204,8813","41,02","0,4401207","204,8811",,,,"41,02","0,4533132","204,8811","41,02","0,36033","204,8811"
,,,"41,03","0,4348755","204,9313",,,,,,,,,,"41,03","0,3948212","204,9314","41,03","0,442187","204,9313",,,,"41,03","0,4533132","204,9313","41,03","0,3657341","204,9313"
,,,"41,04","0,4345576","204,9814",,,,,,,,,,"41,04","0,3935496","204,9814","41,04","0,445207","204,9811",,,,"41,04","0,4520416","204,9813","41,04","0,3682772","204,9813"
,,,"41,05","0,4353523","205,0314",,,,,,,,,,"41,05","0,3921191","205,0314","41,05","0,448068","205,0313",,,,"41,05","0,4485448","205,0311","41,05","0,3685951","205,0313"
,,,"41,06","0,4353523","205,0814",,,,,,,,,,"41,06","0,3900528","205,0814","41,06","0,4501343","205,0811",,,,"41,06","0,4445712","205,0811","41,06","0,371774","205,0811"
,,,"41,07","0,4358292","205,1313",,,,,,,,,,"41,07","0,386556","205,1314","41,07","0,450929","205,1313",,,,"41,07","0,4417101","205,1313","41,07","0,3752708","205,1313"
,,,"41,08","0,4361471","205,1815",,,,,,,,,,"41,08","0,3840128","205,1815","41,08","0,4512469","205,1813",,,,"41,08","0,4390081","205,1813","41,08","0,3736814","205,1813"
,,,"41,09","0,4356702","205,2314",,,,,,,,,,"41,09","0,3832181","205,2314","41,09","0,4515648","205,2311",,,,"41,09","0,4361471","205,2313","41,09","0,3706614","205,2311"
,,,"41,1","0,4348755","205,2814",,,,,,,,,,"41,1","0,3821055","205,2814","41,1","0,450929","205,2811",,,,"41,1","0,4342397","205,2811","41,1","0,3714561","205,2811"
,,,"41,11","0,4348755","205,3313",,,,,,,,,,"41,11","0,3781319","205,3314","41,11","0,4507701","205,3311",,,,"41,11","0,4316966","205,3313","41,11","0,3736814","205,3313"
,,,"41,12","0,4358292","205,3814",,,,,,,,,,"41,12","0,3738403","205,3814","41,12","0,450929","205,3813",,,,"41,12","0,4266103","205,3813","41,12","0,3762245","205,3811"
,,,"41,13","0,4377365","205,4314",,,,,,,,,,"41,13","0,3722509","205,4314","41,13","0,4499753","205,4313",,,,"41,13","0,4207293","205,4311","41,13","0,3786087","205,4311"
,,,"41,14","0,4404386","205,4813",,,,,,,,,,"41,14","0,371774","205,4813","41,14","0,4461606","205,481",,,,"41,14","0,4165967","205,4811","41,14","0,3768603","205,4811"
,,,"41,15","0,442187","205,5314",,,,,,,,,,"41,15","0,3701846","205,5314","41,15","0,4428228","205,5314",,,,"41,15","0,4135768","205,5313","41,15","0,3725688","205,5313"
,,,"41,16","0,442187","205,5815",,,,,,,,,,"41,16","0,3674825","205,5814","41,16","0,442028","205,5813",,,,"41,16","0,4110336","205,5813","41,16","0,3705025","205,5813"
,,,"41,17","0,4413923","205,6314",,,,,,,,,,"41,17","0,3654162","205,6314","41,17","0,4432996","205,6313",,,,"41,17","0,4078547","205,6313","41,17","0,3705025","205,6313"
,,,"41,18","0,4409154","205,6814",,,,,,,,,,"41,18","0,363032","205,6813","41,18","0,4437765","205,6811",,,,"41,18","0,4030863","205,6811","41,18","0,3685951","205,6811"
,,,"41,19","0,4409154","205,7311",,,,,,,,,,"41,19","0,3609657","205,7313","41,19","0,4409154","205,7313",,,,"41,19","0,398318","205,7313","41,19","0,3654162","205,7311"
,,,"41,2","0,4417101","205,7814",,,,,,,,,,"41,2","0,3619194","205,7815","41,2","0,4348755","205,7814",,,,"41,2","0,3940264","205,7814","41,2","0,3614426","205,7814"
,,,"41,21","0,445207","205,8314",,,,,,,,,,"41,21","0,3657341","205,8314","41,21","0,4289945","205,8313",,,,"41,21","0,3892581","205,8313","41,21","0,3569921","205,8313"
,,,"41,22","0,4499753","205,8813",,,,,,,,,,"41,22","0,369072","205,8813","41,22","0,4261335","205,8811",,,,"41,22","0,3844897","205,8813","41,22","0,3546079","205,8813"
,,,"41,23","0,4523595","205,9311",,,,,,,,,,"41,23","0,3709793","205,9314","41,23","0,4253387","205,9313",,,,"41,23","0,3816287","205,9314","41,23","0,3558795","205,9314"
,,,"41,24","0,4512469","205,9813",,,,,,,,,,"41,24","0,3736814","205,9813","41,24","0,4250208","205,9811",,,,"41,24","0,3813108","205,9813","41,24","0,3585815","205,9814"
,,,"41,25","0,4496574","206,0313",,,,,,,,,,"41,25","0,3770193","206,0313","41,25","0,4258156","206,0314",,,,"41,25","0,3829002","206,0314","41,25","0,3606478","206,0314"
,,,"41,26","0,4485448","206,0811",,,,,,,,,,"41,26","0,3794034","206,0813","41,26","0,4269282","206,0811",,,,"41,26","0,386397","206,0813","41,26","0,3625552","206,0813"
,,,"41,27","0,4472733","206,1311",,,,,,,,,,"41,27","0,3825823","206,1313","41,27","0,4269282","206,1314",,,,"41,27","0,3892581","206,1313","41,27","0,3643036","206,1314"
,,,"41,28","0,4456838","206,1813",,,,,,,,,,"41,28","0,3852844","206,1814","41,28","0,4270872","206,1814",,,,"41,28","0,3903707","206,1813","41,28","0,3657341","206,1813"
,,,"41,29","0,4436175","206,2313",,,,,,,,,,"41,29","0,3848076","206,2313","41,29","0,4294713","206,2313",,,,"41,29","0,3916422","206,2313","41,29","0,3678004","206,2313"
,,,"41,3","0,4412333","206,2813",,,,,,,,,,"41,3","0,3832181","206,2813","41,3","0,4321734","206,2813",,,,"41,3","0,3935496","206,2813","41,3","0,368913","206,2813"
,,,"41,31","0,4382133","206,3311",,,,,,,,,,"41,31","0,3833771","206,3313","41,31","0,433286","206,3313",,,,"41,31","0,3956159","206,3313","41,31","0,3682772","206,3313"
,,,"41,32","0,4342397","206,3814",,,,,,,,,,"41,32","0,3829002","206,3814","41,32","0,4350344","206,3814",,,,"41,32","0,3991127","206,3814","41,32","0,368913","206,3814"
,,,"41,33","0,4293124","206,4313",,,,,,,,,,"41,33","0,3825823","206,4314","41,33","0,4374186","206,4313",,,,"41,33","0,40404","206,4313","41,33","0,3714561","206,4313"
,,,"41,34","0,4239082","206,4813",,,,,,,,,,"41,34","0,3856023","206,4813","41,34","0,4361471","206,4811",,,,"41,34","0,4091263","206,4811","41,34","0,3728867","206,4811"
,,,"41,35","0,4207293","206,5313",,,,,,,,,,"41,35","0,3884633","206,5313","41,35","0,4310608","206,5313",,,,"41,35","0,4123052","206,5313","41,35","0,3712972","206,5313"
,,,"41,36","0,418663","206,5814",,,,,,,,,,"41,36","0,3873507","206,5814","41,36","0,4278819","206,5813",,,,"41,36","0,4159609","206,5813","41,36","0,3685951","206,5813"
,,,"41,37","0,415802","206,6313",,,,,,,,,,"41,37","0,3849665","206,6314","41,37","0,4286766","206,6313",,,,"41,37","0,4213651","206,6313","41,37","0,3678004","206,6313"
,,,"41,38","0,4123052","206,6813",,,,,,,,,,"41,38","0,3849665","206,6813","41,38","0,4293124","206,6811",,,,"41,38","0,4270872","206,6811","41,38","0,3706614","206,6811"
,,,"41,39","0,4111926","206,7311",,,,,,,,,,"41,39","0,3857613","206,7313","41,39","0,4286766","206,7313",,,,"41,39","0,4316966","206,7313","41,39","0,3762245","206,7313"
,,,"41,4","0,4143715","206,7813",,,,,,,,,,"41,4","0,386556","206,7814","41,4","0,4281998","206,7813",,,,"41,4","0,4340807","206,7813","41,4","0,3792445","206,7813"
,,,"41,41","0,4191399","206,8313",,,,,,,,,,"41,41","0,3884633","206,8313","41,41","0,4281998","206,8311",,,,"41,41","0,4348755","206,8313","41,41","0,3800392","206,8313"
,,,"41,42","0,4229546","206,8813",,,,,,,,,,"41,42","0,3900528","206,8813","41,42","0,4269282","206,8811",,,,"41,42","0,4348755","206,8811","41,42","0,3816287","206,8811"
,,,"41,43","0,4258156","206,9313",,,,,,,,,,"41,43","0,3897349","206,9313","41,43","0,4253387","206,9313",,,,"41,43","0,4342397","206,9313","41,43","0,3813108","206,9313"
,,,"41,44","0,4281998","206,9813",,,,,,,,,,"41,44","0,3884633","206,9814","41,44","0,4250208","206,9811",,,,"41,44","0,4329681","206,9811","41,44","0,3768603","206,9811"
,,,"41,45","0,430584","207,0314",,,,,,,,,,"41,45","0,3876686","207,0315","41,45","0,4254977","207,0313",,,,"41,45","0,4302661","207,0313","41,45","0,3730456","207,0313"
,,,"41,46","0,4329681","207,0814",,,,,,,,,,"41,46","0,386397","207,0814","41,46","0,4253387","207,0811",,,,"41,46","0,427405","207,0811","41,46","0,3714561","207,0811"
,,,"41,47","0,4356702","207,1313",,,,,,,,,,"41,47","0,3844897","207,1314","41,47","0,4237493","207,1313",,,,"41,47","0,4253387","207,1313","41,47","0,369072","207,1313"
,,,"41,48","0,439326","207,1814",,,,,,,,,,"41,48","0,3841718","207,1815","41,48","0,421524","207,1813",,,,"41,48","0,4221598","207,1813","41,48","0,3657341","207,1813"
,,,"41,49","0,4428228","207,2314",,,,,,,,,,"41,49","0,383695","207,2314","41,49","0,4218419","207,2311",,,,"41,49","0,4178683","207,2311","41,49","0,3633499","207,2311"
,,,"41,5","0,4456838","207,2814",,,,,,,,,,"41,5","0,3833771","207,2814","41,5","0,4250208","207,2811",,,,"41,5","0,4138947","207,2811","41,5","0,3627141","207,2811"
,,,"41,51","0,448068","207,3314",,,,,,,,,,"41,51","0,3852844","207,3314","41,51","0,4277229","207,3313",,,,"41,51","0,4115105","207,3313","41,51","0,3635089","207,3311"
,,,"41,52","0,4499753","207,3814",,,,,,,,,,"41,52","0,3876686","207,3815","41,52","0,4286766","207,3811",,,,"41,52","0,4103979","207,3811","41,52","0,3643036","207,3813"
,,,"41,53","0,4512469","207,4314",,,,,,,,,,"41,53","0,3873507","207,4315","41,53","0,4302661","207,4311",,,,"41,53","0,409921","207,4313","41,53","0,363032","207,4313"
,,,"41,54","0,4531542","207,4814",,,,,,,,,,"41,54","0,3879865","207,4813","41,54","0,4310608","207,4811",,,,"41,54","0,4080137","207,481","41,54","0,3617605","207,4811"
,,,"41,55","0,4555384","207,5313",,,,,,,,,,"41,55","0,3903707","207,5313","41,55","0,4309019","207,5313",,,,"41,55","0,4051526","207,5313","41,55","0,3619194","207,5313"
,,,"41,56","0,4571279","207,5814",,,,,,,,,,"41,56","0,3911654","207,5815","41,56","0,4318555","207,5813",,,,"41,56","0,4032453","207,5811","41,56","0,36033","207,5811"
,,,"41,57","0,4564921","207,6313",,,,,,,,,,"41,57","0,3900528","207,6314","41,57","0,4350344","207,6313",,,,"41,57","0,4035632","207,6313","41,57","0,3561974","207,6313"
,,,"41,58","0,4547437","207,6814",,,,,,,,,,"41,58","0,3900528","207,6813","41,58","0,4369418","207,6811",,,,"41,58","0,4038811","207,6811","41,58","0,3539721","207,6811"
,,,"41,59","0,4525185","207,7313",,,,,,,,,,"41,59","0,3892581","207,7313","41,59","0,4372597","207,7313",,,,"41,59","0,4027685","207,7311","41,59","0,3534953","207,7313"
,,,"41,6","0,450929","207,7814",,,,,,,,,,"41,6","0,3871918","207,7814","41,6","0,4388491","207,7813",,,,"41,6","0,401179","207,7813","41,6","0,3534953","207,7813"
,,,"41,61","0,4496574","207,8314",,,,,,,,,,"41,61","0,3857613","207,8314","41,61","0,4409154","207,8313",,,,"41,61","0,4000664","207,8313","41,61","0,3554026","207,8313"
,,,"41,62","0,448068","207,8813",,,,,,,,,,"41,62","0,3849665","207,8813","41,62","0,442028","207,8811",,,,"41,62","0,3999074","207,8813","41,62","0,3574689","207,8811"
,,,"41,63","0,4464785","207,9314",,,,,,,,,,"41,63","0,3821055","207,9313","41,63","0,4432996","207,9313",,,,"41,63","0,3991127","207,9311","41,63","0,3585815","207,9313"
,,,"41,64","0,4440943","207,9814",,,,,,,,,,"41,64","0,3792445","207,9813","41,64","0,4456838","207,9813",,,,"41,64","0,3968875","207,9813","41,64","0,36033","207,9811"
,,,"41,65","0,4413923","208,0314",,,,,,,,,,"41,65","0,3794034","208,0313","41,65","0,4477501","208,0313",,,,"41,65","0,3948212","208,0314","41,65","0,3638268","208,0313"
,,,"41,66","0,4382133","208,0813",,,,,,,,,,"41,66","0,3801982","208,0813","41,66","0,4488627","208,0811",,,,"41,66","0,3945033","208,0811","41,66","0,3662109","208,0811"
,,,"41,67","0,4353523","208,1311",,,,,,,,,,"41,67","0,3792445","208,1313","41,67","0,4501343","208,1313",,,,"41,67","0,3964106","208,1313","41,67","0,3682772","208,1313"
,,,"41,68","0,433445","208,1814",,,,,,,,,,"41,68","0,3792445","208,1814","41,68","0,4501343","208,1813",,,,"41,68","0,398318","208,1813","41,68","0,3701846","208,1811"
,,,"41,69","0,433445","208,2313",,,,,,,,,,"41,69","0,3801982","208,2313","41,69","0,4501343","208,2313",,,,"41,69","0,3995895","208,2313","41,69","0,3693899","208,2313"
,,,"41,7","0,433445","208,2813",,,,,,,,,,"41,7","0,3797213","208,2813","41,7","0,4528364","208,2811",,,,"41,7","0,401179","208,2813","41,7","0,3682772","208,2813"
,,,"41,71","0,4321734","208,3313",,,,,,,,,,"41,71","0,3781319","208,3313","41,71","0,45681","208,3313",,,,"41,71","0,4030863","208,3311","41,71","0,3701846","208,3313"
,,,"41,72","0,430584","208,3814",,,,,,,,,,"41,72","0,3773371","208,3814","41,72","0,4595121","208,3813",,,,"41,72","0,4038811","208,3813","41,72","0,3728867","208,3813"
,,,"41,73","0,4293124","208,4314",,,,,,,,,,"41,73","0,3749529","208,4313","41,73","0,462691","208,4313",,,,"41,73","0,4032453","208,4313","41,73","0,3725688","208,4311"
,,,"41,74","0,4262924","208,4813",,,,,,,,,,"41,74","0,3730456","208,4811","41,74","0,4658699","208,4811",,,,"41,74","0,4027685","208,4811","41,74","0,3709793","208,481"
,,,"41,75","0,4231135","208,5313",,,,,,,,,,"41,75","0,3749529","208,5314","41,75","0,4660288","208,5311",,,,"41,75","0,4035632","208,5313","41,75","0,3712972","208,5313"
,,,"41,76","0,4239082","208,5814",,,,,,,,,,"41,76","0,3781319","208,5814","41,76","0,4636447","208,5813",,,,"41,76","0,4043579","208,5813","41,76","0,3730456","208,5813"
,,,"41,77","0,4269282","208,6311",,,,,,,,,,"41,77","0,380834","208,6313","41,77","0,4623731","208,6313",,,,"41,77","0,4048347","208,6313","41,77","0,3754298","208,6311"
,,,"41,78","0,4277229","208,6813",,,,,,,,,,"41,78","0,3841718","208,6813","41,78","0,4636447","208,6813",,,,"41,78","0,4056295","208,6811","41,78","0,3770193","208,6811"
,,,"41,79","0,4281998","208,7311",,,,,,,,,,"41,79","0,3857613","208,7313","41,79","0,4650752","208,7311",,,,"41,79","0,4062653","208,7311","41,79","0,3768603","208,7313"
,,,"41,8","0,4326502","208,7814",,,,,,,,,,"41,8","0,3849665","208,7815","41,8","0,4647573","208,7813",,,,"41,8","0,40404","208,7813","41,8","0,3757477","208,7813"
,,,"41,81","0,4377365","208,8313",,,,,,,,,,"41,81","0,3857613","208,8314","41,81","0,4628499","208,8311",,,,"41,81","0,4003843","208,8313","41,81","0,3752708","208,8311"
,,,"41,82","0,4388491","208,8813",,,,,,,,,,"41,82","0,3892581","208,8813","41,82","0,4599889","208,8811",,,,"41,82","0,3991127","208,8813","41,82","0,3754298","208,8811"
,,,"41,83","0,4396439","208,9311",,,,,,,,,,"41,83","0,3897349","208,9314","41,83","0,45681","208,9313",,,,"41,83","0,3999074","208,9313","41,83","0,3765424","208,9311"
,,,"41,84","0,442028","208,9813",,,,,,,,,,"41,84","0,3868739","208,9815","41,84","0,4555384","208,9811",,,,"41,84","0,4007021","208,9811","41,84","0,3786087","208,9813"
,,,"41,85","0,4436175","209,0314",,,,,,,,,,"41,85","0,3848076","209,0314","41,85","0,4560153","209,0313",,,,"41,85","0,3987948","209,0313","41,85","0,380834","209,0314"
,,,"41,86","0,4460017","209,0814",,,,,,,,,,"41,86","0,3840128","209,0813","41,86","0,4572868","209,0811",,,,"41,86","0,3951391","209,0811","41,86","0,3824234","209,0811"
,,,"41,87","0,4517237","209,1313",,,,,,,,,,"41,87","0,3825823","209,1314","41,87","0,4571279","209,1314",,,,"41,87","0,3937086","209,1314","41,87","0,3841718","209,1314"
,,,"41,88","0,45681","209,1815",,,,,,,,,,"41,88","0,3824234","209,1814","41,88","0,4544258","209,1813",,,,"41,88","0,395298","209,1813","41,88","0,3840128","209,1814"
,,,"41,89","0,4579226","209,2313",,,,,,,,,,"41,89","0,3840128","209,2313","41,89","0,4504522","209,2313",,,,"41,89","0,3964106","209,2313","41,89","0,3813108","209,2313"
,,,"41,9","0,4571279","209,2814",,,,,,,,,,"41,9","0,3856023","209,2814","41,9","0,4469554","209,2814",,,,"41,9","0,3956159","209,2814","41,9","0,3801982","209,2814"
,,,"41,91","0,4560153","209,3313",,,,,,,,,,"41,91","0,3860792","209,3314","41,91","0,4444122","209,3314",,,,"41,91","0,3960927","209,3313","41,91","0,3801982","209,3313"
,,,"41,92","0,453949","209,3814",,,,,,,,,,"41,92","0,3857613","209,3814","41,92","0,442028","209,3813",,,,"41,92","0,3995895","209,3814","41,92","0,3781319","209,3814"
,,,"41,93","0,4531542","209,4314",,,,,,,,,,"41,93","0,3848076","209,4314","41,93","0,4398028","209,4314",,,,"41,93","0,4022916","209,4314","41,93","0,3754298","209,4313"
,,,"41,94","0,4541079","209,4813",,,,,,,,,,"41,94","0,383695","209,4813","41,94","0,4382133","209,4811",,,,"41,94","0,4027685","209,4811","41,94","0,3714561","209,4811"
,,,"41,95","0,4544258","209,5314",,,,,,,,,,"41,95","0,3852844","209,5313","41,95","0,4358292","209,5314",,,,"41,95","0,4022916","209,5314","41,95","0,3643036","209,5313"
,,,"41,96","0,4515648","209,5814",,,,,,,,,,"41,96","0,386556","209,5814","41,96","0,433445","209,5813",,,,"41,96","0,4008611","209,5813","41,96","0,3598531","209,5813"
,,,"41,97","0,4477501","209,6314",,,,,,,,,,"41,97","0,3829002","209,6313","41,97","0,433286","209,6314",,,,"41,97","0,3987948","209,6314","41,97","0,3614426","209,6314"
,,,"41,98","0,4436175","209,6814",,,,,,,,,,"41,98","0,3768603","209,6813","41,98","0,4345576","209,6813",,,,"41,98","0,3975233","209,6811","41,98","0,3609657","209,6813"
,,,"41,99","0,4382133","209,7313",,,,,,,,,,"41,99","0,3741582","209,7313","41,99","0,4364649","209,7314",,,,"41,99","0,3972054","209,7313","41,99","0,3569921","209,7314"
,,,"42","0,4337629","209,7814",,,,,,,,,,"42","0,3746351","209,7814","42","0,4390081","209,7814",,,,"42","0,3959338","209,7814","42","0,3550847","209,7814"
,,,"42,01","0,4309019","209,8314",,,,,,,,,,"42,01","0,3746351","209,8313","42,01","0,4404386","209,8313",,,,"42,01","0,3948212","209,8313","42,01","0,3523827","209,8313"
,,,"42,02","0,4281998","209,8813",,,,,,,,,,"42,02","0,3749529","209,8811","42,02","0,4388491","209,8813",,,,"42,02","0,395298","209,8811","42,02","0,3498395","209,8813"
,,,"42,03","0,424703","209,9313",,,,,,,,,,"42,03","0,3765424","209,9314","42,03","0,4366239","209,9313",,,,"42,03","0,395298","209,9314","42,03","0,3523827","209,9314"
,,,"42,04","0,4237493","209,9814",,,,,,,,,,"42,04","0,377814","209,9814","42,04","0,4372597","209,9813",,,,"42,04","0,3948212","209,9813","42,04","0,3555616","209,9813"
,,,"42,05","0,4239082","210,0313",,,,,,,,,,"42,05","0,3789266","210,0314","42,05","0,4390081","210,0313",,,,"42,05","0,3948212","210,0311","42,05","0,35429","210,0313"
,,,"42,06","0,4237493","210,0813",,,,,,,,,,"42,06","0,3816287","210,0813","42,06","0,4396439","210,0811",,,,"42,06","0,395298","210,0811","42,06","0,3547668","210,0811"
,,,"42,07","0,4253387","210,131",,,,,,,,,,"42,07","0,3848076","210,1313","42,07","0,439326","210,1311",,,,"42,07","0,3948212","210,1313","42,07","0,3566742","210,1313"
,,,"42,08","0,4297892","210,1814",,,,,,,,,,"42,08","0,3860792","210,1814","42,08","0,4396439","210,1811",,,,"42,08","0,3943443","210,1813","42,08","0,3550847","210,1811"
,,,"42,09","0,4337629","210,2313",,,,,,,,,,"42,09","0,3873507","210,2313","42,09","0,4396439","210,2313",,,,"42,09","0,3956159","210,2311","42,09","0,3555616","210,2311"
,,,"42,1","0,4361471","210,2813",,,,,,,,,,"42,1","0,3892581","210,2814","42,1","0,4404386","210,2811",,,,"42,1","0,3972054","210,2811","42,1","0,3587405","210,2811"
,,,"42,11","0,4366239","210,3313",,,,,,,,,,"42,11","0,3900528","210,3314","42,11","0,4425049","210,3311",,,,"42,11","0,3967285","210,3311","42,11","0,3587405","210,3311"
,,,"42,12","0,4342397","210,3813",,,,,,,,,,"42,12","0,389576","210,3814","42,12","0,4444122","210,3813",,,,"42,12","0,3964106","210,3813","42,12","0,3595352","210,3813"
,,,"42,13","0,4318555","210,4313",,,,,,,,,,"42,13","0,3881454","210,4314","42,13","0,4444122","210,4313",,,,"42,13","0,3976822","210,4313","42,13","0,3649394","210,4313"
,,,"42,14","0,433286","210,4813",,,,,,,,,,"42,14","0,3860792","210,4813","42,14","0,445207","210,481",,,,"42,14","0,3999074","210,481","42,14","0,3666878","210,481"
,,,"42,15","0,4374186","210,5313",,,,,,,,,,"42,15","0,3852844","210,5315","42,15","0,4472733","210,5311",,,,"42,15","0,4016558","210,531","42,15","0,3641447","210,5311"
,,,"42,16","0,4409154","210,5813",,,,,,,,,,"42,16","0,386397","210,5815","42,16","0,4472733","210,5811",,,,"42,16","0,4024506","210,5811","42,16","0,3641447","210,5811"
,,,"42,17","0,445207","210,6313",,,,,,,,,,"42,17","0,386556","210,6314","42,17","0,445207","210,6313",,,,"42,17","0,4030863","210,6311","42,17","0,363032","210,6313"
,,,"42,18","0,4512469","210,6813",,,,,,,,,,"42,18","0,3849665","210,6814","42,18","0,4445712","210,6811",,,,"42,18","0,4051526","210,6811","42,18","0,3582636","210,6811"
,,,"42,19","0,4572868","210,7313",,,,,,,,,,"42,19","0,3833771","210,7313","42,19","0,445207","210,7311",,,,"42,19","0,4086494","210,7311","42,19","0,3569921","210,731"
,,,"42,2","0,462691","210,7813",,,,,,,,,,"42,2","0,3833771","210,7815","42,2","0,4436175","210,7813",,,,"42,2","0,4103979","210,7813","42,2","0,3582636","210,7811"
,,,"42,21","0,4674594","210,8314",,,,,,,,,,"42,21","0,3833771","210,8314","42,21","0,4405975","210,8311",,,,"42,21","0,4094442","210,8311","42,21","0,357151","210,8311"
,,,"42,22","0,4698435","210,8813",,,,,,,,,,"42,22","0,3824234","210,8813","42,22","0,4401207","210,8811",,,,"42,22","0,4102389","210,8811","42,22","0,3574689","210,8811"
,,,"42,23","0,4695257","210,9313",,,,,,,,,,"42,23","0,3813108","210,9315","42,23","0,4409154","210,9313",,,,"42,23","0,4138947","210,9313","42,23","0,3606478","210,9313"
,,,"42,24","0,4690488","210,9814",,,,,,,,,,"42,24","0,3805161","210,9815","42,24","0,4398028","210,9811",,,,"42,24","0,4165967","210,9813","42,24","0,3627141","210,9813"
,,,"42,25","0,4690488","211,0314",,,,,,,,,,"42,25","0,3805161","211,0314","42,25","0,4372597","211,0313",,,,"42,25","0,4165967","211,0314","42,25","0,3635089","211,0313"
,,,"42,26","0,4671415","211,0814",,,,,,,,,,"42,26","0,3833771","211,0814","42,26","0,4342397","211,0811",,,,"42,26","0,4159609","211,0811","42,26","0,3638268","211,0811"
,,,"42,27","0,4636447","211,1313",,,,,,,,,,"42,27","0,3876686","211,1314","42,27","0,433286","211,1313",,,,"42,27","0,4173914","211,1313","42,27","0,3622373","211,1313"
,,,"42,28","0,4611015","211,1814",,,,,,,,,,"42,28","0,3905296","211,1814","42,28","0,433445","211,1813",,,,"42,28","0,4183451","211,1813","42,28","0,3598531","211,1813"
,,,"42,29","0,4588763","211,2313",,,,,,,,,,"42,29","0,3913244","211,2313","42,29","0,4340807","211,2313",,,,"42,29","0,4181862","211,2311","42,29","0,3585815","211,2311"
,,,"42,3","0,4547437","211,2814",,,,,,,,,,"42,3","0,3921191","211,2813","42,3","0,433286","211,2811",,,,"42,3","0,4183451","211,2811","42,3","0,3582636","211,2813"
,,,"42,31","0,4485448","211,3313",,,,,,,,,,"42,31","0,3927549","211,3311","42,31","0,4329681","211,3313",,,,"42,31","0,4189809","211,3313","42,31","0,3569921","211,3313"
,,,"42,32","0,4432996","211,3813",,,,,,,,,,"42,32","0,3932317","211,3813","42,32","0,4345576","211,3813",,,,"42,32","0,4183451","211,3813","42,32","0,3563563","211,3813"
,,,"42,33","0,4390081","211,4313",,,,,,,,,,"42,33","0,3948212","211,4313","42,33","0,4353523","211,4313",,,,"42,33","0,4165967","211,4313","42,33","0,3593763","211,4313"
,,,"42,34","0,433445","211,4813",,,,,,,,,,"42,34","0,395298","211,4811","42,34","0,4329681","211,4811",,,,"42,34","0,4126231","211,4811","42,34","0,3625552","211,4811"
,,,"42,35","0,4261335","211,5311",,,,,,,,,,"42,35","0,3951391","211,5313","42,35","0,4309019","211,5314",,,,"42,35","0,4067421","211,5314","42,35","0,3625552","211,5314"
,,,"42,36","0,4189809","211,5814",,,,,,,,,,"42,36","0,3951391","211,5813","42,36","0,4318555","211,5813",,,,"42,36","0,4019737","211,5813","42,36","0,3622373","211,5813"
,,,"42,37","0,4143715","211,6313",,,,,,,,,,"42,37","0,3956159","211,6314","42,37","0,4345576","211,6313",,,,"42,37","0,4003843","211,6313","42,37","0,3650983","211,6313"
,,,"42,38","0,4115105","211,6813",,,,,,,,,,"42,38","0,3951391","211,6811","42,38","0,4366239","211,6811",,,,"42,38","0,3992716","211,6811","42,38","0,3681183","211,6811"
,,,"42,39","0,4088084","211,7313",,,,,,,,,,"42,39","0,3932317","211,7311","42,39","0,4374186","211,7313",,,,"42,39","0,3967285","211,7313","42,39","0,3685951","211,7313"
,,,"42,4","0,4072189","211,7813",,,,,,,,,,"42,4","0,3919601","211,7813","42,4","0,4377365","211,7813",,,,"42,4","0,3935496","211,7813","42,4","0,3693899","211,7814"
,,,"42,41","0,4078547","211,8314",,,,,,,,,,"42,41","0,3905296","211,8313","42,41","0,4377365","211,8313",,,,"42,41","0,3908475","211,8314","42,41","0,3709793","211,8313"
,,,"42,42","0,4091263","211,8813",,,,,,,,,,"42,42","0,3884633","211,8813","42,42","0,4372597","211,8813",,,,"42,42","0,3879865","211,8811","42,42","0,3706614","211,8813"
,,,"42,43","0,4103979","211,9313",,,,,,,,,,"42,43","0,3860792","211,9313","42,43","0,4358292","211,9313",,,,"42,43","0,3833771","211,9313","42,43","0,3681183","211,9313"
,,,"42,44","0,412782","211,9813",,,,,,,,,,"42,44","0,383695","211,9813","42,44","0,4337629","211,9813",,,,"42,44","0,3784498","211,9813","42,44","0,3649394","211,9813"
,,,"42,45","0,4173914","212,0313",,,,,,,,,,"42,45","0,3813108","212,0313","42,45","0,4329681","212,0313",,,,"42,45","0,3746351","212,0313","42,45","0,3627141","212,0313"
,,,"42,46","0,4231135","212,0813",,,,,,,,,,"42,46","0,3794034","212,0813","42,46","0,4342397","212,0811",,,,"42,46","0,3722509","212,0811","42,46","0,3627141","212,0811"
,,,"42,47","0,4293124","212,1311",,,,,,,,,,"42,47","0,3789266","212,1313","42,47","0,4358292","212,1313",,,,"42,47","0,3706614","212,1314","42,47","0,3646215","212,1314"
,,,"42,48","0,4353523","212,1814",,,,,,,,,,"42,48","0,377655","212,1815","42,48","0,4377365","212,1813",,,,"42,48","0,3709793","212,1813","42,48","0,3662109","212,1813"
,,,"42,49","0,4409154","212,2313",,,,,,,,,,"42,49","0,3752708","212,2313","42,49","0,4401207","212,2313",,,,"42,49","0,3730456","212,2311","42,49","0,3682772","212,2313"
,,,"42,5","0,445207","212,2813",,,,,,,,,,"42,5","0,3722509","212,2814","42,5","0,4429817","212,2813",,,,"42,5","0,3754298","212,2813","42,5","0,3722509","212,2811"
,,,"42,51","0,448068","212,3313",,,,,,,,,,"42,51","0,3693899","212,3311","42,51","0,4445712","212,3313",,,,"42,51","0,3746351","212,3313","42,51","0,3749529","212,3314"
,,,"42,52","0,4499753","212,3814",,,,,,,,,,"42,52","0,3678004","212,3814","42,52","0,4437765","212,3814",,,,"42,52","0,3733635","212,3813","42,52","0,3733635","212,3813"
,,,"42,53","0,4517237","212,4314",,,,,,,,,,"42,53","0,3673235","212,4314","42,53","0,4429817","212,4313",,,,"42,53","0,3744761","212,4313","42,53","0,3720919","212,4313"
,,,"42,54","0,4544258","212,4814",,,,,,,,,,"42,54","0,3666878","212,4813","42,54","0,4432996","212,4811",,,,"42,54","0,3770193","212,4811","42,54","0,3738403","212,4811"
,,,"42,55","0,4579226","212,5314",,,,,,,,,,"42,55","0,3662109","212,5313","42,55","0,4436175","212,5313",,,,"42,55","0,3784498","212,5313","42,55","0,3762245","212,5311"
,,,"42,56","0,4604658","212,5815",,,,,,,,,,"42,56","0,3666878","212,5814","42,56","0,442187","212,5813",,,,"42,56","0,377814","212,5813","42,56","0,3768603","212,5813"
,,,"42,57","0,4618963","212,6314",,,,,,,,,,"42,57","0,3681183","212,6314","42,57","0,4404386","212,6313",,,,"42,57","0,3773371","212,6313","42,57","0,3770193","212,6311"
,,,"42,58","0,462691","212,6814",,,,,,,,,,"42,58","0,369072","212,6813","42,58","0,4382133","212,6811",,,,"42,58","0,3770193","212,6811","42,58","0,3765424","212,6813"
,,,"42,59","0,4642805","212,7313",,,,,,,,,,"42,59","0,3698667","212,7313","42,59","0,4356702","212,7311",,,,"42,59","0,3754298","212,7313","42,59","0,3741582","212,7313"
,,,"42,6","0,465552","212,7814",,,,,,,,,,"42,6","0,3698667","212,7815","42,6","0,4321734","212,7813",,,,"42,6","0,3738403","212,7811","42,6","0,3720919","212,7813"
,,,"42,61","0,4658699","212,8314",,,,,,,,,,"42,61","0,3685951","212,8313","42,61","0,4301071","212,8311",,,,"42,61","0,3746351","212,8311","42,61","0,3722509","212,8311"
,,,"42,62","0,4631678","212,8813",,,,,,,,,,"42,62","0,3681183","212,8813","42,62","0,430584","212,8811",,,,"42,62","0,377655","212,8811","42,62","0,3733635","212,8813"
,,,"42,63","0,4572868","212,9313",,,,,,,,,,"42,63","0,3714561","212,9313","42,63","0,4316966","212,9311",,,,"42,63","0,3816287","212,9311","42,63","0,3733635","212,9311"
,,,"42,64","0,4504522","212,9814",,,,,,,,,,"42,64","0,3765424","212,9814","42,64","0,4316966","212,9813",,,,"42,64","0,3844897","212,9813","42,64","0,3709793","212,9811"
,,,"42,65","0,4453659","213,0314",,,,,,,,,,"42,65","0,3784498","213,0314","42,65","0,4309019","213,0314",,,,"42,65","0,3852844","213,0313","42,65","0,3670057","213,0314"
,,,"42,66","0,4417101","213,0814",,,,,,,,,,"42,66","0,3789266","213,0814","42,66","0,4318555","213,0811",,,,"42,66","0,3857613","213,0811","42,66","0,3641447","213,0813"
,,,"42,67","0,4369418","213,1314",,,,,,,,,,"42,67","0,3801982","213,1314","42,67","0,4337629","213,1313",,,,"42,67","0,3879865","213,1314","42,67","0,3633499","213,1313"
,,,"42,68","0,4324913","213,1815",,,,,,,,,,"42,68","0,3805161","213,1815","42,68","0,433286","213,1811",,,,"42,68","0,3905296","213,1813","42,68","0,3627141","213,1813"
,,,"42,69","0,4294713","213,2314",,,,,,,,,,"42,69","0,3784498","213,2314","42,69","0,4309019","213,2311",,,,"42,69","0,3908475","213,2311","42,69","0,3593763","213,2313"
,,,"42,7","0,4270872","213,2814",,,,,,,,,,"42,7","0,3762245","213,2814","42,7","0,4310608","213,2813",,,,"42,7","0,3903707","213,2813","42,7","0,3554026","213,2813"
,,,"42,71","0,4234314","213,3313",,,,,,,,,,"42,71","0,3757477","213,3314","42,71","0,433286","213,3313",,,,"42,71","0,3903707","213,3314","42,71","0,3534953","213,3311"
,,,"42,72","0,418663","213,3813",,,,,,,,,,"42,72","0,3746351","213,3813","42,72","0,4340807","213,3813",,,,"42,72","0,3908475","213,3813","42,72","0,3530184","213,3811"
,,,"42,73","0,415802","213,4313",,,,,,,,,,"42,73","0,3733635","213,4314","42,73","0,4326502","213,4313",,,,"42,73","0,3916422","213,4313","42,73","0,3530184","213,4313"
,,,"42,74","0,4151662","213,4811",,,,,,,,,,"42,74","0,3736814","213,4813","42,74","0,4310608","213,4811",,,,"42,74","0,3921191","213,481","42,74","0,3523827","213,4811"
,,,"42,75","0,4159609","213,5311",,,,,,,,,,"42,75","0,3749529","213,5314","42,75","0,430584","213,5313",,,,"42,75","0,3919601","213,5313","42,75","0,3519058","213,5313"
,,,"42,76","0,4167557","213,5813",,,,,,,,,,"42,76","0,3752708","213,5814","42,76","0,4316966","213,5814",,,,"42,76","0,3908475","213,5813","42,76","0,3523827","213,5811"
,,,"42,77","0,4173914","213,6313",,,,,,,,,,"42,77","0,3744761","213,6314","42,77","0,433445","213,6313",,,,"42,77","0,3921191","213,6313","42,77","0,3538132","213,6313"
,,,"42,78","0,4178683","213,6813",,,,,,,,,,"42,78","0,3736814","213,6814","42,78","0,4342397","213,6813",,,,"42,78","0,3959338","213,6811","42,78","0,3546079","213,6813"
,,,"42,79","0,4202525","213,731",,,,,,,,,,"42,79","0,3730456","213,7311","42,79","0,4348755","213,7313",,,,"42,79","0,3975233","213,7313","42,79","0,3554026","213,7314"
,,,"42,8","0,4250208","213,7813",,,,,,,,,,"42,8","0,3736814","213,7815","42,8","0,4348755","213,7813",,,,"42,8","0,3960927","213,7814","42,8","0,3579458","213,7814"
,,,"42,81","0,4294713","213,8313",,,,,,,,,,"42,81","0,3741582","213,8314","42,81","0,4337629","213,8313",,,,"42,81","0,3940264","213,8313","42,81","0,3609657","213,8313"
,,,"42,82","0,4326502","213,8813",,,,,,,,,,"42,82","0,3738403","213,8811","42,82","0,433286","213,8811",,,,"42,82","0,3929138","213,8811","42,82","0,3627141","213,8811"
,,,"42,83","0,4353523","213,9311",,,,,,,,,,"42,83","0,3730456","213,9314","42,83","0,4342397","213,9313",,,,"42,83","0,3927549","213,9314","42,83","0,3633499","213,9313"
,,,"42,84","0,4390081","213,9811",,,,,,,,,,"42,84","0,3709793","213,9814","42,84","0,4372597","213,9813",,,,"42,84","0,3932317","213,9813","42,84","0,3654162","213,9813"
,,,"42,85","0,4436175","214,0314",,,,,,,,,,"42,85","0,369072","214,0313","42,85","0,4404386","214,0314",,,,"42,85","0,3943443","214,0314","42,85","0,3654162","214,0314"
,,,"42,86","0,4472733","214,0813",,,,,,,,,,"42,86","0,3693899","214,0813","42,86","0,442028","214,0811",,,,"42,86","0,3951391","214,0811","42,86","0,3598531","214,0813"
,,,"42,87","0,4499753","214,1311",,,,,,,,,,"42,87","0,3720919","214,1313","42,87","0,4425049","214,1314",,,,"42,87","0,3948212","214,1314","42,87","0,3558795","214,1314"
,,,"42,88","0,4531542","214,1813",,,,,,,,,,"42,88","0,3733635","214,1814","42,88","0,4428228","214,1814",,,,"42,88","0,3948212","214,1813","42,88","0,360171","214,1813"
,,,"42,89","0,4564921","214,2313",,,,,,,,,,"42,89","0,3725688","214,2313","42,89","0,4437765","214,2313",,,,"42,89","0,3960927","214,2313","42,89","0,3649394","214,2313"
,,,"42,9","0,4587173","214,2814",,,,,,,,,,"42,9","0,3701846","214,2813","42,9","0,4469554","214,2813",,,,"42,9","0,3987948","214,2813","42,9","0,3638268","214,2813"
,,,"42,91","0,4587173","214,3313",,,,,,,,,,"42,91","0,3673235","214,3314","42,91","0,4507701","214,3313",,,,"42,91","0,401179","214,3313","42,91","0,3649394","214,3313"
,,,"42,92","0,4572868","214,3814",,,,,,,,,,"42,92","0,3641447","214,3814","42,92","0,4517237","214,3814",,,,"42,92","0,401179","214,3814","42,92","0,3693899","214,3814"
,,,"42,93","0,45681","214,4313",,,,,,,,,,"42,93","0,3622373","214,4314","42,93","0,4501343","214,4314",,,,"42,93","0,401179","214,4313","42,93","0,3706614","214,4313"
,,,"42,94","0,4583994","214,4813",,,,,,,,,,"42,94","0,3617605","214,4813","42,94","0,4488627","214,4811",,,,"42,94","0,4027685","214,4811","42,94","0,3701846","214,4811"
,,,"42,95","0,4615784","214,5313",,,,,,,,,,"42,95","0,3609657","214,5314","42,95","0,4477501","214,5313",,,,"42,95","0,4051526","214,5313","42,95","0,3709793","214,5313"
,,,"42,96","0,4642805","214,5814",,,,,,,,,,"42,96","0,3598531","214,5814","42,96","0,4469554","214,5813",,,,"42,96","0,40706","214,5813","42,96","0,3673235","214,5813"
,,,"42,97","0,4650752","214,6314",,,,,,,,,,"42,97","0,3606478","214,6314","42,97","0,4472733","214,6313",,,,"42,97","0,4088084","214,6314","42,97","0,3622373","214,6313"
,,,"42,98","0,4634857","214,6813",,,,,,,,,,"42,98","0,3627141","214,6813","42,98","0,4477501","214,6813",,,,"42,98","0,4096031","214,6811","42,98","0,3641447","214,6811"
,,,"42,99","0,4599889","214,7311",,,,,,,,,,"42,99","0,3633499","214,7313","42,99","0,4460017","214,7311",,,,"42,99","0,4083315","214,731","42,99","0,3665288","214,7313"
,,,"43","0,4572868","214,7814",,,,,,,,,,"43","0,363032","214,7814","43","0,4429817","214,7813",,,,"43","0,4059474","214,7813","43","0,3657341","214,7813"
,,,"43,01","0,4564921","214,8314",,,,,,,,,,"43,01","0,3635089","214,8314","43,01","0,4409154","214,8311",,,,"43,01","0,40404","214,8311","43,01","0,3698667","214,8311"
,,,"43,02","0,4564921","214,8813",,,,,,,,,,"43,02","0,3654162","214,8813","43,02","0,439326","214,8811",,,,"43,02","0,4024506","214,881","43,02","0,3736814","214,8811"
,,,"43,03","0,4556974","214,9313",,,,,,,,,,"43,03","0,3681183","214,9314","43,03","0,4380544","214,9311",,,,"43,03","0,4014969","214,9311","43,03","0,3705025","214,9311"
,,,"43,04","0,4528364","214,9814",,,,,,,,,,"43,04","0,3693899","214,9814","43,04","0,4374186","214,9811",,,,"43,04","0,3992716","214,9811","43,04","0,3730456","214,9811"
,,,"43,05","0,4501343","215,0314",,,,,,,,,,"43,05","0,3697077","215,0314","43,05","0,4364649","215,0311",,,,"43,05","0,3959338","215,0311","43,05","0,3809929","215,0311"
,,,"43,06","0,4496574","215,0814",,,,,,,,,,"43,06","0,3701846","215,0814","43,06","0,4324913","215,0811",,,,"43,06","0,3919601","215,081","43,06","0,3781319","215,081"
,,,"43,07","0,4504522","215,1313",,,,,,,,,,"43,07","0,3709793","215,1314","43,07","0,4281998","215,1313",,,,"43,07","0,3887812","215,1313","43,07","0,371774","215,1311"
,,,"43,08","0,4507701","215,1814",,,,,,,,,,"43,08","0,3714561","215,1815","43,08","0,4266103","215,1813",,,,"43,08","0,3852844","215,1813","43,08","0,3736814","215,1813"
,,,"43,09","0,4496574","215,2314",,,,,,,,,,"43,09","0,371774","215,2314","43,09","0,4253387","215,2311",,,,"43,09","0,3817876","215,2311","43,09","0,3741582","215,2311"
,,,"43,1","0,4477501","215,2813",,,,,,,,,,"43,1","0,3728867","215,2815","43,1","0,4221598","215,2811",,,,"43,1","0,3800392","215,2811","43,1","0,3736814","215,2811"
,,,"43,11","0,4453659","215,3313",,,,,,,,,,"43,11","0,3725688","215,3314","43,11","0,4191399","215,3311",,,,"43,11","0,3789266","215,3313","43,11","0,3789266","215,3311"
,,,"43,12","0,442187","215,3814",,,,,,,,,,"43,12","0,3698667","215,3815","43,12","0,4178683","215,3813",,,,"43,12","0,3768603","215,3811","43,12","0,3821055","215,3813"
,,,"43,13","0,4388491","215,4314",,,,,,,,,,"43,13","0,3674825","215,4315","43,13","0,4170736","215,4311",,,,"43,13","0,3746351","215,4311","43,13","0,3794034","215,4311"
,,,"43,14","0,4358292","215,4814",,,,,,,,,,"43,14","0,3673235","215,4813","43,14","0,4165967","215,481",,,,"43,14","0,3738403","215,481","43,14","0,3821055","215,481"
,,,"43,15","0,4348755","215,5313",,,,,,,,,,"43,15","0,3673235","215,5314","43,15","0,4159609","215,5313",,,,"43,15","0,3728867","215,5313","43,15","0,3860792","215,5313"
,,,"43,16","0,4348755","215,5814",,,,,,,,,,"43,16","0,3673235","215,5815","43,16","0,4150073","215,5813",,,,"43,16","0,3709793","215,5811","43,16","0,3840128","215,5811"
,,,"43,17","0,4342397","215,6314",,,,,,,,,,"43,17","0,3693899","215,6314","43,17","0,4151662","215,6313",,,,"43,17","0,368913","215,6313","43,17","0,3841718","215,6313"
,,,"43,18","0,4342397","215,6813",,,,,,,,,,"43,18","0,3730456","215,6813","43,18","0,4181862","215,6811",,,,"43,18","0,3662109","215,6811","43,18","0,3889402","215,6811"
,,,"43,19","0,4364649","215,7313",,,,,,,,,,"43,19","0,3749529","215,7313","43,19","0,4213651","215,7311",,,,"43,19","0,3627141","215,7313","43,19","0,3900528","215,7313"
,,,"43,2","0,4401207","215,7814",,,,,,,,,,"43,2","0,3746351","215,7814","43,2","0,4237493","215,7814",,,,"43,2","0,360171","215,7814","43,2","0,3889402","215,7813"
,,,"43,21","0,4432996","215,8313",,,,,,,,,,"43,21","0,3752708","215,8314","43,21","0,424703","215,8313",,,,"43,21","0,360171","215,8311","43,21","0,3905296","215,8314"
,,,"43,22","0,4445712","215,8813",,,,,,,,,,"43,22","0,3773371","215,8813","43,22","0,4253387","215,8813",,,,"43,22","0,3606478","215,8811","43,22","0,3897349","215,8811"
,,,"43,23","0,445207","215,9313",,,,,,,,,,"43,23","0,3800392","215,9313","43,23","0,4254977","215,9314",,,,"43,23","0,36033","215,9314","43,23","0,3873507","215,9314"
,,,"43,24","0,4464785","215,9813",,,,,,,,,,"43,24","0,3817876","215,9814","43,24","0,427405","215,9814",,,,"43,24","0,3611247","215,9814","43,24","0,3871918","215,9814"
,,,"43,25","0,448068","216,0314",,,,,,,,,,"43,25","0,3829002","216,0313","43,25","0,430584","216,0314",,,,"43,25","0,3633499","216,0313","43,25","0,3873507","216,0313"
,,,"43,26","0,4499753","216,0813",,,,,,,,,,"43,26","0,3833771","216,0811","43,26","0,433286","216,0811",,,,"43,26","0,3643036","216,0813","43,26","0,3849665","216,0811"
,,,"43,27","0,4517237","216,1311",,,,,,,,,,"43,27","0,3840128","216,1311","43,27","0,4348755","216,1314",,,,"43,27","0,3649394","216,1313","43,27","0,3833771","216,1314"
,,,"43,28","0,4536311","216,1814",,,,,,,,,,"43,28","0,3848076","216,1814","43,28","0,4380544","216,1813",,,,"43,28","0,3670057","216,1814","43,28","0,3817876","216,1813"
,,,"43,29","0,4571279","216,2313",,,,,,,,,,"43,29","0,3848076","216,2313","43,29","0,442187","216,2313",,,,"43,29","0,3706614","216,2313","43,29","0,377655","216,2313"
,,,"43,3","0,4623731","216,2814",,,,,,,,,,"43,3","0,3833771","216,2813","43,3","0,4464785","216,2811",,,,"43,3","0,3733635","216,2813","43,3","0,3738403","216,2813"
,,,"43,31","0,4650752","216,3313",,,,,,,,,,"43,31","0,3817876","216,3313","43,31","0,4493395","216,3313",,,,"43,31","0,3752708","216,3313","43,31","0,3725688","216,3313"
,,,"43,32","0,4644394","216,3813",,,,,,,,,,"43,32","0,3805161","216,3813","43,32","0,4501343","216,3814",,,,"43,32","0,3770193","216,3813","43,32","0,3712972","216,3814"
,,,"43,33","0,4647573","216,4313",,,,,,,,,,"43,33","0,3805161","216,4313","43,33","0,4496574","216,4313",,,,"43,33","0,3784498","216,4313","43,33","0,3701846","216,4311"
,,,"43,34","0,4666646","216,4814",,,,,,,,,,"43,34","0,3825823","216,4811","43,34","0,4501343","216,4811",,,,"43,34","0,3809929","216,4811","43,34","0,3701846","216,481"
,,,"43,35","0,468413","216,5313",,,,,,,,,,"43,35","0,3841718","216,5314","43,35","0,4517237","216,5313",,,,"43,35","0,3852844","216,5313","43,35","0,369072","216,5313"
,,,"43,36","0,4698435","216,5813",,,,,,,,,,"43,36","0,3829002","216,5814","43,36","0,4523595","216,5811",,,,"43,36","0,3892581","216,5813","43,36","0,3662109","216,5813"
,,,"43,37","0,471433","216,6313",,,,,,,,,,"43,37","0,3801982","216,6314","43,37","0,4536311","216,6313",,,,"43,37","0,3927549","216,6313","43,37","0,3646215","216,6313"
,,,"43,38","0,471433","216,6814",,,,,,,,,,"43,38","0,3781319","216,6811","43,38","0,4563332","216,6811",,,,"43,38","0,3964106","216,6811","43,38","0,3649394","216,6811"
,,,"43,39","0,4698435","216,7313",,,,,,,,,,"43,39","0,3752708","216,7313","43,39","0,4579226","216,7313",,,,"43,39","0,4007021","216,7313","43,39","0,3646215","216,7311"
,,,"43,4","0,4703204","216,7813",,,,,,,,,,"43,4","0,3728867","216,7814","43,4","0,4571279","216,7813",,,,"43,4","0,4024506","216,7813","43,4","0,3635089","216,7813"
,,,"43,41","0,4707972","216,8313",,,,,,,,,,"43,41","0,3722509","216,8313","43,41","0,4552206","216,8311",,,,"43,41","0,4019737","216,8311","43,41","0,3625552","216,8313"
,,,"43,42","0,4674594","216,8813",,,,,,,,,,"43,42","0,3725688","216,8814","43,42","0,4541079","216,8811",,,,"43,42","0,4032453","216,881","43,42","0,3614426","216,8811"
,,,"43,43","0,4623731","216,9313",,,,,,,,,,"43,43","0,3722509","216,9313","43,43","0,4555384","216,9313",,,,"43,43","0,4056295","216,9313","43,43","0,3619194","216,9311"
,,,"43,44","0,4576047","216,9814",,,,,,,,,,"43,44","0,3714561","216,9814","43,44","0,4603068","216,9813",,,,"43,44","0,4075368","216,9811","43,44","0,3641447","216,9811"
,,,"43,45","0,450929","217,0315",,,,,,,,,,"43,45","0,3706614","217,0314","43,45","0,4650752","217,0313",,,,"43,45","0,4080137","217,0313","43,45","0,3670057","217,0313"
,,,"43,46","0,4428228","217,0814",,,,,,,,,,"43,46","0,3693899","217,0814","43,46","0,4666646","217,0811",,,,"43,46","0,4059474","217,0811","43,46","0,3678004","217,0811"
,,,"43,47","0,4358292","217,1313",,,,,,,,,,"43,47","0,3670057","217,1313","43,47","0,465552","217,1313",,,,"43,47","0,4022916","217,1313","43,47","0,365893","217,1313"
,,,"43,48","0,4286766","217,1814",,,,,,,,,,"43,48","0,3643036","217,1814","43,48","0,4639626","217,1813",,,,"43,48","0,3980001","217,1813","43,48","0,3635089","217,1813"
,,,"43,49","0,4202525","217,2313",,,,,,,,,,"43,49","0,363032","217,2314","43,49","0,462691","217,2313",,,,"43,49","0,3956159","217,2313","43,49","0,363032","217,2313"
,,,"43,5","0,4130999","217,2814",,,,,,,,,,"43,5","0,3635089","217,2814","43,5","0,4604658","217,2811",,,,"43,5","0,3951391","217,2814","43,5","0,3643036","217,2813"
,,,"43,51","0,4078547","217,3313",,,,,,,,,,"43,51","0,3638268","217,3313","43,51","0,4579226","217,3313",,,,"43,51","0,3937086","217,3313","43,51","0,3662109","217,3313"
,,,"43,52","0,4027685","217,3815",,,,,,,,,,"43,52","0,3638268","217,3815","43,52","0,4549026","217,3813",,,,"43,52","0,3921191","217,3813","43,52","0,3682772","217,3813"
,,,"43,53","0,3987948","217,4314",,,,,,,,,,"43,53","0,3657341","217,4314","43,53","0,4515648","217,4313",,,,"43,53","0,3911654","217,4313","43,53","0,3693899","217,4314"
,,,"43,54","0,3984769","217,4813",,,,,,,,,,"43,54","0,368913","217,4813","43,54","0,448068","217,4811",,,,"43,54","0,3889402","217,4811","43,54","0,368913","217,481"
,,,"43,55","0,4003843","217,5313",,,,,,,,,,"43,55","0,3709793","217,5314","43,55","0,4432996","217,5313",,,,"43,55","0,3857613","217,5313","43,55","0,3685951","217,5313"
,,,"43,56","0,4019737","217,5814",,,,,,,,,,"43,56","0,3725688","217,5814","43,56","0,4374186","217,5813",,,,"43,56","0,3825823","217,5813","43,56","0,3685951","217,5811"
,,,"43,57","0,4046758","217,6314",,,,,,,,,,"43,57","0,3746351","217,6314","43,57","0,4318555","217,6313",,,,"43,57","0,3801982","217,6313","43,57","0,3678004","217,6313"
,,,"43,58","0,4091263","217,6814",,,,,,,,,,"43,58","0,3765424","217,6813","43,58","0,427405","217,6811",,,,"43,58","0,3786087","217,6813","43,58","0,3670057","217,6813"
,,,"43,59","0,4138947","217,7313",,,,,,,,,,"43,59","0,3786087","217,7313","43,59","0,4223188","217,7311",,,,"43,59","0,3770193","217,7311","43,59","0,3674825","217,7311"
,,,"43,6","0,4183451","217,7814",,,,,,,,,,"43,6","0,3805161","217,7814","43,6","0,4167557","217,7813",,,,"43,6","0,3749529","217,7813","43,6","0,3678004","217,7813"
,,,"43,61","0,4237493","217,8314",,,,,,,,,,"43,61","0,3805161","217,8314","43,61","0,4138947","217,8313",,,,"43,61","0,3722509","217,8313","43,61","0,3670057","217,8313"
,,,"43,62","0,4294713","217,8814",,,,,,,,,,"43,62","0,3794034","217,8813","43,62","0,4142126","217,8811",,,,"43,62","0,3705025","217,8811","43,62","0,3678004","217,8811"
,,,"43,63","0,4337629","217,9313",,,,,,,,,,"43,63","0,3794034","217,9313","43,63","0,4146894","217,9313",,,,"43,63","0,3701846","217,9313","43,63","0,3697077","217,9313"
,,,"43,64","0,4369418","217,9813",,,,,,,,,,"43,64","0,3786087","217,9814","43,64","0,4135768","217,9811",,,,"43,64","0,3705025","217,9811","43,64","0,3697077","217,9813"
,,,"43,65","0,4409154","218,0314",,,,,,,,,,"43,65","0,3762245","218,0313","43,65","0,4134178","218,0313",,,,"43,65","0,3722509","218,0313","43,65","0,369072","218,0313"
,,,"43,66","0,4445712","218,0813",,,,,,,,,,"43,66","0,3749529","218,0813","43,66","0,4142126","218,0811",,,,"43,66","0,3757477","218,0813","43,66","0,369072","218,0811"
,,,"43,67","0,4485448","218,1311",,,,,,,,,,"43,67","0,3760656","218,1313","43,67","0,4143715","218,1314",,,,"43,67","0,377655","218,1313","43,67","0,3681183","218,1314"
,,,"43,68","0,453949","218,1813",,,,,,,,,,"43,68","0,377655","218,1814","43,68","0,4135768","218,1813",,,,"43,68","0,3768603","218,1813","43,68","0,3666878","218,1813"
,,,"43,69","0,4591942","218,2313",,,,,,,,,,"43,69","0,3773371","218,2313","43,69","0,4134178","218,2311",,,,"43,69","0,3752708","218,2311","43,69","0,3657341","218,2313"
,,,"43,7","0,4639626","218,2813",,,,,,,,,,"43,7","0,3768603","218,2814","43,7","0,4134178","218,2813",,,,"43,7","0,3754298","218,2813","43,7","0,3641447","218,2813"
,,,"43,71","0,4674594","218,3311",,,,,,,,,,"43,71","0,3765424","218,3313","43,71","0,4135768","218,3313",,,,"43,71","0,377655","218,3313","43,71","0,3619194","218,3313"
,,,"43,72","0,4698435","218,3813",,,,,,,,,,"43,72","0,3770193","218,3813","43,72","0,4150073","218,3813",,,,"43,72","0,3800392","218,3813","43,72","0,3606478","218,3813"
,,,"43,73","0,4700025","218,4313",,,,,,,,,,"43,73","0,3786087","218,4314","43,73","0,4167557","218,4313",,,,"43,73","0,3825823","218,4313","43,73","0,36033","218,4313"
,,,"43,74","0,4692078","218,4811",,,,,,,,,,"43,74","0,3797213","218,4813","43,74","0,4173914","218,481",,,,"43,74","0,3844897","218,4811","43,74","0,3609657","218,4811"
,,,"43,75","0,468413","218,5311",,,,,,,,,,"43,75","0,3792445","218,5315","43,75","0,4178683","218,5311",,,,"43,75","0,386556","218,5313","43,75","0,3635089","218,5311"
,,,"43,76","0,4676183","218,5813",,,,,,,,,,"43,76","0,377655","218,5815","43,76","0,4189809","218,5813",,,,"43,76","0,3887812","218,5813","43,76","0,3674825","218,5813"
,,,"43,77","0,4666646","218,6313",,,,,,,,,,"43,77","0,3762245","218,6314","43,77","0,4210472","218,6313",,,,"43,77","0,3905296","218,6313","43,77","0,3706614","218,6313"
,,,"43,78","0,4636447","218,6813",,,,,,,,,,"43,78","0,3749529","218,6813","43,78","0,4234314","218,6811",,,,"43,78","0,3916422","218,6811","43,78","0,371774","218,6813"
,,,"43,79","0,4579226","218,7311",,,,,,,,,,"43,79","0,3749529","218,7313","43,79","0,4269282","218,7311",,,,"43,79","0,3913244","218,7311","43,79","0,3720919","218,7311"
,,,"43,8","0,4523595","218,7813",,,,,,,,,,"43,8","0,3762245","218,7814","43,8","0,4302661","218,7813",,,,"43,8","0,3908475","218,7813","43,8","0,3725688","218,7813"
,,,"43,81","0,4501343","218,8313",,,,,,,,,,"43,81","0,3770193","218,8313","43,81","0,4316966","218,8313",,,,"43,81","0,3919601","218,8311","43,81","0,3722509","218,8311"
,,,"43,82","0,4496574","218,8811",,,,,,,,,,"43,82","0,377655","218,8813","43,82","0,4326502","218,8811",,,,"43,82","0,3945033","218,8811","43,82","0,3706614","218,8811"
,,,"43,83","0,4469554","218,9313",,,,,,,,,,"43,83","0,3784498","218,9313","43,83","0,4353523","218,9313",,,,"43,83","0,3960927","218,9313","43,83","0,3706614","218,9313"
,,,"43,84","0,4429817","218,9814",,,,,,,,,,"43,84","0,377655","218,9814","43,84","0,4377365","218,9813",,,,"43,84","0,3964106","218,9813","43,84","0,3741582","218,9813"
,,,"43,85","0,4390081","219,0314",,,,,,,,,,"43,85","0,3752708","219,0314","43,85","0,4372597","219,0313",,,,"43,85","0,3967285","219,0314","43,85","0,377655","219,0314"
,,,"43,86","0,4348755","219,0814",,,,,,,,,,"43,86","0,3733635","219,0814","43,86","0,4358292","219,0813",,,,"43,86","0,3975233","219,0811","43,86","0,3781319","219,0811"
,,,"43,87","0,4309019","219,1313",,,,,,,,,,"43,87","0,3725688","219,1313","43,87","0,4369418","219,1313",,,,"43,87","0,3972054","219,1313","43,87","0,377655","219,1314"
,,,"43,88","0,4269282","219,1814",,,,,,,,,,"43,88","0,3712972","219,1814","43,88","0,4382133","219,1813",,,,"43,88","0,3964106","219,1813","43,88","0,3770193","219,1814"
,,,"43,89","0,4226367","219,2314",,,,,,,,,,"43,89","0,369072","219,2314","43,89","0,4382133","219,2313",,,,"43,89","0,3956159","219,2313","43,89","0,3768603","219,2313"
,,,"43,9","0,4197756","219,2814",,,,,,,,,,"43,9","0,3674825","219,2813","43,9","0,4401207","219,2813",,,,"43,9","0,3960927","219,2813","43,9","0,377655","219,2813"
,,,"43,91","0,4199346","219,3313",,,,,,,,,,"43,91","0,3662109","219,3314","43,91","0,4429817","219,3313",,,,"43,91","0,398318","219,3314","43,91","0,3792445","219,3313"
,,,"43,92","0,4218419","219,3815",,,,,,,,,,"43,92","0,3643036","219,3814","43,92","0,4429817","219,3813",,,,"43,92","0,3995895","219,3813","43,92","0,3792445","219,3813"
,,,"43,93","0,4226367","219,4314",,,,,,,,,,"43,93","0,3638268","219,4314","43,93","0,4398028","219,4313",,,,"43,93","0,398318","219,4313","43,93","0,3770193","219,4313"
,,,"43,94","0,4223188","219,4814",,,,,,,,,,"43,94","0,3657341","219,4813","43,94","0,4374186","219,4811",,,,"43,94","0,3964106","219,4811","43,94","0,3746351","219,4811"
,,,"43,95","0,4234314","219,5313",,,,,,,,,,"43,95","0,3665288","219,5313","43,95","0,4364649","219,5314",,,,"43,95","0,395298","219,5313","43,95","0,3744761","219,5314"
,,,"43,96","0,4254977","219,5814",,,,,,,,,,"43,96","0,3638268","219,5814","43,96","0,4364649","219,5813",,,,"43,96","0,395298","219,5813","43,96","0,3752708","219,5813"
,,,"43,97","0,4277229","219,6314",,,,,,,,,,"43,97","0,3611247","219,6313","43,97","0,4382133","219,6313",,,,"43,97","0,395298","219,6313","43,97","0,3757477","219,6313"
,,,"43,98","0,4302661","219,6814",,,,,,,,,,"43,98","0,36033","219,6813","43,98","0,4409154","219,6813",,,,"43,98","0,3945033","219,6811","43,98","0,3741582","219,6811"
,,,"43,99","0,4329681","219,7313",,,,,,,,,,"43,99","0,3609657","219,7313","43,99","0,4413923","219,7313",,,,"43,99","0,3929138","219,7313","43,99","0,3714561","219,7313"
,,,"44","0,4356702","219,7814",,,,,,,,,,"44","0,3619194","219,7814","44","0,4388491","219,7814",,,,"44","0,3916422","219,7814","44","0,3693899","219,7814"
,,,"44,01","0,4388491","219,8313",,,,,,,,,,"44,01","0,3627141","219,8313","44,01","0,4342397","219,8313",,,,"44,01","0,3903707","219,8313","44,01","0,368913","219,8313"
,,,"44,02","0,4425049","219,8813",,,,,,,,,,"44,02","0,3643036","219,8813","44,02","0,4309019","219,8813",,,,"44,02","0,3889402","219,8811","44,02","0,369072","219,8811"
,,,"44,03","0,4456838","219,9313",,,,,,,,,,"44,03","0,3673235","219,9313","44,03","0,430584","219,9313",,,,"44,03","0,3876686","219,9313","44,03","0,3697077","219,9313"
,,,"44,04","0,4485448","219,9813",,,,,,,,,,"44,04","0,3701846","219,9813","44,04","0,4316966","219,9811",,,,"44,04","0,386556","219,9813","44,04","0,368913","219,9813"
,,,"44,05","0,4528364","220,0314",,,,,,,,,,"44,05","0,3712972","220,0314","44,05","0,4309019","220,0313",,,,"44,05","0,3856023","220,0313","44,05","0,3674825","220,0311"
,,,"44,06","0,4563332","220,0813",,,,,,,,,,"44,06","0,3701846","220,0813","44,06","0,4266103","220,0811",,,,"44,06","0,3848076","220,0811","44,06","0,3678004","220,0811"
,,,"44,07","0,4576047","220,1311",,,,,,,,,,"44,07","0,368913","220,1313","44,07","0,421524","220,1314",,,,"44,07","0,3841718","220,1313","44,07","0,369072","220,1314"
,,,"44,08","0,4583994","220,1814",,,,,,,,,,"44,08","0,3693899","220,1814","44,08","0,4178683","220,1813",,,,"44,08","0,3829002","220,1813","44,08","0,368913","220,1813"
,,,"44,09","0,4572868","220,2314",,,,,,,,,,"44,09","0,3712972","220,2313","44,09","0,4146894","220,2311",,,,"44,09","0,3825823","220,2311","44,09","0,3666878","220,2313"
,,,"44,1","0,4533132","220,2814",,,,,,,,,,"44,1","0,3730456","220,2813","44,1","0,4111926","220,2811",,,,"44,1","0,3840128","220,2813","44,1","0,3638268","220,2811"
,,,"44,11","0,4485448","220,3313",,,,,,,,,,"44,11","0,3738403","220,3313","44,11","0,4088084","220,3313",,,,"44,11","0,3857613","220,3313","44,11","0,3606478","220,3311"
,,,"44,12","0,4460017","220,3813",,,,,,,,,,"44,12","0,3730456","220,3814","44,12","0,4083315","220,3813",,,,"44,12","0,3871918","220,3814","44,12","0,3582636","220,3813"
,,,"44,13","0,4429817","220,4314",,,,,,,,,,"44,13","0,3720919","220,4314","44,13","0,4083315","220,4311",,,,"44,13","0,3868739","220,4311","44,13","0,3577868","220,4313"
,,,"44,14","0,4382133","220,4814",,,,,,,,,,"44,14","0,3733635","220,4813","44,14","0,4072189","220,481",,,,"44,14","0,3857613","220,481","44,14","0,3593763","220,4811"
,,,"44,15","0,4326502","220,5314",,,,,,,,,,"44,15","0,377814","220,5314","44,15","0,4051526","220,5313",,,,"44,15","0,3856023","220,5313","44,15","0,3625552","220,5311"
,,,"44,16","0,4281998","220,5814",,,,,,,,,,"44,16","0,3824234","220,5815","44,16","0,4035632","220,5813",,,,"44,16","0,3868739","220,5813","44,16","0,3649394","220,5813"
,,,"44,17","0,424544","220,6314",,,,,,,,,,"44,17","0,383695","220,6314","44,17","0,40404","220,6313",,,,"44,17","0,3889402","220,6313","44,17","0,3657341","220,6313"
,,,"44,18","0,421524","220,6813",,,,,,,,,,"44,18","0,3832181","220,6814","44,18","0,4064242","220,6811",,,,"44,18","0,3903707","220,6813","44,18","0,3665288","220,6811"
,,,"44,19","0,4194578","220,7313",,,,,,,,,,"44,19","0,3840128","220,7313","44,19","0,4096031","220,7311",,,,"44,19","0,3900528","220,7313","44,19","0,3673235","220,7311"
,,,"44,2","0,4170736","220,7814",,,,,,,,,,"44,2","0,3873507","220,7815","44,2","0,4118284","220,7813",,,,"44,2","0,389576","220,7813","44,2","0,3665288","220,7813"
,,,"44,21","0,4150073","220,8313",,,,,,,,,,"44,21","0,3908475","220,8314","44,21","0,4126231","220,8311",,,,"44,21","0,3903707","220,8313","44,21","0,3633499","220,8313"
,,,"44,22","0,4142126","220,8813",,,,,,,,,,"44,22","0,392437","220,8814","44,22","0,4130999","220,8811",,,,"44,22","0,3932317","220,8811","44,22","0,3595352","220,8811"
,,,"44,23","0,4135768","220,9313",,,,,,,,,,"44,23","0,3937086","220,9314","44,23","0,4143715","220,9313",,,,"44,23","0,3964106","220,9313","44,23","0,357151","220,9313"
,,,"44,24","0,4134178","220,9813",,,,,,,,,,"44,24","0,3943443","220,9815","44,24","0,4167557","220,9813",,,,"44,24","0,3992716","220,9813","44,24","0,3569921","220,9813"
,,,"44,25","0,4143715","221,0313",,,,,,,,,,"44,25","0,3945033","221,0314","44,25","0,4202525","221,0313",,,,"44,25","0,4014969","221,0314","44,25","0,357151","221,0313"
,,,"44,26","0,4167557","221,0813",,,,,,,,,,"44,26","0,3948212","221,0814","44,26","0,4237493","221,0811",,,,"44,26","0,4007021","221,0811","44,26","0,3569921","221,0811"
,,,"44,27","0,4183451","221,1313",,,,,,,,,,"44,27","0,3935496","221,1313","44,27","0,4262924","221,1313",,,,"44,27","0,3991127","221,1314","44,27","0,3563563","221,1313"
,,,"44,28","0,4189809","221,1814",,,,,,,,,,"44,28","0,3905296","221,1815","44,28","0,4281998","221,1813",,,,"44,28","0,3984769","221,1813","44,28","0,3555616","221,1814"
,,,"44,29","0,4194578","221,2313",,,,,,,,,,"44,29","0,3897349","221,2313","44,29","0,4289945","221,2313",,,,"44,29","0,3991127","221,2311","44,29","0,3547668","221,2313"
,,,"44,3","0,4210472","221,2813",,,,,,,,,,"44,3","0,3919601","221,2813","44,3","0,4289945","221,2811",,,,"44,3","0,4003843","221,2811","44,3","0,3555616","221,2813"
,,,"44,31","0,4231135","221,3313",,,,,,,,,,"44,31","0,3916422","221,3313","44,31","0,4293124","221,3313",,,,"44,31","0,4019737","221,3314","44,31","0,357151","221,3313"
,,,"44,32","0,4261335","221,3814",,,,,,,,,,"44,32","0,3876686","221,3814","44,32","0,4309019","221,3814",,,,"44,32","0,4035632","221,3813","44,32","0,3579458","221,3813"
,,,"44,33","0,4294713","221,4314",,,,,,,,,,"44,33","0,3849665","221,4314","44,33","0,4337629","221,4313",,,,"44,33","0,4043579","221,4313","44,33","0,3585815","221,4313"
,,,"44,34","0,4324913","221,4813",,,,,,,,,,"44,34","0,3844897","221,4813","44,34","0,4366239","221,4811",,,,"44,34","0,4030863","221,4811","44,34","0,3609657","221,4813"
,,,"44,35","0,4348755","221,5311",,,,,,,,,,"44,35","0,3825823","221,5313","44,35","0,4358292","221,5313",,,,"44,35","0,4027685","221,5313","44,35","0,3643036","221,5314"
,,,"44,36","0,4380544","221,5814",,,,,,,,,,"44,36","0,3800392","221,5814","44,36","0,4329681","221,5813",,,,"44,36","0,4038811","221,5813","44,36","0,365893","221,5813"
,,,"44,37","0,4428228","221,6314",,,,,,,,,,"44,37","0,3805161","221,6313","44,37","0,4321734","221,6313",,,,"44,37","0,4059474","221,6313","44,37","0,365893","221,6313"
,,,"44,38","0,4472733","221,6813",,,,,,,,,,"44,38","0,3832181","221,6813","44,38","0,4340807","221,6811",,,,"44,38","0,4083315","221,6813","44,38","0,3670057","221,6811"
,,,"44,39","0,4493395","221,7313",,,,,,,,,,"44,39","0,3840128","221,7311","44,39","0,4356702","221,7313",,,,"44,39","0,409921","221,7313","44,39","0,3697077","221,7313"
,,,"44,4","0,4499753","221,7814",,,,,,,,,,"44,4","0,383695","221,7814","44,4","0,4366239","221,7813",,,,"44,4","0,4111926","221,7813","44,4","0,3730456","221,7813"
,,,"44,41","0,4504522","221,8313",,,,,,,,,,"44,41","0,383695","221,8314","44,41","0,4382133","221,8313",,,,"44,41","0,4119873","221,8313","44,41","0,3762245","221,8313"
,,,"44,42","0,4504522","221,8811",,,,,,,,,,"44,42","0,3848076","221,8813","44,42","0,4385312","221,8813",,,,"44,42","0,4123052","221,8813","44,42","0,3800392","221,8811"
,,,"44,43","0,4488627","221,9313",,,,,,,,,,"44,43","0,3857613","221,9313","44,43","0,4369418","221,9313",,,,"44,43","0,4126231","221,9314","44,43","0,3821055","221,9314"
,,,"44,44","0,445207","221,9813",,,,,,,,,,"44,44","0,3852844","221,9813","44,44","0,4361471","221,9813",,,,"44,44","0,4126231","221,9813","44,44","0,3832181","221,9813"
,,,"44,45","0,4413923","222,0314",,,,,,,,,,"44,45","0,3813108","222,0313","44,45","0,4366239","222,0313",,,,"44,45","0,4119873","222,0313","44,45","0,383695","222,0313"
,,,"44,46","0,4401207","222,0813",,,,,,,,,,"44,46","0,3768603","222,0813","44,46","0,4364649","222,0811",,,,"44,46","0,4119873","222,0811","44,46","0,3832181","222,0811"
,,,"44,47","0,439326","222,1311",,,,,,,,,,"44,47","0,3754298","222,1313","44,47","0,4350344","222,1314",,,,"44,47","0,4118284","222,1314","44,47","0,3813108","222,1314"
,,,"44,48","0,4372597","222,1813",,,,,,,,,,"44,48","0,3760656","222,1814","44,48","0,4342397","222,1813",,,,"44,48","0,4111926","222,1813","44,48","0,3805161","222,1813"
,,,"44,49","0,4340807","222,2313",,,,,,,,,,"44,49","0,3752708","222,2314","44,49","0,4345576","222,2313",,,,"44,49","0,4102389","222,2311","44,49","0,3821055","222,2311"
,,,"44,5","0,4310608","222,2813",,,,,,,,,,"44,5","0,3722509","222,2814","44,5","0,4342397","222,2811",,,,"44,5","0,4078547","222,2811","44,5","0,3832181","222,2811"
,,,"44,51","0,4277229","222,3313",,,,,,,,,,"44,51","0,3701846","222,3314","44,51","0,4321734","222,3313",,,,"44,51","0,4043579","222,3313","44,51","0,3825823","222,3313"
,,,"44,52","0,4234314","222,3814",,,,,,,,,,"44,52","0,3685951","222,3814","44,52","0,4297892","222,3813",,,,"44,52","0,401179","222,3813","44,52","0,3821055","222,3813"
,,,"44,53","0,4205704","222,4313",,,,,,,,,,"44,53","0,3670057","222,4314","44,53","0,4277229","222,4311",,,,"44,53","0,3999074","222,4311","44,53","0,3825823","222,4313"
,,,"44,54","0,4191399","222,4813",,,,,,,,,,"44,54","0,3674825","222,4813","44,54","0,4253387","222,4811",,,,"44,54","0,3987948","222,4811","44,54","0,383695","222,481"
,,,"44,55","0,4189809","222,5314",,,,,,,,,,"44,55","0,3693899","222,5314","44,55","0,4229546","222,5313",,,,"44,55","0,3972054","222,5313","44,55","0,383695","222,5313"
,,,"44,56","0,418663","222,5814",,,,,,,,,,"44,56","0,3693899","222,5815","44,56","0,4197756","222,5814",,,,"44,56","0,3956159","222,5813","44,56","0,3816287","222,5813"
,,,"44,57","0,4178683","222,6314",,,,,,,,,,"44,57","0,3685951","222,6314","44,57","0,4165967","222,6311",,,,"44,57","0,3943443","222,6313","44,57","0,3797213","222,6311"
,,,"44,58","0,4170736","222,6814",,,,,,,,,,"44,58","0,369072","222,6814","44,58","0,4150073","222,6811",,,,"44,58","0,3929138","222,6811","44,58","0,3794034","222,6811"
,,,"44,59","0,415802","222,7314",,,,,,,,,,"44,59","0,369072","222,7314","44,59","0,4143715","222,7313",,,,"44,59","0,3921191","222,7311","44,59","0,3792445","222,7313"
,,,"44,6","0,4165967","222,7814",,,,,,,,,,"44,6","0,3678004","222,7815","44,6","0,4134178","222,7813",,,,"44,6","0,3921191","222,7813","44,6","0,377655","222,7813"
,,,"44,61","0,4197756","222,8314",,,,,,,,,,"44,61","0,3674825","222,8314","44,61","0,4130999","222,8311",,,,"44,61","0,3932317","222,8311","44,61","0,3757477","222,8311"
,,,"44,62","0,4229546","222,8813",,,,,,,,,,"44,62","0,3682772","222,8814","44,62","0,4151662","222,8811",,,,"44,62","0,3940264","222,881","44,62","0,3744761","222,8811"
,,,"44,63","0,424703","222,9313",,,,,,,,,,"44,63","0,3678004","222,9313","44,63","0,4173914","222,9313",,,,"44,63","0,3929138","222,9313","44,63","0,3720919","222,9313"
,,,"44,64","0,4266103","222,9813",,,,,,,,,,"44,64","0,3673235","222,9815","44,64","0,4175504","222,9811",,,,"44,64","0,3919601","222,9813","44,64","0,3709793","222,9811"
,,,"44,65","0,4286766","223,0314",,,,,,,,,,"44,65","0,369072","223,0314","44,65","0,4189809","223,0313",,,,"44,65","0,3937086","223,0313","44,65","0,3720919","223,0313"
,,,"44,66","0,4302661","223,0814",,,,,,,,,,"44,66","0,3712972","223,0814","44,66","0,4213651","223,0811",,,,"44,66","0,3960927","223,0811","44,66","0,3714561","223,0811"
,,,"44,67","0,4326502","223,1313",,,,,,,,,,"44,67","0,371774","223,1313","44,67","0,421524","223,1311",,,,"44,67","0,3948212","223,1313","44,67","0,369072","223,1311"
,,,"44,68","0,4366239","223,1815",,,,,,,,,,"44,68","0,3722509","223,1814","44,68","0,421524","223,1813",,,,"44,68","0,3911654","223,1813","44,68","0,3682772","223,1813"
,,,"44,69","0,4413923","223,2313",,,,,,,,,,"44,69","0,3741582","223,2313","44,69","0,4242261","223,2311",,,,"44,69","0,3903707","223,2311","44,69","0,3697077","223,2311"
,,,"44,7","0,4445712","223,2814",,,,,,,,,,"44,7","0,3765424","223,2814","44,7","0,4266103","223,2811",,,,"44,7","0,392437","223,2811","44,7","0,3701846","223,2811"
,,,"44,71","0,4475912","223,3313",,,,,,,,,,"44,71","0,377814","223,3314","44,71","0,4262924","223,3313",,,,"44,71","0,3935496","223,3313","44,71","0,3693899","223,3313"
,,,"44,72","0,4496574","223,3814",,,,,,,,,,"44,72","0,3781319","223,3814","44,72","0,4253387","223,3811",,,,"44,72","0,3943443","223,3813","44,72","0,369072","223,3813"
,,,"44,73","0,4507701","223,4314",,,,,,,,,,"44,73","0,377655","223,4314","44,73","0,4250208","223,4311",,,,"44,73","0,3959338","223,4311","44,73","0,369072","223,4313"
,,,"44,74","0,4501343","223,4813",,,,,,,,,,"44,74","0,3773371","223,4813","44,74","0,4234314","223,481",,,,"44,74","0,3972054","223,481","44,74","0,3678004","223,481"
,,,"44,75","0,4493395","223,5311",,,,,,,,,,"44,75","0,3794034","223,5314","44,75","0,4213651","223,5313",,,,"44,75","0,3991127","223,5313","44,75","0,3650983","223,5313"
,,,"44,76","0,4477501","223,5813",,,,,,,,,,"44,76","0,3825823","223,5815","44,76","0,4199346","223,5811",,,,"44,76","0,4022916","223,5813","44,76","0,3617605","223,5813"
,,,"44,77","0,4456838","223,6313",,,,,,,,,,"44,77","0,3841718","223,6313","44,77","0,418663","223,6313",,,,"44,77","0,4075368","223,6313","44,77","0,36033","223,6313"
,,,"44,78","0,4440943","223,6813",,,,,,,,,,"44,78","0,3844897","223,6813","44,78","0,4162788","223,6811",,,,"44,78","0,4135768","223,6813","44,78","0,3627141","223,6811"
,,,"44,79","0,4432996","223,7311",,,,,,,,,,"44,79","0,3856023","223,7313","44,79","0,4146894","223,7313",,,,"44,79","0,4194578","223,7313","44,79","0,3650983","223,7313"
,,,"44,8","0,4428228","223,7814",,,,,,,,,,"44,8","0,3868739","223,7815","44,8","0,4134178","223,7814",,,,"44,8","0,4231135","223,7813","44,8","0,3649394","223,7814"
,,,"44,81","0,4401207","223,8313",,,,,,,,,,"44,81","0,3868739","223,8314","44,81","0,4123052","223,8313",,,,"44,81","0,424703","223,8313","44,81","0,3649394","223,8314"
,,,"44,82","0,4356702","223,8813",,,,,,,,,,"44,82","0,3848076","223,8813","44,82","0,412782","223,8813",,,,"44,82","0,4262924","223,8813","44,82","0,3662109","223,8813"
,,,"44,83","0,4309019","223,9313",,,,,,,,,,"44,83","0,3829002","223,9313","44,83","0,4142126","223,9314",,,,"44,83","0,4289945","223,9314","44,83","0,3657341","223,9314"
,,,"44,84","0,4278819","223,9813",,,,,,,,,,"44,84","0,3821055","223,9813","44,84","0,4151662","223,9814",,,,"44,84","0,4310608","223,9814","44,84","0,3622373","223,9813"
,,,"44,85","0,4266103","224,0313",,,,,,,,,,"44,85","0,3825823","224,0314","44,85","0,4170736","224,0313",,,,"44,85","0,433445","224,0314","44,85","0,3595352","224,0314"
,,,"44,86","0,4262924","224,0813",,,,,,,,,,"44,86","0,3829002","224,0811","44,86","0,4197756","224,0811",,,,"44,86","0,4364649","224,0811","44,86","0,3585815","224,0813"
,,,"44,87","0,4254977","224,1311",,,,,,,,,,"44,87","0,3825823","224,1311","44,87","0,4205704","224,1314",,,,"44,87","0,439326","224,1314","44,87","0,3574689","224,1314"
,,,"44,88","0,4239082","224,1814",,,,,,,,,,"44,88","0,3816287","224,1814","44,88","0,4197756","224,1814",,,,"44,88","0,4413923","224,1813","44,88","0,3561974","224,1813"
,,,"44,89","0,4221598","224,2313",,,,,,,,,,"44,89","0,3800392","224,2313","44,89","0,4205704","224,2313",,,,"44,89","0,4425049","224,2313","44,89","0,3561974","224,2313"
,,,"44,9","0,4210472","224,2813",,,,,,,,,,"44,9","0,3794034","224,2813","44,9","0,4229546","224,2813",,,,"44,9","0,4445712","224,2813","44,9","0,3566742","224,2813"
,,,"44,91","0,4210472","224,3313",,,,,,,,,,"44,91","0,3797213","224,3311","44,91","0,424544","224,3314",,,,"44,91","0,4453659","224,3313","44,91","0,3577868","224,3314"
,,,"44,92","0,4213651","224,3814",,,,,,,,,,"44,92","0,3801982","224,3813","44,92","0,4254977","224,3814",,,,"44,92","0,4448891","224,3814","44,92","0,3595352","224,3814"
,,,"44,93","0,4229546","224,4314",,,,,,,,,,"44,93","0,380834","224,4313","44,93","0,4269282","224,4313",,,,"44,93","0,4437765","224,4314","44,93","0,3606478","224,4314"
,,,"44,94","0,424703","224,4814",,,,,,,,,,"44,94","0,3817876","224,4811","44,94","0,4277229","224,4811",,,,"44,94","0,442187","224,4811","44,94","0,3598531","224,4811"
,,,"44,95","0,4262924","224,5313",,,,,,,,,,"44,95","0,383695","224,5313","44,95","0,4278819","224,5313",,,,"44,95","0,4401207","224,5313","44,95","0,360171","224,5313"
,,,"44,96","0,4281998","224,5814",,,,,,,,,,"44,96","0,3852844","224,5814","44,96","0,4281998","224,5813",,,,"44,96","0,4374186","224,5813","44,96","0,3617605","224,5813"
,,,"44,97","0,4313787","224,6313",,,,,,,,,,"44,97","0,386397","224,6313","44,97","0,4289945","224,6313",,,,"44,97","0,433445","224,6313","44,97","0,3622373","224,6313"
,,,"44,98","0,4337629","224,6814",,,,,,,,,,"44,98","0,3873507","224,6811","44,98","0,430584","224,6813",,,,"44,98","0,4293124","224,6811","44,98","0,3625552","224,6813"
,,,"44,99","0,4356702","224,7313",,,,,,,,,,"44,99","0,386397","224,7314","44,99","0,4321734","224,7313",,,,"44,99","0,4253387","224,7313","44,99","0,3641447","224,7313"
,,,"45","0,4385312","224,7813",,,,,,,,,,"45","0,3821055","224,7814","45","0,4318555","224,7813",,,,"45","0,421524","224,7814","45","0,3666878","224,7814"
,,,"45,01","0,4412333","224,8314",,,,,,,,,,"45,01","0,3792445","224,8314","45,01","0,4293124","224,8313",,,,"45,01","0,4181862","224,8313","45,01","0,3682772","224,8311"
,,,"45,02","0,4412333","224,8813",,,,,,,,,,"45,02","0,3800392","224,8814","45,02","0,4253387","224,8813",,,,"45,02","0,4146894","224,8811","45,02","0,369072","224,8811"
,,,"45,03","0,4401207","224,9313",,,,,,,,,,"45,03","0,380834","224,9314","45,03","0,4226367","224,9313",,,,"45,03","0,4115105","224,9313","45,03","0,3697077","224,9313"
,,,"45,04","0,4398028","224,9814",,,,,,,,,,"45,04","0,3805161","224,9814","45,04","0,4223188","224,9811",,,,"45,04","0,4094442","224,9811","45,04","0,3701846","224,9811"
,,,"45,05","0,4390081","225,0314",,,,,,,,,,"45,05","0,3817876","225,0314","45,05","0,424544","225,0313",,,,"45,05","0,4080137","225,0313","45,05","0,3714561","225,0313"
,,,"45,06","0,4369418","225,0814",,,,,,,,,,"45,06","0,3840128","225,0814","45,06","0,4258156","225,081",,,,"45,06","0,40706","225,081","45,06","0,3722509","225,081"
,,,"45,07","0,4364649","225,1313",,,,,,,,,,"45,07","0,383695","225,1314","45,07","0,4261335","225,1311",,,,"45,07","0,4062653","225,1311","45,07","0,3728867","225,1311"
,,,"45,08","0,4377365","225,1814",,,,,,,,,,"45,08","0,3840128","225,1814","45,08","0,4261335","225,1813",,,,"45,08","0,4059474","225,1811","45,08","0,3730456","225,1811"
,,,"45,09","0,4382133","225,2313",,,,,,,,,,"45,09","0,3849665","225,2314","45,09","0,4253387","225,2311",,,,"45,09","0,4062653","225,2311","45,09","0,3741582","225,2311"
,,,"45,1","0,4372597","225,2814",,,,,,,,,,"45,1","0,3829002","225,2814","45,1","0,4234314","225,2811",,,,"45,1","0,40706","225,2811","45,1","0,3752708","225,2811"
,,,"45,11","0,4342397","225,3313",,,,,,,,,,"45,11","0,3792445","225,3314","45,11","0,4223188","225,3311",,,,"45,11","0,4075368","225,3311","45,11","0,3757477","225,3311"
,,,"45,12","0,4294713","225,3814",,,,,,,,,,"45,12","0,3786087","225,3814","45,12","0,4234314","225,3811",,,,"45,12","0,4075368","225,3811","45,12","0,3770193","225,3813"
,,,"45,13","0,4250208","225,4314",,,,,,,,,,"45,13","0,3792445","225,4314","45,13","0,4242261","225,4313",,,,"45,13","0,4080137","225,4311","45,13","0,3789266","225,4311"
,,,"45,14","0,4226367","225,4811",,,,,,,,,,"45,14","0,3770193","225,4813","45,14","0,4223188","225,481",,,,"45,14","0,4102389","225,481","45,14","0,3792445","225,481"
,,,"45,15","0,4207293","225,5313",,,,,,,,,,"45,15","0,3754298","225,5313","45,15","0,4189809","225,5313",,,,"45,15","0,412782","225,5311","45,15","0,377655","225,5313"
,,,"45,16","0,418663","225,5814",,,,,,,,,,"45,16","0,3754298","225,5814","45,16","0,4154841","225,5811",,,,"45,16","0,4154841","225,5811","45,16","0,3762245","225,5811"
,,,"45,17","0,4178683","225,6313",,,,,,,,,,"45,17","0,3736814","225,6313","45,17","0,4143715","225,6313",,,,"45,17","0,4178683","225,6313","45,17","0,3784498","225,6313"
,,,"45,18","0,4194578","225,6813",,,,,,,,,,"45,18","0,3712972","225,6814","45,18","0,4142126","225,6811",,,,"45,18","0,4191399","225,6811","45,18","0,383695","225,6811"
,,,"45,19","0,4205704","225,7311",,,,,,,,,,"45,19","0,3706614","225,7313","45,19","0,4142126","225,7313",,,,"45,19","0,4199346","225,7313","45,19","0,3868739","225,7313"
,,,"45,2","0,4199346","225,7814",,,,,,,,,,"45,2","0,3701846","225,7814","45,2","0,4150073","225,7813",,,,"45,2","0,421524","225,7813","45,2","0,3833771","225,7813"
,,,"45,21","0,4199346","225,8313",,,,,,,,,,"45,21","0,369072","225,8314","45,21","0,4162788","225,8313",,,,"45,21","0,4231135","225,8313","45,21","0,3786087","225,8313"
,,,"45,22","0,4213651","225,8813",,,,,,,,,,"45,22","0,3693899","225,8813","45,22","0,4162788","225,8813",,,,"45,22","0,4239082","225,8813","45,22","0,3789266","225,8813"
,,,"45,23","0,4229546","225,9313",,,,,,,,,,"45,23","0,3697077","225,9313","45,23","0,4146894","225,9314",,,,"45,23","0,4253387","225,9314","45,23","0,3794034","225,9314"
,,,"45,24","0,424703","225,9813",,,,,,,,,,"45,24","0,3674825","225,9814","45,24","0,4135768","225,9814",,,,"45,24","0,4285177","225,9813","45,24","0,3768603","225,9813"
,,,"45,25","0,4269282","226,0314",,,,,,,,,,"45,25","0,3643036","226,0313","45,25","0,4138947","226,0314",,,,"45,25","0,4316966","226,0314","45,25","0,3752708","226,0313"
,,,"45,26","0,4281998","226,0813",,,,,,,,,,"45,26","0,3617605","226,0813","45,26","0,4134178","226,0811",,,,"45,26","0,4348755","226,0811","45,26","0,3746351","226,0811"
,,,"45,27","0,4289945","226,1311",,,,,,,,,,"45,27","0,3606478","226,1313","45,27","0,412782","226,1314",,,,"45,27","0,439326","226,1313","45,27","0,3701846","226,1314"
,,,"45,28","0,4302661","226,1813",,,,,,,,,,"45,28","0,3619194","226,1814","45,28","0,4134178","226,1814",,,,"45,28","0,4444122","226,1814","45,28","0,3670057","226,1814"
,,,"45,29","0,4318555","226,2311",,,,,,,,,,"45,29","0,3635089","226,2314","45,29","0,4154841","226,2313",,,,"45,29","0,4483859","226,2314","45,29","0,3678004","226,2313"
,,,"45,3","0,433286","226,2813",,,,,,,,,,"45,3","0,3638268","226,2813","45,3","0,4178683","226,2813",,,,"45,3","0,4517237","226,2813","45,3","0,3674825","226,2813"
,,,"45,31","0,4340807","226,3313",,,,,,,,,,"45,31","0,3619194","226,3311","45,31","0,4199346","226,3313",,,,"45,31","0,4547437","226,3313","45,31","0,3670057","226,3311"
,,,"45,32","0,4356702","226,3813",,,,,,,,,,"45,32","0,3598531","226,3813","45,32","0,4221598","226,3813",,,,"45,32","0,45681","226,3814","45,32","0,3701846","226,3814"
,,,"45,33","0,4374186","226,4313",,,,,,,,,,"45,33","0,3577868","226,4313","45,33","0,4234314","226,4313",,,,"45,33","0,4595121","226,4313","45,33","0,371774","226,4313"
,,,"45,34","0,4390081","226,4813",,,,,,,,,,"45,34","0,3558795","226,4811","45,34","0,4234314","226,481",,,,"45,34","0,4628499","226,4811","45,34","0,3693899","226,4811"
,,,"45,35","0,4398028","226,5313",,,,,,,,,,"45,35","0,3558795","226,5314","45,35","0,4237493","226,5311",,,,"45,35","0,465552","226,5311","45,35","0,368913","226,5311"
,,,"45,36","0,4398028","226,5813",,,,,,,,,,"45,36","0,3569921","226,5814","45,36","0,424703","226,5813",,,,"45,36","0,4660288","226,5813","45,36","0,368913","226,5813"
,,,"45,37","0,4382133","226,6313",,,,,,,,,,"45,37","0,3569921","226,6311","45,37","0,4266103","226,6311",,,,"45,37","0,4658699","226,6313","45,37","0,3662109","226,6311"
,,,"45,38","0,4358292","226,6813",,,,,,,,,,"45,38","0,3546079","226,6813","45,38","0,4286766","226,6811",,,,"45,38","0,4658699","226,6811","45,38","0,3649394","226,6811"
,,,"45,39","0,4345576","226,7313",,,,,,,,,,"45,39","0,3522237","226,7313","45,39","0,4302661","226,7311",,,,"45,39","0,4666646","226,7313","45,39","0,3650983","226,7313"
,,,"45,4","0,4340807","226,7814",,,,,,,,,,"45,4","0,3515879","226,7814","45,4","0,4302661","226,7813",,,,"45,4","0,4676183","226,7813","45,4","0,3635089","226,7813"
,,,"45,41","0,4321734","226,8313",,,,,,,,,,"45,41","0,3531774","226,8313","45,41","0,4294713","226,8313",,,,"45,41","0,468413","226,8313","45,41","0,3611247","226,8311"
,,,"45,42","0,4293124","226,8811",,,,,,,,,,"45,42","0,3547668","226,8813","45,42","0,4294713","226,8811",,,,"45,42","0,4687309","226,881","45,42","0,3611247","226,881"
,,,"45,43","0,4262924","226,9313",,,,,,,,,,"45,43","0,3539721","226,9314","45,43","0,4297892","226,9311",,,,"45,43","0,4674594","226,9311","45,43","0,3614426","226,9311"
,,,"45,44","0,4237493","226,9813",,,,,,,,,,"45,44","0,3506342","226,9814","45,44","0,4297892","226,9811",,,,"45,44","0,4642805","226,9811","45,44","0,3595352","226,9811"
,,,"45,45","0,4213651","227,0314",,,,,,,,,,"45,45","0,348409","227,0314","45,45","0,4313787","227,0313",,,,"45,45","0,4607836","227,0313","45,45","0,3587405","227,0313"
,,,"45,46","0,4189809","227,0814",,,,,,,,,,"45,46","0,348409","227,0814","45,46","0,4321734","227,0811",,,,"45,46","0,4563332","227,0811","45,46","0,3606478","227,0811"
,,,"45,47","0,4175504","227,1313",,,,,,,,,,"45,47","0,3490448","227,1314","45,47","0,4302661","227,1313",,,,"45,47","0,4504522","227,1313","45,47","0,3617605","227,1313"
,,,"45,48","0,4173914","227,1814",,,,,,,,,,"45,48","0,3490448","227,1814","45,48","0,4258156","227,1813",,,,"45,48","0,4453659","227,1811","45,48","0,3611247","227,1813"
,,,"45,49","0,4165967","227,2314",,,,,,,,,,"45,49","0,3499985","227,2313","45,49","0,4221598","227,2313",,,,"45,49","0,4429817","227,2311","45,49","0,3619194","227,2311"
,,,"45,5","0,4146894","227,2814",,,,,,,,,,"45,5","0,3511111","227,2814","45,5","0,4205704","227,2813",,,,"45,5","0,4436175","227,2813","45,5","0,363032","227,2813"
,,,"45,51","0,412782","227,3313",,,,,,,,,,"45,51","0,3506342","227,3315","45,51","0,4191399","227,3313",,,,"45,51","0,4453659","227,3314","45,51","0,360171","227,3313"
,,,"45,52","0,4110336","227,3815",,,,,,,,,,"45,52","0,3499985","227,3815","45,52","0,4175504","227,3814",,,,"45,52","0,4469554","227,3813","45,52","0,3555616","227,3813"
,,,"45,53","0,4086494","227,4315",,,,,,,,,,"45,53","0,3519058","227,4314","45,53","0,4167557","227,4314",,,,"45,53","0,4475912","227,4313","45,53","0,35429","227,4314"
,,,"45,54","0,4078547","227,4813",,,,,,,,,,"45,54","0,3530184","227,4814","45,54","0,4162788","227,4813",,,,"45,54","0,4472733","227,4811","45,54","0,3550847","227,4811"
,,,"45,55","0,4094442","227,5313",,,,,,,,,,"45,55","0,3511111","227,5314","45,55","0,4142126","227,5313",,,,"45,55","0,4464785","227,5313","45,55","0,3554026","227,5313"
,,,"45,56","0,4130999","227,5814",,,,,,,,,,"45,56","0,3503164","227,5815","45,56","0,4103979","227,5813",,,,"45,56","0,4464785","227,5813","45,56","0,3554026","227,5811"
,,,"45,57","0,4175504","227,6313",,,,,,,,,,"45,57","0,3515879","227,6314","45,57","0,4083315","227,6313",,,,"45,57","0,4456838","227,6313","45,57","0,3566742","227,6314"
,,,"45,58","0,4213651","227,6814",,,,,,,,,,"45,58","0,3515879","227,6813","45,58","0,409921","227,6813",,,,"45,58","0,442187","227,6811","45,58","0,3595352","227,6811"
,,,"45,59","0,4231135","227,7313",,,,,,,,,,"45,59","0,3507932","227,7313","45,59","0,4118284","227,7313",,,,"45,59","0,4374186","227,7313","45,59","0,363032","227,7313"
,,,"45,6","0,4239082","227,7815",,,,,,,,,,"45,6","0,3531774","227,7814","45,6","0,4123052","227,7813",,,,"45,6","0,433286","227,7813","45,6","0,365893","227,7813"
,,,"45,61","0,4253387","227,8314",,,,,,,,,,"45,61","0,3558795","227,8314","45,61","0,4119873","227,8313",,,,"45,61","0,4301071","227,8313","45,61","0,3662109","227,8313"
,,,"45,62","0,4281998","227,8814",,,,,,,,,,"45,62","0,3550847","227,8813","45,62","0,4115105","227,8811",,,,"45,62","0,4285177","227,8811","45,62","0,3654162","227,8811"
,,,"45,63","0,4302661","227,9313",,,,,,,,,,"45,63","0,35429","227,9313","45,63","0,4110336","227,9313",,,,"45,63","0,4285177","227,9313","45,63","0,3662109","227,9313"
,,,"45,64","0,4301071","227,9814",,,,,,,,,,"45,64","0,3546079","227,9813","45,64","0,4118284","227,9811",,,,"45,64","0,4285177","227,9813","45,64","0,3678004","227,9813"
,,,"45,65","0,4297892","228,0314",,,,,,,,,,"45,65","0,3534953","228,0313","45,65","0,4135768","228,0313",,,,"45,65","0,4281998","228,0314","45,65","0,3681183","228,0314"
,,,"45,66","0,4301071","228,0814",,,,,,,,,,"45,66","0,3523827","228,0813","45,66","0,4150073","228,0813",,,,"45,66","0,4281998","228,0811","45,66","0,3685951","228,0813"
,,,"45,67","0,4301071","228,1313",,,,,,,,,,"45,67","0,3538132","228,1313","45,67","0,4165967","228,1313",,,,"45,67","0,4285177","228,1313","45,67","0,3714561","228,1313"
,,,"45,68","0,430584","228,1814",,,,,,,,,,"45,68","0,3550847","228,1814","45,68","0,4181862","228,1813",,,,"45,68","0,427405","228,1813","45,68","0,3728867","228,1813"
,,,"45,69","0,4318555","228,2313",,,,,,,,,,"45,69","0,35429","228,2314","45,69","0,4191399","228,2311",,,,"45,69","0,4258156","228,2313","45,69","0,3698667","228,2313"
,,,"45,7","0,4316966","228,2813",,,,,,,,,,"45,7","0,3538132","228,2813","45,7","0,4205704","228,2813",,,,"45,7","0,424703","228,2811","45,7","0,3670057","228,2813"
,,,"45,71","0,4294713","228,3311",,,,,,,,,,"45,71","0,3546079","228,3311","45,71","0,4229546","228,3313",,,,"45,71","0,4234314","228,3313","45,71","0,3650983","228,3313"
,,,"45,72","0,4269282","228,3813",,,,,,,,,,"45,72","0,3538132","228,3813","45,72","0,424703","228,3813",,,,"45,72","0,4205704","228,3814","45,72","0,3641447","228,3814"
,,,"45,73","0,424544","228,4313",,,,,,,,,,"45,73","0,3530184","228,4314","45,73","0,424544","228,4313",,,,"45,73","0,4175504","228,4311","45,73","0,3673235","228,4313"
,,,"45,74","0,4218419","228,4811",,,,,,,,,,"45,74","0,3547668","228,4813","45,74","0,4231135","228,4811",,,,"45,74","0,4154841","228,481","45,74","0,3749529","228,4811"
,,,"45,75","0,4194578","228,5311",,,,,,,,,,"45,75","0,3566742","228,5314","45,75","0,4229546","228,5313",,,,"45,75","0,4142126","228,5313","45,75","0,3765424","228,5313"
,,,"45,76","0,4181862","228,5813",,,,,,,,,,"45,76","0,3534953","228,5814","45,76","0,424544","228,5813",,,,"45,76","0,4135768","228,5813","45,76","0,3701846","228,5813"
,,,"45,77","0,4165967","228,6313",,,,,,,,,,"45,77","0,3495216","228,6314","45,77","0,4262924","228,6313",,,,"45,77","0,4151662","228,6313","45,77","0,368913","228,6313"
,,,"45,78","0,4142126","228,6813",,,,,,,,,,"45,78","0,3492037","228,6813","45,78","0,4261335","228,6811",,,,"45,78","0,4167557","228,6811","45,78","0,3752708","228,6811"
,,,"45,79","0,4123052","228,7311",,,,,,,,,,"45,79","0,3487269","228,7313","45,79","0,4250208","228,7311",,,,"45,79","0,4175504","228,7313","45,79","0,3784498","228,7311"
,,,"45,8","0,4118284","228,7813",,,,,,,,,,"45,8","0,3471375","228,7814","45,8","0,4242261","228,7813",,,,"45,8","0,418663","228,7813","45,8","0,3786087","228,7814"
,,,"45,81","0,4110336","228,8313",,,,,,,,,,"45,81","0,3482501","228,8314","45,81","0,4237493","228,8313",,,,"45,81","0,4207293","228,8313","45,81","0,380834","228,8313"
,,,"45,82","0,4107157","228,8811",,,,,,,,,,"45,82","0,3503164","228,8814","45,82","0,4234314","228,8811",,,,"45,82","0,4223188","228,8811","45,82","0,3801982","228,8811"
,,,"45,83","0,4123052","228,9311",,,,,,,,,,"45,83","0,3499985","228,9315","45,83","0,4229546","228,9313",,,,"45,83","0,4239082","228,9311","45,83","0,3762245","228,9313"
,,,"45,84","0,4134178","228,9813",,,,,,,,,,"45,84","0,3487269","228,9814","45,84","0,4226367","228,9813",,,,"45,84","0,4266103","228,9814","45,84","0,3752708","228,9813"
,,,"45,85","0,4143715","229,0314",,,,,,,,,,"45,85","0,3498395","229,0314","45,85","0,4234314","229,0313",,,,"45,85","0,4310608","229,0314","45,85","0,3752708","229,0313"
,,,"45,86","0,4170736","229,0813",,,,,,,,,,"45,86","0,3507932","229,0814","45,86","0,4237493","229,0813",,,,"45,86","0,4353523","229,0813","45,86","0,3712972","229,0811"
,,,"45,87","0,4199346","229,1313",,,,,,,,,,"45,87","0,3503164","229,1314","45,87","0,4207293","229,1314",,,,"45,87","0,4369418","229,1313","45,87","0,3693899","229,1314"
,,,"45,88","0,421524","229,1815",,,,,,,,,,"45,88","0,3499985","229,1815","45,88","0,4175504","229,1814",,,,"45,88","0,4366239","229,1814","45,88","0,3712972","229,1813"
,,,"45,89","0,4223188","229,2314",,,,,,,,,,"45,89","0,3498395","229,2313","45,89","0,4167557","229,2311",,,,"45,89","0,4369418","229,2313","45,89","0,3712972","229,2313"
,,,"45,9","0,4226367","229,2814",,,,,,,,,,"45,9","0,3490448","229,2814","45,9","0,4173914","229,2813",,,,"45,9","0,4398028","229,2813","45,9","0,3701846","229,2811"
,,,"45,91","0,4207293","229,3314",,,,,,,,,,"45,91","0,3490448","229,3314","45,91","0,4162788","229,3314",,,,"45,91","0,4437765","229,3313","45,91","0,3706614","229,3313"
,,,"45,92","0,4189809","229,3814",,,,,,,,,,"45,92","0,3503164","229,3814","45,92","0,4135768","229,3814",,,,"45,92","0,4467964","229,3814","45,92","0,3705025","229,3813"
,,,"45,93","0,4199346","229,4314",,,,,,,,,,"45,93","0,351429","229,4314","45,93","0,4103979","229,4313",,,,"45,93","0,448068","229,4314","45,93","0,368913","229,4313"
,,,"45,94","0,4223188","229,4813",,,,,,,,,,"45,94","0,3519058","229,4813","45,94","0,4080137","229,4811",,,,"45,94","0,4485448","229,4811","45,94","0,3697077","229,4813"
,,,"45,95","0,4229546","229,5313",,,,,,,,,,"45,95","0,35429","229,5313","45,95","0,4056295","229,5314",,,,"45,95","0,4483859","229,5314","45,95","0,371774","229,5313"
,,,"45,96","0,4223188","229,5814",,,,,,,,,,"45,96","0,3574689","229,5814","45,96","0,4024506","229,5813",,,,"45,96","0,4469554","229,5813","45,96","0,3697077","229,5813"
,,,"45,97","0,4231135","229,6313",,,,,,,,,,"45,97","0,3593763","229,6314","45,97","0,4014969","229,6313",,,,"45,97","0,4456838","229,6314","45,97","0,3643036","229,6313"
,,,"45,98","0,424703","229,6814",,,,,,,,,,"45,98","0,3614426","229,6811","45,98","0,4030863","229,6813",,,,"45,98","0,4453659","229,6811","45,98","0,3614426","229,6811"
,,,"45,99","0,4261335","229,7311",,,,,,,,,,"45,99","0,3641447","229,7313","45,99","0,4046758","229,7313",,,,"45,99","0,445207","229,7313","45,99","0,3598531","229,7313"
,,,"46","0,4278819","229,7814",,,,,,,,,,"46","0,3662109","229,7815","46","0,4048347","229,7813",,,,"46","0,4437765","229,7813","46","0,3566742","229,7813"
,,,"46,01","0,4301071","229,8314",,,,,,,,,,"46,01","0,3674825","229,8314","46,01","0,4046758","229,8313",,,,"46,01","0,4428228","229,8313","46,01","0,3534953","229,8313"
,,,"46,02","0,4313787","229,8813",,,,,,,,,,"46,02","0,3681183","229,8813","46,02","0,4064242","229,8813",,,,"46,02","0,4425049","229,8811","46,02","0,3522237","229,8811"
,,,"46,03","0,4329681","229,9313",,,,,,,,,,"46,03","0,3674825","229,9313","46,03","0,4094442","229,9311",,,,"46,03","0,4413923","229,9313","46,03","0,3522237","229,9313"
,,,"46,04","0,4340807","229,9813",,,,,,,,,,"46,04","0,3662109","229,9814","46,04","0,4111926","229,9813",,,,"46,04","0,4398028","229,9813","46,04","0,3534953","229,9813"
,,,"46,05","0,4324913","230,0313",,,,,,,,,,"46,05","0,3650983","230,0313","46,05","0,4126231","230,0313",,,,"46,05","0,4388491","230,0313","46,05","0,3561974","230,0313"
,,,"46,06","0,430584","230,0813",,,,,,,,,,"46,06","0,3650983","230,0813","46,06","0,4143715","230,0811",,,,"46,06","0,4382133","230,0811","46,06","0,357151","230,0811"
,,,"46,07","0,4309019","230,1311",,,,,,,,,,"46,07","0,365893","230,1313","46,07","0,418663","230,1313",,,,"46,07","0,4382133","230,1313","46,07","0,3569921","230,1313"
,,,"46,08","0,4310608","230,1813",,,,,,,,,,"46,08","0,365893","230,1814","46,08","0,4234314","230,1813",,,,"46,08","0,4377365","230,1813","46,08","0,3574689","230,1813"
,,,"46,09","0,4285177","230,2313",,,,,,,,,,"46,09","0,3633499","230,2314","46,09","0,4270872","230,2311",,,,"46,09","0,4364649","230,2311","46,09","0,3579458","230,2311"
,,,"46,1","0,4250208","230,2813",,,,,,,,,,"46,1","0,3614426","230,2814","46,1","0,4302661","230,2811",,,,"46,1","0,4356702","230,2811","46,1","0,3555616","230,2811"
,,,"46,11","0,4229546","230,3313",,,,,,,,,,"46,11","0,3625552","230,3313","46,11","0,4329681","230,3311",,,,"46,11","0,4369418","230,3311","46,11","0,3503164","230,3311"
,,,"46,12","0,4223188","230,3813",,,,,,,,,,"46,12","0,3617605","230,3813","46,12","0,4353523","230,3813",,,,"46,12","0,4398028","230,3813","46,12","0,3530184","230,3813"
,,,"46,13","0,4221598","230,4313",,,,,,,,,,"46,13","0,3582636","230,4314","46,13","0,4372597","230,4313",,,,"46,13","0,4409154","230,4311","46,13","0,3701846","230,4311"
,,,"46,14","0,4218419","230,4813",,,,,,,,,,"46,14","0,3579458","230,4813","46,14","0,4390081","230,481",,,,"46,14","0,4396439","230,481","46,14","0,3754298","230,481"
,,,"46,15","0,4213651","230,5313",,,,,,,,,,"46,15","0,3609657","230,5314","46,15","0,4412333","230,5313",,,,"46,15","0,4388491","230,5311","46,15","0,3523827","230,5311"
,,,"46,16","0,421524","230,5813",,,,,,,,,,"46,16","0,36033","230,5814","46,16","0,442187","230,5811",,,,"46,16","0,4388491","230,5813","46,16","0,3412565","230,5811"
,,,"46,17","0,4223188","230,6313",,,,,,,,,,"46,17","0,3579458","230,6314","46,17","0,4428228","230,6311",,,,"46,17","0,4398028","230,6311","46,17","0,3614426","230,6313"
,,,"46,18","0,4218419","230,6814",,,,,,,,,,"46,18","0,3566742","230,6814","46,18","0,4425049","230,6811",,,,"46,18","0,4412333","230,6811","46,18","0,3665288","230,6811"
,,,"46,19","0,4189809","230,7314",,,,,,,,,,"46,19","0,3531774","230,7313","46,19","0,4412333","230,7311",,,,"46,19","0,4417101","230,7311","46,19","0,3527006","230,731"
,,,"46,2","0,4167557","230,7814",,,,,,,,,,"46,2","0,3506342","230,7815","46,2","0,4390081","230,7813",,,,"46,2","0,4405975","230,7813","46,2","0,3638268","230,7813"
,,,"46,21","0,4170736","230,8314",,,,,,,,,,"46,21","0,3539721","230,8315","46,21","0,4356702","230,8313",,,,"46,21","0,4382133","230,8311","46,21","0,3792445","230,8313"
,,,"46,22","0,4170736","230,8814",,,,,,,,,,"46,22","0,3585815","230,8814","46,22","0,4313787","230,8811",,,,"46,22","0,4356702","230,8811","46,22","0,3643036","230,8811"
,,,"46,23","0,4150073","230,9313",,,,,,,,,,"46,23","0,3577868","230,9314","46,23","0,4270872","230,9313",,,,"46,23","0,433286","230,9311","46,23","0,3563563","230,9311"
,,,"46,24","0,4134178","230,9814",,,,,,,,,,"46,24","0,3579458","230,9814","46,24","0,4234314","230,9813",,,,"46,24","0,430584","230,9813","46,24","0,3712972","230,9813"
,,,"46,25","0,4135768","231,0315",,,,,,,,,,"46,25","0,3611247","231,0314","46,25","0,4205704","231,0313",,,,"46,25","0,4286766","231,0313","46,25","0,3705025","231,0313"
,,,"46,26","0,4146894","231,0814",,,,,,,,,,"46,26","0,36033","231,0813","46,26","0,4162788","231,0811",,,,"46,26","0,4262924","231,0811","46,26","0,3625552","231,0811"
,,,"46,27","0,4159609","231,1313",,,,,,,,,,"46,27","0,3582636","231,1313","46,27","0,4111926","231,1313",,,,"46,27","0,4221598","231,1314","46,27","0,3770193","231,1313"
,,,"46,28","0,4173914","231,1813",,,,,,,,,,"46,28","0,3619194","231,1815","46,28","0,4080137","231,1814",,,,"46,28","0,418663","231,1814","46,28","0,3856023","231,1813"
,,,"46,29","0,4170736","231,2313",,,,,,,,,,"46,29","0,3666878","231,2314","46,29","0,4067421","231,2313",,,,"46,29","0,4178683","231,2311","46,29","0,3712972","231,2313"
,,,"46,3","0,4159609","231,2814",,,,,,,,,,"46,3","0,3665288","231,2814","46,3","0,4048347","231,2813",,,,"46,3","0,4175504","231,2813","46,3","0,3709793","231,2813"
,,,"46,31","0,4162788","231,3313",,,,,,,,,,"46,31","0,3682772","231,3314","46,31","0,4016558","231,3313",,,,"46,31","0,4159609","231,3314","46,31","0,3840128","231,3313"
,,,"46,32","0,4183451","231,3813",,,,,,,,,,"46,32","0,3730456","231,3814","46,32","0,3984769","231,3813",,,,"46,32","0,4151662","231,3814","46,32","0,3789266","231,3813"
,,,"46,33","0,4197756","231,4313",,,,,,,,,,"46,33","0,3728867","231,4315","46,33","0,3967285","231,4311",,,,"46,33","0,4165967","231,4313","46,33","0,3697077","231,4313"
,,,"46,34","0,4197756","231,4813",,,,,,,,,,"46,34","0,3682772","231,4811","46,34","0,3960927","231,4811",,,,"46,34","0,4183451","231,4811","46,34","0,3765424","231,4811"
,,,"46,35","0,4205704","231,5313",,,,,,,,,,"46,35","0,3682772","231,5311","46,35","0,3968875","231,5314",,,,"46,35","0,4191399","231,5314","46,35","0,3792445","231,5314"
,,,"46,36","0,4223188","231,5814",,,,,,,,,,"46,36","0,3682772","231,5814","46,36","0,3980001","231,5811",,,,"46,36","0,4194578","231,5811","46,36","0,3685951","231,5811"
,,,"46,37","0,4239082","231,6313",,,,,,,,,,"46,37","0,3633499","231,6313","46,37","0,3987948","231,6313",,,,"46,37","0,4210472","231,6313","46,37","0,3666878","231,6313"
,,,"46,38","0,4253387","231,6814",,,,,,,,,,"46,38","0,3595352","231,6813","46,38","0,3995895","231,6813",,,,"46,38","0,4229546","231,6811","46,38","0,3728867","231,6813"
,,,"46,39","0,4250208","231,7311",,,,,,,,,,"46,39","0,3595352","231,7311","46,39","0,4000664","231,7314",,,,"46,39","0,4231135","231,7313","46,39","0,3693899","231,7313"
,,,"46,4","0,4237493","231,7814",,,,,,,,,,"46,4","0,3569921","231,7814","46,4","0,4007021","231,7814",,,,"46,4","0,4207293","231,7814","46,4","0,3649394","231,7814"
,,,"46,41","0,4231135","231,8313",,,,,,,,,,"46,41","0,3519058","231,8313","46,41","0,4008611","231,8313",,,,"46,41","0,4189809","231,8313","46,41","0,3693899","231,8313"
,,,"46,42","0,4234314","231,8813",,,,,,,,,,"46,42","0,3503164","231,8811","46,42","0,401179","231,8813",,,,"46,42","0,4181862","231,8813","46,42","0,3681183","231,8813"
,,,"46,43","0,4229546","231,9313",,,,,,,,,,"46,43","0,3476143","231,9311","46,43","0,4024506","231,9314",,,,"46,43","0,4170736","231,9311","46,43","0,3582636","231,9314"
,,,"46,44","0,4223188","231,9813",,,,,,,,,,"46,44","0,3415743","231,9813","46,44","0,4046758","231,9813",,,,"46,44","0,4154841","231,9811","46,44","0,357151","231,9813"
,,,"46,45","0,4229546","232,0313",,,,,,,,,,"46,45","0,3391902","232,0313","46,45","0,4062653","232,0314",,,,"46,45","0,4143715","232,0313","46,45","0,3611247","232,0313"
,,,"46,46","0,4221598","232,0813",,,,,,,,,,"46,46","0,3423691","232,0811","46,46","0,4067421","232,0811",,,,"46,46","0,4142126","232,0813","46,46","0,3574689","232,0811"
,,,"46,47","0,4191399","232,1311",,,,,,,,,,"46,47","0,3442764","232,1313","46,47","0,4072189","232,1313",,,,"46,47","0,4151662","232,1313","46,47","0,3563563","232,1314"
,,,"46,48","0,4173914","232,1814",,,,,,,,,,"46,48","0,3434817","232,1814","46,48","0,4067421","232,1814",,,,"46,48","0,4159609","232,1813","46,48","0,3638268","232,1814"
,,,"46,49","0,4162788","232,2313",,,,,,,,,,"46,49","0,3447533","232,2313","46,49","0,4046758","232,2313",,,,"46,49","0,4162788","232,2313","46,49","0,3643036","232,2313"
,,,"46,5","0,4126231","232,2814",,,,,,,,,,"46,5","0,3463427","232,2814","46,5","0,4035632","232,2813",,,,"46,5","0,4162788","232,2811","46,5","0,3587405","232,2813"
,,,"46,51","0,4062653","232,3313",,,,,,,,,,"46,51","0,3450712","232,3313","46,51","0,4048347","232,3313",,,,"46,51","0,4173914","232,3313","46,51","0,3611247","232,3311"
,,,"46,52","0,4007021","232,3815",,,,,,,,,,"46,52","0,3444354","232,3814","46,52","0,4078547","232,3814",,,,"46,52","0,4194578","232,3814","46,52","0,3646215","232,3814"
,,,"46,53","0,3968875","232,4314",,,,,,,,,,"46,53","0,3466606","232,4314","46,53","0,4107157","232,4313",,,,"46,53","0,4199346","232,4313","46,53","0,3611247","232,4313"
,,,"46,54","0,3948212","232,4814",,,,,,,,,,"46,54","0,3487269","232,4813","46,54","0,4118284","232,4811",,,,"46,54","0,4183451","232,481","46,54","0,3595352","232,4811"
,,,"46,55","0,3929138","232,5313",,,,,,,,,,"46,55","0,3506342","232,5314","46,55","0,4110336","232,5313",,,,"46,55","0,4167557","232,5311","46,55","0,3625552","232,5313"
,,,"46,56","0,3903707","232,5814",,,,,,,,,,"46,56","0,3534953","232,5814","46,56","0,4094442","232,5813",,,,"46,56","0,4165967","232,5813","46,56","0,3617605","232,5813"
,,,"46,57","0,3876686","232,6313",,,,,,,,,,"46,57","0,3547668","232,6314","46,57","0,4094442","232,6311",,,,"46,57","0,4167557","232,6311","46,57","0,3595352","232,6311"
,,,"46,58","0,3871918","232,6814",,,,,,,,,,"46,58","0,3531774","232,6813","46,58","0,4111926","232,6811",,,,"46,58","0,4175504","232,6811","46,58","0,363032","232,6811"
,,,"46,59","0,3884633","232,7313",,,,,,,,,,"46,59","0,3538132","232,7314","46,59","0,4138947","232,7311",,,,"46,59","0,4183451","232,7311","46,59","0,3657341","232,7311"
,,,"46,6","0,389576","232,7814",,,,,,,,,,"46,6","0,3574689","232,7815","46,6","0,4170736","232,7813",,,,"46,6","0,4181862","232,7813","46,6","0,3643036","232,7813"
,,,"46,61","0,3897349","232,8314",,,,,,,,,,"46,61","0,360171","232,8313","46,61","0,4202525","232,8311",,,,"46,61","0,4181862","232,8313","46,61","0,3641447","232,8311"
,,,"46,62","0,3903707","232,8813",,,,,,,,,,"46,62","0,3606478","232,8813","46,62","0,4226367","232,8811",,,,"46,62","0,4197756","232,8811","46,62","0,3657341","232,8811"
,,,"46,63","0,3916422","232,9313",,,,,,,,,,"46,63","0,3609657","232,9314","46,63","0,4237493","232,9311",,,,"46,63","0,421524","232,9311","46,63","0,3650983","232,9313"
,,,"46,64","0,3940264","232,9814",,,,,,,,,,"46,64","0,36033","232,9815","46,64","0,424544","232,9811",,,,"46,64","0,4229546","232,9811","46,64","0,3649394","232,9811"
,,,"46,65","0,3968875","233,0314",,,,,,,,,,"46,65","0,3587405","233,0314","46,65","0,4266103","233,0311",,,,"46,65","0,424703","233,0313","46,65","0,3657341","233,0311"
,,,"46,66","0,4003843","233,0814",,,,,,,,,,"46,66","0,3585815","233,0814","46,66","0,4293124","233,081",,,,"46,66","0,4266103","233,081","46,66","0,3625552","233,0811"
,,,"46,67","0,4051526","233,1313",,,,,,,,,,"46,67","0,3590584","233,1314","46,67","0,4309019","233,1313",,,,"46,67","0,4270872","233,1313","46,67","0,3574689","233,1313"
,,,"46,68","0,4118284","233,1814",,,,,,,,,,"46,68","0,3574689","233,1814","46,68","0,4302661","233,1811",,,,"46,68","0,4266103","233,1813","46,68","0,3558795","233,1811"
,,,"46,69","0,4181862","233,2314",,,,,,,,,,"46,69","0,3561974","233,2314","46,69","0,4301071","233,2311",,,,"46,69","0,4266103","233,2311","46,69","0,3563563","233,2311"
,,,"46,7","0,4226367","233,2814",,,,,,,,,,"46,7","0,3585815","233,2814","46,7","0,4324913","233,2813",,,,"46,7","0,4270872","233,2813","46,7","0,3546079","233,2811"
,,,"46,71","0,424544","233,3313",,,,,,,,,,"46,71","0,3606478","233,3314","46,71","0,4348755","233,3311",,,,"46,71","0,4281998","233,3311","46,71","0,3511111","233,3313"
,,,"46,72","0,4270872","233,3814",,,,,,,,,,"46,72","0,3595352","233,3814","46,72","0,4350344","233,3811",,,,"46,72","0,4294713","233,3811","46,72","0,3492037","233,3811"
,,,"46,73","0,4321734","233,4314",,,,,,,,,,"46,73","0,3585815","233,4314","46,73","0,4340807","233,4313",,,,"46,73","0,4321734","233,4313","46,73","0,3487269","233,4313"
,,,"46,74","0,4372597","233,4813",,,,,,,,,,"46,74","0,3590584","233,4813","46,74","0,4326502","233,4811",,,,"46,74","0,4340807","233,4811","46,74","0,3474554","233,4811"
,,,"46,75","0,4412333","233,5313",,,,,,,,,,"46,75","0,3574689","233,5313","46,75","0,430584","233,5313",,,,"46,75","0,433445","233,5313","46,75","0,3458659","233,5314"
,,,"46,76","0,4429817","233,5813",,,,,,,,,,"46,76","0,3546079","233,5815","46,76","0,4277229","233,5813",,,,"46,76","0,4321734","233,5811","46,76","0,3436407","233,5811"
,,,"46,77","0,4425049","233,6313",,,,,,,,,,"46,77","0,3531774","233,6314","46,77","0,4254977","233,6314",,,,"46,77","0,4318555","233,6313","46,77","0,3415743","233,6313"
,,,"46,78","0,4413923","233,6813",,,,,,,,,,"46,78","0,3522237","233,6813","46,78","0,4253387","233,6811",,,,"46,78","0,4340807","233,6813","46,78","0,3403028","233,6811"
,,,"46,79","0,4412333","233,7311",,,,,,,,,,"46,79","0,3503164","233,7313","46,79","0,4242261","233,7313",,,,"46,79","0,4372597","233,7313","46,79","0,3412565","233,7313"
,,,"46,8","0,442028","233,7813",,,,,,,,,,"46,8","0,3503164","233,7814","46,8","0,4207293","233,7814",,,,"46,8","0,4377365","233,7814","46,8","0,3436407","233,7814"
,,,"46,81","0,4417101","233,8313",,,,,,,,,,"46,81","0,3519058","233,8313","46,81","0,4143715","233,8313",,,,"46,81","0,4353523","233,8314","46,81","0,3444354","233,8313"
,,,"46,82","0,4396439","233,8813",,,,,,,,,,"46,82","0,3527006","233,8811","46,82","0,4078547","233,8813",,,,"46,82","0,4329681","233,8813","46,82","0,3436407","233,8813"
,,,"46,83","0,4364649","233,9313",,,,,,,,,,"46,83","0,3534953","233,9311","46,83","0,4043579","233,9314",,,,"46,83","0,4313787","233,9313","46,83","0,3442764","233,9313"
,,,"46,84","0,4321734","233,9813",,,,,,,,,,"46,84","0,3546079","233,9814","46,84","0,4043579","233,9813",,,,"46,84","0,4294713","233,9813","46,84","0,3452301","233,9813"
,,,"46,85","0,4266103","234,0313",,,,,,,,,,"46,85","0,35429","234,0313","46,85","0,4048347","234,0313",,,,"46,85","0,427405","234,0314","46,85","0,3447533","234,0313"
,,,"46,86","0,4191399","234,0813",,,,,,,,,,"46,86","0,3531774","234,0813","46,86","0,4046758","234,0811",,,,"46,86","0,4258156","234,0813","46,86","0,3439585","234,0811"
,,,"46,87","0,4110336","234,1311",,,,,,,,,,"46,87","0,3546079","234,1313","46,87","0,40404","234,1313",,,,"46,87","0,4242261","234,1313","46,87","0,3458659","234,1314"
,,,"46,88","0,4035632","234,1814",,,,,,,,,,"46,88","0,3569921","234,1813","46,88","0,40404","234,1814",,,,"46,88","0,4210472","234,1813","46,88","0,3487269","234,1813"
,,,"46,89","0,3975233","234,2313",,,,,,,,,,"46,89","0,3569921","234,2313","46,89","0,4051526","234,2313",,,,"46,89","0,418663","234,2311","46,89","0,3507932","234,2313"
,,,"46,9","0,392437","234,2813",,,,,,,,,,"46,9","0,3554026","234,2814","46,9","0,4072189","234,2813",,,,"46,9","0,4191399","234,2813","46,9","0,3534953","234,2813"
,,,"46,91","0,3879865","234,3313",,,,,,,,,,"46,91","0,35429","234,3313","46,91","0,4088084","234,3313",,,,"46,91","0,4205704","234,3313","46,91","0,3566742","234,3313"
,,,"46,92","0,3841718","234,3814",,,,,,,,,,"46,92","0,3534953","234,3813","46,92","0,4088084","234,3814",,,,"46,92","0,4210472","234,3813","46,92","0,3590584","234,3813"
,,,"46,93","0,3817876","234,4314",,,,,,,,,,"46,93","0,3527006","234,4313","46,93","0,4083315","234,4313",,,,"46,93","0,4207293","234,4313","46,93","0,3598531","234,4313"
,,,"46,94","0,3800392","234,4813",,,,,,,,,,"46,94","0,3530184","234,4813","46,94","0,4103979","234,4811",,,,"46,94","0,4194578","234,4811","46,94","0,3598531","234,481"
,,,"46,95","0,3789266","234,5313",,,,,,,,,,"46,95","0,3534953","234,5314","46,95","0,4143715","234,5313",,,,"46,95","0,4173914","234,5314","46,95","0,3585815","234,5313"
,,,"46,96","0,3789266","234,5814",,,,,,,,,,"46,96","0,3527006","234,5814","46,96","0,4181862","234,5814",,,,"46,96","0,4146894","234,5813","46,96","0,3558795","234,5814"
,,,"46,97","0,3809929","234,6314",,,,,,,,,,"46,97","0,351429","234,6314","46,97","0,421524","234,6313",,,,"46,97","0,4130999","234,6313","46,97","0,3538132","234,6313"
,,,"46,98","0,3848076","234,6813",,,,,,,,,,"46,98","0,351429","234,6813","46,98","0,4262924","234,6813",,,,"46,98","0,4134178","234,6811","46,98","0,3546079","234,6813"
,,,"46,99","0,3884633","234,7313",,,,,,,,,,"46,99","0,3519058","234,7314","46,99","0,4310608","234,7313",,,,"46,99","0,4142126","234,7311","46,99","0,3579458","234,7313"
,,,"47","0,3913244","234,7814",,,,,,,,,,"47","0,3530184","234,7815","47","0,4348755","234,7813",,,,"47","0,4154841","234,7813","47","0,3609657","234,7813"
,,,"47,01","0,3948212","234,8314",,,,,,,,,,"47,01","0,3547668","234,8313","47,01","0,4382133","234,8311",,,,"47,01","0,4162788","234,8311","47,01","0,3609657","234,8313"
,,,"47,02","0,4007021","234,8814",,,,,,,,,,"47,02","0,357151","234,8813","47,02","0,442187","234,8811",,,,"47,02","0,4175504","234,8811","47,02","0,3587405","234,8813"
,,,"47,03","0,4072189","234,9313",,,,,,,,,,"47,03","0,3593763","234,9314","47,03","0,4456838","234,9311",,,,"47,03","0,4213651","234,9311","47,03","0,3579458","234,9311"
,,,"47,04","0,4119873","234,9814",,,,,,,,,,"47,04","0,3614426","234,9815","47,04","0,4496574","234,9811",,,,"47,04","0,4254977","234,9811","47,04","0,3587405","234,9811"
,,,"47,05","0,4151662","235,0314",,,,,,,,,,"47,05","0,3625552","235,0314","47,05","0,4533132","235,0313",,,,"47,05","0,4278819","235,0313","47,05","0,3590584","235,0313"
,,,"47,06","0,4183451","235,0814",,,,,,,,,,"47,06","0,363032","235,0814","47,06","0,4544258","235,081",,,,"47,06","0,4281998","235,0811","47,06","0,3585815","235,081"
,,,"47,07","0,4229546","235,1311",,,,,,,,,,"47,07","0,3641447","235,1314","47,07","0,453949","235,1313",,,,"47,07","0,4289945","235,1313","47,07","0,3585815","235,1313"
,,,"47,08","0,4294713","235,1814",,,,,,,,,,"47,08","0,3649394","235,1815","47,08","0,4533132","235,1813",,,,"47,08","0,430584","235,1813","47,08","0,3590584","235,1813"
,,,"47,09","0,4364649","235,2314",,,,,,,,,,"47,09","0,3643036","235,2314","47,09","0,4523595","235,2311",,,,"47,09","0,4301071","235,2311","47,09","0,3579458","235,2313"
,,,"47,1","0,4405975","235,2813",,,,,,,,,,"47,1","0,3638268","235,2814","47,1","0,4517237","235,2811",,,,"47,1","0,4277229","235,2811","47,1","0,3569921","235,2811"
,,,"47,11","0,4417101","235,3313",,,,,,,,,,"47,11","0,3654162","235,3314","47,11","0,4525185","235,3311",,,,"47,11","0,4261335","235,3313","47,11","0,3566742","235,3311"
,,,"47,12","0,442028","235,3814",,,,,,,,,,"47,12","0,3673235","235,3814","47,12","0,4525185","235,3813",,,,"47,12","0,4262924","235,3813","47,12","0,3569921","235,3811"
,,,"47,13","0,442187","235,4314",,,,,,,,,,"47,13","0,3681183","235,4314","47,13","0,4504522","235,4311",,,,"47,13","0,4269282","235,4313","47,13","0,3577868","235,4311"
,,,"47,14","0,4428228","235,4813",,,,,,,,,,"47,14","0,3673235","235,4813","47,14","0,4475912","235,481",,,,"47,14","0,4258156","235,481","47,14","0,3590584","235,4811"
,,,"47,15","0,4428228","235,5313",,,,,,,,,,"47,15","0,3666878","235,5313","47,15","0,4448891","235,5313",,,,"47,15","0,4234314","235,5313","47,15","0,3606478","235,5314"
,,,"47,16","0,4404386","235,5814",,,,,,,,,,"47,16","0,3670057","235,5815","47,16","0,4417101","235,5813",,,,"47,16","0,4205704","235,5813","47,16","0,3614426","235,5811"
,,,"47,17","0,4364649","235,6313",,,,,,,,,,"47,17","0,3674825","235,6314","47,17","0,4385312","235,6313",,,,"47,17","0,4173914","235,6313","47,17","0,3614426","235,6313"
,,,"47,18","0,4324913","235,6814",,,,,,,,,,"47,18","0,3678004","235,6813","47,18","0,4361471","235,6811",,,,"47,18","0,4146894","235,6811","47,18","0,36033","235,6811"
,,,"47,19","0,4286766","235,7311",,,,,,,,,,"47,19","0,3685951","235,7313","47,19","0,4329681","235,7313",,,,"47,19","0,4134178","235,7313","47,19","0,3590584","235,7313"
,,,"47,2","0,4237493","235,7814",,,,,,,,,,"47,2","0,3698667","235,7814","47,2","0,4281998","235,7813",,,,"47,2","0,4123052","235,7813","47,2","0,3582636","235,7813"
,,,"47,21","0,4175504","235,8314",,,,,,,,,,"47,21","0,3714561","235,8314","47,21","0,4239082","235,8313",,,,"47,21","0,4111926","235,8313","47,21","0,3569921","235,8313"
,,,"47,22","0,4111926","235,8813",,,,,,,,,,"47,22","0,3728867","235,8813","47,22","0,4205704","235,8813",,,,"47,22","0,4102389","235,8813","47,22","0,3538132","235,8813"
,,,"47,23","0,4046758","235,9313",,,,,,,,,,"47,23","0,3738403","235,9313","47,23","0,4167557","235,9314",,,,"47,23","0,4078547","235,9314","47,23","0,3506342","235,9314"
,,,"47,24","0,3976822","235,9813",,,,,,,,,,"47,24","0,3725688","235,9813","47,24","0,4138947","235,9813",,,,"47,24","0,4054705","235,9814","47,24","0,3499985","235,9813"
,,,"47,25","0,392437","236,0313",,,,,,,,,,"47,25","0,3701846","236,0314","47,25","0,4118284","236,0314",,,,"47,25","0,4043579","236,0314","47,25","0,3519058","236,0314"
,,,"47,26","0,389576","236,0813",,,,,,,,,,"47,26","0,3697077","236,0813","47,26","0,4094442","236,0811",,,,"47,26","0,4046758","236,0811","47,26","0,3534953","236,0811"
,,,"47,27","0,3871918","236,1311",,,,,,,,,,"47,27","0,3714561","236,1313","47,27","0,4067421","236,1314",,,,"47,27","0,4067421","236,1314","47,27","0,3555616","236,1313"
,,,"47,28","0,3848076","236,1813",,,,,,,,,,"47,28","0,3733635","236,1814","47,28","0,4054705","236,1813",,,,"47,28","0,4091263","236,1814","47,28","0,3590584","236,1814"
,,,"47,29","0,3832181","236,2311",,,,,,,,,,"47,29","0,3741582","236,2313","47,29","0,4059474","236,2313",,,,"47,29","0,4111926","236,2313","47,29","0,3614426","236,2314"
,,,"47,3","0,3841718","236,2813",,,,,,,,,,"47,3","0,3741582","236,2813","47,3","0,40706","236,2813",,,,"47,3","0,4138947","236,2811","47,3","0,3625552","236,2813"
,,,"47,31","0,3860792","236,3313",,,,,,,,,,"47,31","0,3744761","236,3313","47,31","0,4086494","236,3313",,,,"47,31","0,4167557","236,3313","47,31","0,3638268","236,3313"
,,,"47,32","0,3879865","236,3813",,,,,,,,,,"47,32","0,3760656","236,3814","47,32","0,4118284","236,3814",,,,"47,32","0,4189809","236,3814","47,32","0,365893","236,3814"
,,,"47,33","0,3905296","236,4313",,,,,,,,,,"47,33","0,3789266","236,4314","47,33","0,4150073","236,4313",,,,"47,33","0,4210472","236,4314","47,33","0,368913","236,4314"
,,,"47,34","0,3927549","236,4813",,,,,,,,,,"47,34","0,3813108","236,4813","47,34","0,4178683","236,4811",,,,"47,34","0,424544","236,4811","47,34","0,3738403","236,4811"
,,,"47,35","0,3948212","236,5313",,,,,,,,,,"47,35","0,3816287","236,5313","47,35","0,4202525","236,5313",,,,"47,35","0,427405","236,5313","47,35","0,3797213","236,5313"
,,,"47,36","0,3991127","236,5814",,,,,,,,,,"47,36","0,380834","236,5813","47,36","0,4226367","236,5813",,,,"47,36","0,4278819","236,5813","47,36","0,3825823","236,5813"
,,,"47,37","0,4056295","236,6314",,,,,,,,,,"47,37","0,3794034","236,6313","47,37","0,424544","236,6313",,,,"47,37","0,4281998","236,6313","47,37","0,3848076","236,6313"
,,,"47,38","0,4115105","236,6813",,,,,,,,,,"47,38","0,377814","236,6813","47,38","0,424703","236,6811",,,,"47,38","0,4302661","236,6811","47,38","0,3900528","236,6811"
,,,"47,39","0,4146894","236,7313",,,,,,,,,,"47,39","0,3765424","236,7313","47,39","0,424703","236,7311",,,,"47,39","0,4324913","236,7311","47,39","0,3956159","236,7311"
,,,"47,4","0,4170736","236,7814",,,,,,,,,,"47,4","0,3746351","236,7815","47,4","0,4254977","236,7813",,,,"47,4","0,433286","236,7811","47,4","0,3984769","236,7813"
,,,"47,41","0,4202525","236,8313",,,,,,,,,,"47,41","0,3709793","236,8314","47,41","0,4277229","236,8311",,,,"47,41","0,4329681","236,8313","47,41","0,3995895","236,8313"
,,,"47,42","0,4237493","236,8813",,,,,,,,,,"47,42","0,3665288","236,8813","47,42","0,4302661","236,8811",,,,"47,42","0,4316966","236,8811","47,42","0,3975233","236,8811"
,,,"47,43","0,4270872","236,9313",,,,,,,,,,"47,43","0,3638268","236,9314","47,43","0,4329681","236,9311",,,,"47,43","0,4294713","236,9313","47,43","0,3868739","236,9311"
,,,"47,44","0,4302661","236,9813",,,,,,,,,,"47,44","0,3609657","236,9814","47,44","0,4358292","236,9811",,,,"47,44","0,427405","236,9811","47,44","0,3709793","236,9813"
,,,"47,45","0,4326502","237,0315",,,,,,,,,,"47,45","0,3555616","237,0314","47,45","0,4372597","237,0313",,,,"47,45","0,4254977","237,0313","47,45","0,3574689","237,0313"
,,,"47,46","0,4340807","237,0814",,,,,,,,,,"47,46","0,3511111","237,0814","47,46","0,4364649","237,0811",,,,"47,46","0,4234314","237,0811","47,46","0,3474554","237,0811"
,,,"47,47","0,4348755","237,1313",,,,,,,,,,"47,47","0,3498395","237,1314","47,47","0,4348755","237,1313",,,,"47,47","0,4221598","237,1313","47,47","0,3380775","237,1313"
,,,"47,48","0,4348755","237,1814",,,,,,,,,,"47,48","0,3495216","237,1815","47,48","0,433445","237,1813",,,,"47,48","0,4223188","237,1811","47,48","0,3285408","237,1813"
,,,"47,49","0,4324913","237,2314",,,,,,,,,,"47,49","0,348409","237,2314","47,49","0,433286","237,2311",,,,"47,49","0,4226367","237,2311","47,49","0,3196398","237,2313"
,,,"47,5","0,4285177","237,2814",,,,,,,,,,"47,5","0,3474554","237,2814","47,5","0,4337629","237,2811",,,,"47,5","0,4213651","237,2813","47,5","0,3140768","237,2813"
,,,"47,51","0,4239082","237,3314",,,,,,,,,,"47,51","0,3463427","237,3314","47,51","0,4361471","237,3311",,,,"47,51","0,4205704","237,3313","47,51","0,3118515","237,3313"
,,,"47,52","0,418663","237,3814",,,,,,,,,,"47,52","0,3460248","237,3814","47,52","0,4390081","237,3813",,,,"47,52","0,4197756","237,3813","47,52","0,3102621","237,3813"
,,,"47,53","0,4130999","237,4314",,,,,,,,,,"47,53","0,3476143","237,4315","47,53","0,4405975","237,4313",,,,"47,53","0,4175504","237,4313","47,53","0,3093084","237,4311"
,,,"47,54","0,4091263","237,4813",,,,,,,,,,"47,54","0,3498395","237,4813","47,54","0,4401207","237,4811",,,,"47,54","0,4146894","237,4811","47,54","0,3110568","237,4811"
,,,"47,55","0,4072189","237,5314",,,,,,,,,,"47,55","0,3503164","237,5314","47,55","0,439326","237,5314",,,,"47,55","0,4130999","237,5313","47,55","0,3148715","237,5313"
,,,"47,56","0,4043579","237,5814",,,,,,,,,,"47,56","0,3498395","237,5814","47,56","0,439326","237,5813",,,,"47,56","0,4126231","237,5814","47,56","0,3177325","237,5813"
,,,"47,57","0,3999074","237,6313",,,,,,,,,,"47,57","0,3492037","237,6314","47,57","0,4398028","237,6313",,,,"47,57","0,4130999","237,6313","47,57","0,3204346","237,6313"
,,,"47,58","0,3960927","237,6814",,,,,,,,,,"47,58","0,3490448","237,6813","47,58","0,4417101","237,6813",,,,"47,58","0,4138947","237,6813","47,58","0,3228188","237,6811"
,,,"47,59","0,3948212","237,7313",,,,,,,,,,"47,59","0,3495216","237,7311","47,59","0,4428228","237,7313",,,,"47,59","0,4126231","237,7313","47,59","0,3237724","237,7313"
,,,"47,6","0,3940264","237,7814",,,,,,,,,,"47,6","0,3515879","237,7815","47,6","0,442187","237,7813",,,,"47,6","0,409921","237,7813","47,6","0,3259977","237,7813"
,,,"47,61","0,3927549","237,8314",,,,,,,,,,"47,61","0,3527006","237,8314","47,61","0,4401207","237,8313",,,,"47,61","0,4078547","237,8313","47,61","0,3301302","237,8313"
,,,"47,62","0,3911654","237,8813",,,,,,,,,,"47,62","0,3519058","237,8813","47,62","0,4385312","237,8813",,,,"47,62","0,4075368","237,8813","47,62","0,3341039","237,8811"
,,,"47,63","0,3897349","237,9313",,,,,,,,,,"47,63","0,3511111","237,9313","47,63","0,4366239","237,9313",,,,"47,63","0,4078547","237,9313","47,63","0,336806","237,9314"
,,,"47,64","0,3900528","237,9813",,,,,,,,,,"47,64","0,3511111","237,9813","47,64","0,4358292","237,9811",,,,"47,64","0,4086494","237,9813","47,64","0,3404617","237,9813"
,,,"47,65","0,3921191","238,0314",,,,,,,,,,"47,65","0,351429","238,0314","47,65","0,4380544","238,0314",,,,"47,65","0,4094442","238,0313","47,65","0,3476143","238,0313"
,,,"47,66","0,3945033","238,0813",,,,,,,,,,"47,66","0,3523827","238,0811","47,66","0,4412333","238,0811",,,,"47,66","0,4083315","238,0811","47,66","0,3558795","238,0813"
,,,"47,67","0,3960927","238,1311",,,,,,,,,,"47,67","0,3547668","238,1313","47,67","0,4428228","238,1313",,,,"47,67","0,4064242","238,1313","47,67","0,3619194","238,1313"
,,,"47,68","0,3976822","238,1814",,,,,,,,,,"47,68","0,3558795","238,1814","47,68","0,4436175","238,1813",,,,"47,68","0,4059474","238,1813","47,68","0,3650983","238,1813"
,,,"47,69","0,3995895","238,2313",,,,,,,,,,"47,69","0,3546079","238,2313","47,69","0,4445712","238,2313",,,,"47,69","0,4062653","238,2313","47,69","0,3670057","238,2313"
,,,"47,7","0,401179","238,2813",,,,,,,,,,"47,7","0,3522237","238,2813","47,7","0,445207","238,2813",,,,"47,7","0,4067421","238,2811","47,7","0,3681183","238,2813"
,,,"47,71","0,4022916","238,3313",,,,,,,,,,"47,71","0,3511111","238,3314","47,71","0,4444122","238,3313",,,,"47,71","0,4072189","238,3313","47,71","0,3673235","238,3313"
,,,"47,72","0,40404","238,3814",,,,,,,,,,"47,72","0,351429","238,3814","47,72","0,4429817","238,3813",,,,"47,72","0,4072189","238,3813","47,72","0,3643036","238,3813"
,,,"47,73","0,4083315","238,4313",,,,,,,,,,"47,73","0,3530184","238,4313","47,73","0,4417101","238,4311",,,,"47,73","0,4059474","238,4313","47,73","0,3622373","238,4313"
,,,"47,74","0,4135768","238,4813",,,,,,,,,,"47,74","0,3546079","238,4813","47,74","0,4405975","238,481",,,,"47,74","0,4048347","238,4811","47,74","0,3635089","238,4811"
,,,"47,75","0,4162788","238,5313",,,,,,,,,,"47,75","0,3555616","238,5313","47,75","0,4401207","238,5313",,,,"47,75","0,4038811","238,5313","47,75","0,3670057","238,5313"
,,,"47,76","0,4159609","238,5814",,,,,,,,,,"47,76","0,3550847","238,5813","47,76","0,4404386","238,5813",,,,"47,76","0,4022916","238,5813","47,76","0,3682772","238,5813"
,,,"47,77","0,4170736","238,6313",,,,,,,,,,"47,77","0,3539721","238,6313","47,77","0,442028","238,6311",,,,"47,77","0,401179","238,6311","47,77","0,3685951","238,6313"
,,,"47,78","0,4194578","238,6813",,,,,,,,,,"47,78","0,3531774","238,6814","47,78","0,4444122","238,6811",,,,"47,78","0,4030863","238,6811","47,78","0,3682772","238,6811"
,,,"47,79","0,4207293","238,7311",,,,,,,,,,"47,79","0,3531774","238,7313","47,79","0,4461606","238,7311",,,,"47,79","0,4051526","238,7313","47,79","0,365893","238,7311"
,,,"47,8","0,4207293","238,7814",,,,,,,,,,"47,8","0,3539721","238,7814","47,8","0,4464785","238,7813",,,,"47,8","0,4059474","238,7813","47,8","0,3606478","238,7813"
,,,"47,81","0,421524","238,8313",,,,,,,,,,"47,81","0,3546079","238,8314","47,81","0,4453659","238,8311",,,,"47,81","0,4062653","238,8311","47,81","0,35429","238,8313"
,,,"47,82","0,4223188","238,8813",,,,,,,,,,"47,82","0,3547668","238,8814","47,82","0,4453659","238,8811",,,,"47,82","0,4072189","238,8813","47,82","0,348409","238,8811"
,,,"47,83","0,4226367","238,9311",,,,,,,,,,"47,83","0,3555616","238,9313","47,83","0,4475912","238,9313",,,,"47,83","0,40706","238,9313","47,83","0,3431638","238,9313"
,,,"47,84","0,4221598","238,9811",,,,,,,,,,"47,84","0,3558795","238,9815","47,84","0,4488627","238,9813",,,,"47,84","0,4067421","238,9811","47,84","0,3387133","238,9811"
,,,"47,85","0,4210472","239,0314",,,,,,,,,,"47,85","0,35429","239,0314","47,85","0,4483859","239,0313",,,,"47,85","0,4080137","239,0313","47,85","0,3344218","239,0313"
,,,"47,86","0,4194578","239,0814",,,,,,,,,,"47,86","0,3519058","239,0814","47,86","0,4464785","239,0811",,,,"47,86","0,409921","239,0811","47,86","0,3304482","239,0811"
,,,"47,87","0,4173914","239,1311",,,,,,,,,,"47,87","0,3523827","239,1314","47,87","0,4448891","239,1313",,,,"47,87","0,4107157","239,1313","47,87","0,3275871","239,1313"
,,,"47,88","0,4143715","239,1815",,,,,,,,,,"47,88","0,35429","239,1814","47,88","0,4432996","239,1813",,,,"47,88","0,4102389","239,1813","47,88","0,3253619","239,1813"
,,,"47,89","0,409921","239,2314",,,,,,,,,,"47,89","0,3554026","239,2314","47,89","0,4412333","239,2313",,,,"47,89","0,409921","239,2313","47,89","0,3237724","239,2311"
,,,"47,9","0,4046758","239,2814",,,,,,,,,,"47,9","0,3561974","239,2814","47,9","0,4404386","239,2813",,,,"47,9","0,4115105","239,2813","47,9","0,3256798","239,2813"
,,,"47,91","0,4007021","239,3314",,,,,,,,,,"47,91","0,357151","239,3313","47,91","0,4409154","239,3313",,,,"47,91","0,415802","239,3314","47,91","0,3315608","239,3313"
,,,"47,92","0,3980001","239,3814",,,,,,,,,,"47,92","0,3582636","239,3814","47,92","0,4405975","239,3814",,,,"47,92","0,4197756","239,3813","47,92","0,3371239","239,3814"
,,,"47,93","0,3951391","239,4315",,,,,,,,,,"47,93","0,360171","239,4315","47,93","0,439326","239,4314",,,,"47,93","0,4202525","239,4313","47,93","0,3391902","239,4314"
,,,"47,94","0,3921191","239,4814",,,,,,,,,,"47,94","0,3627141","239,4813","47,94","0,4382133","239,4811",,,,"47,94","0,4189809","239,4813","47,94","0,3415743","239,4811"
,,,"47,95","0,389576","239,5313",,,,,,,,,,"47,95","0,3625552","239,5314","47,95","0,4372597","239,5314",,,,"47,95","0,4199346","239,5314","47,95","0,3452301","239,5314"
,,,"47,96","0,386397","239,5813",,,,,,,,,,"47,96","0,360171","239,5814","47,96","0,4358292","239,5813",,,,"47,96","0,4213651","239,5813","47,96","0,3468195","239,5813"
,,,"47,97","0,3829002","239,6314",,,,,,,,,,"47,97","0,360171","239,6314","47,97","0,4358292","239,6313",,,,"47,97","0,4210472","239,6313","47,97","0,3487269","239,6314"
,,,"47,98","0,3816287","239,6814",,,,,,,,,,"47,98","0,3625552","239,6813","47,98","0,4382133","239,6813",,,,"47,98","0,4223188","239,6811","47,98","0,3527006","239,6811"
,,,"47,99","0,3817876","239,7313",,,,,,,,,,"47,99","0,3635089","239,7313","47,99","0,4417101","239,7313",,,,"47,99","0,4269282","239,7314","47,99","0,3554026","239,7313"
,,,"48","0,383695","239,7814",,,,,,,,,,"48","0,3633499","239,7814","48","0,4453659","239,7814",,,,"48","0,4318555","239,7814","48","0,3563563","239,7814"
,,,"48,01","0,386397","239,8314",,,,,,,,,,"48,01","0,363032","239,8314","48,01","0,4460017","239,8313",,,,"48,01","0,4342397","239,8313","48,01","0,3611247","239,8314"
,,,"48,02","0,3884633","239,8813",,,,,,,,,,"48,02","0,363032","239,8813","48,02","0,4432996","239,8813",,,,"48,02","0,4350344","239,8811","48,02","0,3662109","239,8813"
,,,"48,03","0,3889402","239,9313",,,,,,,,,,"48,03","0,3643036","239,9314","48,03","0,4417101","239,9314",,,,"48,03","0,4361471","239,9313","48,03","0,3681183","239,9313"
,,,"48,04","0,3887812","239,9813",,,,,,,,,,"48,04","0,3657341","239,9814","48,04","0,4436175","239,9811",,,,"48,04","0,4374186","239,9811","48,04","0,3706614","239,9813"
,,,"48,05","0,3900528","240,0314",,,,,,,,,,"48,05","0,3641447","240,0314","48,05","0,4461606","240,0313",,,,"48,05","0,4385312","240,0311","48,05","0,3741582","240,0313"
,,,"48,06","0,3927549","240,0813",,,,,,,,,,"48,06","0,3614426","240,0813","48,06","0,4464785","240,0811",,,,"48,06","0,439326","240,0811","48,06","0,3738403","240,081"
,,,"48,07","0,395298","240,1311",,,,,,,,,,"48,07","0,3627141","240,1314","48,07","0,4460017","240,1313",,,,"48,07","0,4396439","240,1313","48,07","0,3722509","240,1313"
,,,"48,08","0,3991127","240,1814",,,,,,,,,,"48,08","0,3654162","240,1814","48,08","0,4453659","240,1813",,,,"48,08","0,4404386","240,1813","48,08","0,3725688","240,1813"
,,,"48,09","0,4043579","240,2313",,,,,,,,,,"48,09","0,3646215","240,2314","48,09","0,4444122","240,2311",,,,"48,09","0,4412333","240,2311","48,09","0,3720919","240,2311"
,,,"48,1","0,4103979","240,2813",,,,,,,,,,"48,1","0,3625552","240,2814","48,1","0,4428228","240,2811",,,,"48,1","0,4405975","240,2811","48,1","0,3706614","240,2811"
,,,"48,11","0,4146894","240,3311",,,,,,,,,,"48,11","0,3609657","240,3314","48,11","0,442028","240,3311",,,,"48,11","0,4401207","240,3311","48,11","0,371774","240,3311"
,,,"48,12","0,4178683","240,3814",,,,,,,,,,"48,12","0,3582636","240,3814","48,12","0,442187","240,3813",,,,"48,12","0,4404386","240,3813","48,12","0,3733635","240,3813"
,,,"48,13","0,4221598","240,4314",,,,,,,,,,"48,13","0,3561974","240,4314","48,13","0,4428228","240,4311",,,,"48,13","0,4404386","240,4313","48,13","0,3725688","240,4311"
,,,"48,14","0,4262924","240,4813",,,,,,,,,,"48,14","0,3569921","240,4813","48,14","0,4425049","240,481",,,,"48,14","0,4396439","240,481","48,14","0,3714561","240,481"
,,,"48,15","0,4297892","240,5313",,,,,,,,,,"48,15","0,36033","240,5314","48,15","0,4401207","240,5311",,,,"48,15","0,4380544","240,5311","48,15","0,3720919","240,5311"
,,,"48,16","0,4318555","240,5813",,,,,,,,,,"48,16","0,3625552","240,5815","48,16","0,4345576","240,5811",,,,"48,16","0,4353523","240,5813","48,16","0,3728867","240,5811"
,,,"48,17","0,433445","240,6311",,,,,,,,,,"48,17","0,3627141","240,6314","48,17","0,4297892","240,6311",,,,"48,17","0,4324913","240,6311","48,17","0,3725688","240,6311"
,,,"48,18","0,4348755","240,6814",,,,,,,,,,"48,18","0,363032","240,6813","48,18","0,4289945","240,6811",,,,"48,18","0,4309019","240,6811","48,18","0,3722509","240,6811"
,,,"48,19","0,4342397","240,7313",,,,,,,,,,"48,19","0,363032","240,7313","48,19","0,430584","240,7311",,,,"48,19","0,4297892","240,7311","48,19","0,3728867","240,7311"
,,,"48,2","0,4318555","240,7813",,,,,,,,,,"48,2","0,3633499","240,7814","48,2","0,4309019","240,7813",,,,"48,2","0,4285177","240,7813","48,2","0,3730456","240,7811"
,,,"48,21","0,4285177","240,8313",,,,,,,,,,"48,21","0,3643036","240,8314","48,21","0,4285177","240,8311",,,,"48,21","0,4266103","240,8311","48,21","0,3736814","240,8311"
,,,"48,22","0,4254977","240,8813",,,,,,,,,,"48,22","0,3654162","240,8814","48,22","0,4253387","240,8813",,,,"48,22","0,4254977","240,881","48,22","0,3736814","240,8811"
,,,"48,23","0,4239082","240,9313",,,,,,,,,,"48,23","0,3657341","240,9314","48,23","0,424544","240,9313",,,,"48,23","0,4237493","240,9311","48,23","0,3738403","240,9313"
,,,"48,24","0,4210472","240,9814",,,,,,,,,,"48,24","0,3662109","240,9814","48,24","0,4269282","240,9813",,,,"48,24","0,4210472","240,9813","48,24","0,3752708","240,9813"
,,,"48,25","0,4154841","241,0314",,,,,,,,,,"48,25","0,3674825","241,0314","48,25","0,4294713","241,0313",,,,"48,25","0,4191399","241,0314","48,25","0,3770193","241,0313"
,,,"48,26","0,4083315","241,0813",,,,,,,,,,"48,26","0,368913","241,0814","48,26","0,4302661","241,0811",,,,"48,26","0,4173914","241,0811","48,26","0,3757477","241,0811"
,,,"48,27","0,4016558","241,1313",,,,,,,,,,"48,27","0,3698667","241,1314","48,27","0,4302661","241,1314",,,,"48,27","0,4151662","241,1314","48,27","0,3728867","241,1313"
,,,"48,28","0,3960927","241,1815",,,,,,,,,,"48,28","0,371774","241,1815","48,28","0,4309019","241,1813",,,,"48,28","0,4143715","241,1813","48,28","0,3720919","241,1813"
,,,"48,29","0,3919601","241,2314",,,,,,,,,,"48,29","0,3733635","241,2313","48,29","0,430584","241,2311",,,,"48,29","0,4154841","241,2313","48,29","0,3705025","241,2313"
,,,"48,3","0,3879865","241,2814",,,,,,,,,,"48,3","0,3725688","241,2813","48,3","0,430584","241,2813",,,,"48,3","0,4165967","241,2811","48,3","0,3673235","241,2811"
,,,"48,31","0,3833771","241,3313",,,,,,,,,,"48,31","0,3698667","241,3313","48,31","0,4329681","241,3313",,,,"48,31","0,4170736","241,3311","48,31","0,3649394","241,3313"
,,,"48,32","0,3792445","241,3814",,,,,,,,,,"48,32","0,3678004","241,3814","48,32","0,4369418","241,3813",,,,"48,32","0,4183451","241,3814","48,32","0,3638268","241,3814"
,,,"48,33","0,3760656","241,4314",,,,,,,,,,"48,33","0,3674825","241,4313","48,33","0,4390081","241,4313",,,,"48,33","0,4205704","241,4313","48,33","0,3617605","241,4313"
,,,"48,34","0,3741582","241,4813",,,,,,,,,,"48,34","0,3673235","241,4811","48,34","0,4377365","241,4811",,,,"48,34","0,4218419","241,4811","48,34","0,3590584","241,4811"
,,,"48,35","0,3738403","241,5313",,,,,,,,,,"48,35","0,365893","241,5313","48,35","0,4353523","241,5313",,,,"48,35","0,421524","241,5313","48,35","0,3569921","241,5314"
,,,"48,36","0,3760656","241,5814",,,,,,,,,,"48,36","0,3635089","241,5813","48,36","0,4350344","241,5813",,,,"48,36","0,4221598","241,5814","48,36","0,35429","241,5811"
,,,"48,37","0,3794034","241,6313",,,,,,,,,,"48,37","0,3609657","241,6313","48,37","0,4372597","241,6313",,,,"48,37","0,4237493","241,6313","48,37","0,3538132","241,6313"
,,,"48,38","0,3833771","241,6813",,,,,,,,,,"48,38","0,3579458","241,6813","48,38","0,439326","241,6811",,,,"48,38","0,4254977","241,6811","48,38","0,357151","241,6811"
,,,"48,39","0,386556","241,7311",,,,,,,,,,"48,39","0,3546079","241,7311","48,39","0,4398028","241,7313",,,,"48,39","0,4277229","241,7313","48,39","0,3617605","241,7313"
,,,"48,4","0,3911654","241,7813",,,,,,,,,,"48,4","0,3515879","241,7813","48,4","0,4405975","241,7814",,,,"48,4","0,4289945","241,7813","48,4","0,3638268","241,7814"
,,,"48,41","0,3972054","241,8314",,,,,,,,,,"48,41","0,3499985","241,8313","48,41","0,442028","241,8313",,,,"48,41","0,4281998","241,8313","48,41","0,365893","241,8311"
,,,"48,42","0,4038811","241,8813",,,,,,,,,,"48,42","0,3498395","241,8811","48,42","0,442028","241,8811",,,,"48,42","0,4266103","241,8813","48,42","0,369072","241,8813"
,,,"48,43","0,4083315","241,9311",,,,,,,,,,"48,43","0,3499985","241,9313","48,43","0,4401207","241,9313",,,,"48,43","0,4258156","241,9313","48,43","0,3712972","241,9313"
,,,"48,44","0,4110336","241,9813",,,,,,,,,,"48,44","0,3503164","241,9813","48,44","0,4398028","241,9811",,,,"48,44","0,4254977","241,9813","48,44","0,3709793","241,9813"
,,,"48,45","0,4142126","242,0314",,,,,,,,,,"48,45","0,3506342","242,0313","48,45","0,4428228","242,0314",,,,"48,45","0,4254977","242,0314","48,45","0,3698667","242,0313"
,,,"48,46","0,4175504","242,0813",,,,,,,,,,"48,46","0,3511111","242,0813","48,46","0,4460017","242,0811",,,,"48,46","0,4254977","242,0813","48,46","0,3674825","242,0811"
,,,"48,47","0,4213651","242,1311",,,,,,,,,,"48,47","0,3515879","242,1313","48,47","0,4477501","242,1314",,,,"48,47","0,4254977","242,1313","48,47","0,3649394","242,1313"
,,,"48,48","0,424703","242,1815",,,,,,,,,,"48,48","0,3530184","242,1814","48,48","0,4488627","242,1813",,,,"48,48","0,4261335","242,1813","48,48","0,3654162","242,1813"
,,,"48,49","0,4278819","242,2313",,,,,,,,,,"48,49","0,3550847","242,2313","48,49","0,4499753","242,2313",,,,"48,49","0,4266103","242,2313","48,49","0,3697077","242,2313"
,,,"48,5","0,430584","242,2814",,,,,,,,,,"48,5","0,3574689","242,2814","48,5","0,4507701","242,2813",,,,"48,5","0,4277229","242,2813","48,5","0,3725688","242,2813"
,,,"48,51","0,4321734","242,3313",,,,,,,,,,"48,51","0,3595352","242,3314","48,51","0,450929","242,3313",,,,"48,51","0,4286766","242,3314","48,51","0,3728867","242,3313"
,,,"48,52","0,4324913","242,3814",,,,,,,,,,"48,52","0,3638268","242,3814","48,52","0,450929","242,3814",,,,"48,52","0,4294713","242,3813","48,52","0,3733635","242,3813"
,,,"48,53","0,4318555","242,4313",,,,,,,,,,"48,53","0,3712972","242,4314","48,53","0,4517237","242,4313",,,,"48,53","0,4313787","242,4311","48,53","0,3757477","242,4314"
,,,"48,54","0,4301071","242,4814",,,,,,,,,,"48,54","0,3786087","242,4813","48,54","0,4525185","242,4811",,,,"48,54","0,4337629","242,4811","48,54","0,3786087","242,4811"
,,,"48,55","0,4281998","242,5314",,,,,,,,,,"48,55","0,3844897","242,5315","48,55","0,4517237","242,5313",,,,"48,55","0,4348755","242,5313","48,55","0,3809929","242,5313"
,,,"48,56","0,4266103","242,5814",,,,,,,,,,"48,56","0,3884633","242,5815","48,56","0,4496574","242,5813",,,,"48,56","0,4329681","242,5813","48,56","0,3816287","242,5813"
,,,"48,57","0,4253387","242,6313",,,,,,,,,,"48,57","0,3911654","242,6314","48,57","0,4491806","242,6313",,,,"48,57","0,4316966","242,6313","48,57","0,3800392","242,6313"
,,,"48,58","0,4213651","242,6814",,,,,,,,,,"48,58","0,3937086","242,6813","48,58","0,4504522","242,6811",,,,"48,58","0,4318555","242,6811","48,58","0,3781319","242,6811"
,,,"48,59","0,4146894","242,7313",,,,,,,,,,"48,59","0,3972054","242,7314","48,59","0,4512469","242,7311",,,,"48,59","0,4313787","242,7313","48,59","0,3760656","242,7313"
,,,"48,6","0,4091263","242,7814",,,,,,,,,,"48,6","0,4003843","242,7815","48,6","0,4501343","242,7813",,,,"48,6","0,4289945","242,7814","48,6","0,3744761","242,7813"
,,,"48,61","0,4067421","242,8315",,,,,,,,,,"48,61","0,4008611","242,8314","48,61","0,4488627","242,8313",,,,"48,61","0,4281998","242,8311","48,61","0,3730456","242,8313"
,,,"48,62","0,40404","242,8814",,,,,,,,,,"48,62","0,4003843","242,8813","48,62","0,4475912","242,8811",,,,"48,62","0,4297892","242,8811","48,62","0,3720919","242,8811"
,,,"48,63","0,4003843","242,9314",,,,,,,,,,"48,63","0,3999074","242,9314","48,63","0,4448891","242,9313",,,,"48,63","0,4309019","242,9313","48,63","0,3705025","242,9313"
,,,"48,64","0,3972054","242,9814",,,,,,,,,,"48,64","0,3975233","242,9815","48,64","0,442187","242,9811",,,,"48,64","0,4310608","242,9813","48,64","0,3693899","242,9813"
,,,"48,65","0,3943443","243,0314",,,,,,,,,,"48,65","0,3948212","243,0314","48,65","0,4413923","243,0313",,,,"48,65","0,4316966","243,0311","48,65","0,3697077","243,0313"
,,,"48,66","0,3900528","243,0814",,,,,,,,,,"48,66","0,3927549","243,0813","48,66","0,4405975","243,0811",,,,"48,66","0,4316966","243,0811","48,66","0,3697077","243,081"
,,,"48,67","0,3879865","243,1313",,,,,,,,,,"48,67","0,3908475","243,1313","48,67","0,4382133","243,1311",,,,"48,67","0,4301071","243,1313","48,67","0,3673235","243,1313"
,,,"48,68","0,3884633","243,1814",,,,,,,,,,"48,68","0,3892581","243,1814","48,68","0,4358292","243,1813",,,,"48,68","0,4269282","243,1813","48,68","0,3643036","243,1813"
,,,"48,69","0,3887812","243,2314",,,,,,,,,,"48,69","0,3887812","243,2314","48,69","0,4350344","243,2311",,,,"48,69","0,424544","243,2311","48,69","0,3619194","243,2311"
,,,"48,7","0,3879865","243,2814",,,,,,,,,,"48,7","0,386556","243,2814","48,7","0,4358292","243,2811",,,,"48,7","0,4229546","243,2813","48,7","0,3598531","243,2813"
,,,"48,71","0,3887812","243,3313",,,,,,,,,,"48,71","0,3805161","243,3314","48,71","0,4369418","243,3313",,,,"48,71","0,4207293","243,3313","48,71","0,3569921","243,3313"
,,,"48,72","0,3903707","243,3813",,,,,,,,,,"48,72","0,3725688","243,3814","48,72","0,4380544","243,3813",,,,"48,72","0,4199346","243,3813","48,72","0,3534953","243,3811"
,,,"48,73","0,3921191","243,4313",,,,,,,,,,"48,73","0,3646215","243,4313","48,73","0,4388491","243,4313",,,,"48,73","0,4205704","243,4311","48,73","0,351429","243,4313"
,,,"48,74","0,3959338","243,4811",,,,,,,,,,"48,74","0,3566742","243,4814","48,74","0,4396439","243,4811",,,,"48,74","0,4207293","243,4811","48,74","0,3507932","243,4811"
,,,"48,75","0,4014969","243,5311",,,,,,,,,,"48,75","0,3495216","243,5314","48,75","0,4413923","243,5313",,,,"48,75","0,4197756","243,5313","48,75","0,3519058","243,5313"
,,,"48,76","0,4043579","243,5813",,,,,,,,,,"48,76","0,3468195","243,5814","48,76","0,4445712","243,5811",,,,"48,76","0,4197756","243,5813","48,76","0,3527006","243,5813"
,,,"48,77","0,4038811","243,6311",,,,,,,,,,"48,77","0,3460248","243,6314","48,77","0,4483859","243,6313",,,,"48,77","0,421524","243,6313","48,77","0,3523827","243,6313"
,,,"48,78","0,4038811","243,6813",,,,,,,,,,"48,78","0,3444354","243,6814","48,78","0,4501343","243,6813",,,,"48,78","0,4231135","243,6813","48,78","0,351429","243,6811"
,,,"48,79","0,4056295","243,7311",,,,,,,,,,"48,79","0,3442764","243,7313","48,79","0,4491806","243,7313",,,,"48,79","0,4239082","243,7313","48,79","0,3515879","243,7313"
,,,"48,8","0,4072189","243,7813",,,,,,,,,,"48,8","0,3466606","243,7814","48,8","0,4469554","243,7813",,,,"48,8","0,4253387","243,7814","48,8","0,3538132","243,7813"
,,,"48,81","0,4080137","243,8313",,,,,,,,,,"48,81","0,3482501","243,8313","48,81","0,4461606","243,8313",,,,"48,81","0,4266103","243,8314","48,81","0,3558795","243,8313"
,,,"48,82","0,4086494","243,8811",,,,,,,,,,"48,82","0,3479322","243,8813","48,82","0,4467964","243,8813",,,,"48,82","0,4266103","243,8813","48,82","0,3547668","243,8813"
,,,"48,83","0,4072189","243,9311",,,,,,,,,,"48,83","0,3487269","243,9313","48,83","0,4475912","243,9314",,,,"48,83","0,4250208","243,9314","48,83","0,3507932","243,9314"
,,,"48,84","0,4056295","243,9811",,,,,,,,,,"48,84","0,3511111","243,9813","48,84","0,4475912","243,9813",,,,"48,84","0,4223188","243,9814","48,84","0,3479322","243,9814"
,,,"48,85","0,4059474","244,0314",,,,,,,,,,"48,85","0,3534953","244,0313","48,85","0,4483859","244,0314",,,,"48,85","0,4199346","244,0313","48,85","0,3499985","244,0314"
,,,"48,86","0,40706","244,0813",,,,,,,,,,"48,86","0,3566742","244,0813","48,86","0,4493395","244,0813",,,,"48,86","0,418663","244,0813","48,86","0,3554026","244,0811"
,,,"48,87","0,4067421","244,1311",,,,,,,,,,"48,87","0,3619194","244,1313","48,87","0,4475912","244,1314",,,,"48,87","0,4175504","244,1314","48,87","0,3585815","244,1314"
,,,"48,88","0,4064242","244,1813",,,,,,,,,,"48,88","0,3682772","244,1814","48,88","0,4444122","244,1814",,,,"48,88","0,4165967","244,1814","48,88","0,360171","244,1813"
,,,"48,89","0,4080137","244,2313",,,,,,,,,,"48,89","0,3736814","244,2313","48,89","0,4445712","244,2313",,,,"48,89","0,4162788","244,2313","48,89","0,3622373","244,2313"
,,,"48,9","0,4091263","244,2814",,,,,,,,,,"48,9","0,377814","244,2813","48,9","0,4467964","244,2813",,,,"48,9","0,4165967","244,2813","48,9","0,3657341","244,2813"
,,,"48,91","0,4080137","244,3311",,,,,,,,,,"48,91","0,3805161","244,3313","48,91","0,4469554","244,3313",,,,"48,91","0,4150073","244,3313","48,91","0,368913","244,3313"
,,,"48,92","0,40706","244,3814",,,,,,,,,,"48,92","0,3824234","244,3814","48,92","0,4467964","244,3814",,,,"48,92","0,4123052","244,3814","48,92","0,3722509","244,3814"
,,,"48,93","0,4080137","244,4314",,,,,,,,,,"48,93","0,3844897","244,4313","48,93","0,4477501","244,4313",,,,"48,93","0,4111926","244,4313","48,93","0,3757477","244,4313"
,,,"48,94","0,4086494","244,4813",,,,,,,,,,"48,94","0,3876686","244,4813","48,94","0,448068","244,4811",,,,"48,94","0,4118284","244,4811","48,94","0,3784498","244,4811"
,,,"48,95","0,4083315","244,5314",,,,,,,,,,"48,95","0,3919601","244,5313","48,95","0,4475912","244,5313",,,,"48,95","0,4110336","244,5313","48,95","0,377655","244,5313"
,,,"48,96","0,4091263","244,5814",,,,,,,,,,"48,96","0,3945033","244,5814","48,96","0,4472733","244,5813",,,,"48,96","0,4083315","244,5813","48,96","0,3754298","244,5813"
,,,"48,97","0,4107157","244,6314",,,,,,,,,,"48,97","0,3945033","244,6314","48,97","0,4475912","244,6313",,,,"48,97","0,4064242","244,6313","48,97","0,3760656","244,6313"
,,,"48,98","0,4111926","244,6813",,,,,,,,,,"48,98","0,3937086","244,6813","48,98","0,448068","244,6811",,,,"48,98","0,4062653","244,6811","48,98","0,3794034","244,6811"
,,,"48,99","0,4115105","244,7313",,,,,,,,,,"48,99","0,3935496","244,7313","48,99","0,4499753","244,7311",,,,"48,99","0,4064242","244,7311","48,99","0,3801982","244,7311"
,,,"49","0,4118284","244,7814",,,,,,,,,,"49","0,3916422","244,7815","49","0,4523595","244,7811",,,,"49","0,4064242","244,7811","49","0,377655","244,7813"
,,,"49,01","0,4119873","244,8314",,,,,,,,,,"49,01","0,3879865","244,8314","49,01","0,453949","244,8311",,,,"49,01","0,4062653","244,8313","49,01","0,3752708","244,8311"
,,,"49,02","0,4126231","244,8813",,,,,,,,,,"49,02","0,3852844","244,8814","49,02","0,4556974","244,8811",,,,"49,02","0,4062653","244,8811","49,02","0,3744761","244,881"
,,,"49,03","0,4126231","244,9313",,,,,,,,,,"49,03","0,3848076","244,9315","49,03","0,4591942","244,9313",,,,"49,03","0,4078547","244,9311","49,03","0,3720919","244,9311"
,,,"49,04","0,4118284","244,9813",,,,,,,,,,"49,04","0,3848076","244,9815","49,04","0,4618963","244,9811",,,,"49,04","0,409921","244,9811","49,04","0,3697077","244,9811"
,,,"49,05","0,409921","245,0313",,,,,,,,,,"49,05","0,3844897","245,0314","49,05","0,4628499","245,0311",,,,"49,05","0,4118284","245,0313","49,05","0,3698667","245,0313"
,,,"49,06","0,4072189","245,0813",,,,,,,,,,"49,06","0,3833771","245,0815","49,06","0,4623731","245,081",,,,"49,06","0,4123052","245,081","49,06","0,3714561","245,0811"
,,,"49,07","0,4059474","245,1313",,,,,,,,,,"49,07","0,3809929","245,1314","49,07","0,4612605","245,1311",,,,"49,07","0,4135768","245,1313","49,07","0,3736814","245,1311"
,,,"49,08","0,4062653","245,1815",,,,,,,,,,"49,08","0,3781319","245,1814","49,08","0,4599889","245,1813",,,,"49,08","0,4150073","245,1811","49,08","0,3744761","245,1813"
,,,"49,09","0,4062653","245,2314",,,,,,,,,,"49,09","0,3754298","245,2314","49,09","0,4588763","245,2311",,,,"49,09","0,4159609","245,2311","49,09","0,3712972","245,2311"
,,,"49,1","0,4046758","245,2814",,,,,,,,,,"49,1","0,3714561","245,2814","49,1","0,4583994","245,2811",,,,"49,1","0,4175504","245,2811","49,1","0,3678004","245,2811"
,,,"49,11","0,4030863","245,3313",,,,,,,,,,"49,11","0,3662109","245,3314","49,11","0,4572868","245,3311",,,,"49,11","0,4202525","245,3311","49,11","0,3678004","245,3311"
,,,"49,12","0,4024506","245,3814",,,,,,,,,,"49,12","0,3619194","245,3814","49,12","0,4563332","245,3813",,,,"49,12","0,4221598","245,3813","49,12","0,3701846","245,3811"
,,,"49,13","0,4024506","245,4314",,,,,,,,,,"49,13","0,3595352","245,4315","49,13","0,4552206","245,4311",,,,"49,13","0,4226367","245,4313","49,13","0,3730456","245,4313"
,,,"49,14","0,4022916","245,4813",,,,,,,,,,"49,14","0,3579458","245,4813","49,14","0,4531542","245,481",,,,"49,14","0,4229546","245,481","49,14","0,3768603","245,481"
,,,"49,15","0,4014969","245,5313",,,,,,,,,,"49,15","0,3595352","245,5314","49,15","0,4507701","245,5313",,,,"49,15","0,4231135","245,5313","49,15","0,3786087","245,5311"
,,,"49,16","0,4008611","245,5814",,,,,,,,,,"49,16","0,3649394","245,5814","49,16","0,4493395","245,5811",,,,"49,16","0,4242261","245,5811","49,16","0,377655","245,5811"
,,,"49,17","0,4007021","245,6313",,,,,,,,,,"49,17","0,3685951","245,6315","49,17","0,4488627","245,6313",,,,"49,17","0,4262924","245,6311","49,17","0,3770193","245,6313"
,,,"49,18","0,401179","245,6813",,,,,,,,,,"49,18","0,369072","245,6814","49,18","0,4488627","245,6811",,,,"49,18","0,4286766","245,6811","49,18","0,3786087","245,6811"
,,,"49,19","0,4019737","245,7313",,,,,,,,,,"49,19","0,3712972","245,7313","49,19","0,4488627","245,7313",,,,"49,19","0,4309019","245,7313","49,19","0,3794034","245,7313"
,,,"49,2","0,4030863","245,7814",,,,,,,,,,"49,2","0,3762245","245,7814","49,2","0,4485448","245,7813",,,,"49,2","0,4318555","245,7813","49,2","0,3800392","245,7813"
,,,"49,21","0,4046758","245,8314",,,,,,,,,,"49,21","0,3805161","245,8314","49,21","0,4453659","245,8313",,,,"49,21","0,4313787","245,8313","49,21","0,380834","245,8313"
,,,"49,22","0,4051526","245,8813",,,,,,,,,,"49,22","0,3833771","245,8813","49,22","0,439326","245,8813",,,,"49,22","0,4294713","245,8811","49,22","0,3792445","245,8813"
,,,"49,23","0,4032453","245,9313",,,,,,,,,,"49,23","0,3871918","245,9314","49,23","0,4337629","245,9313",,,,"49,23","0,4270872","245,9313","49,23","0,3744761","245,9314"
,,,"49,24","0,4003843","245,9814",,,,,,,,,,"49,24","0,3911654","245,9813","49,24","0,4313787","245,9813",,,,"49,24","0,4258156","245,9813","49,24","0,3706614","245,9813"
,,,"49,25","0,3999074","246,0314",,,,,,,,,,"49,25","0,3943443","246,0313","49,25","0,4302661","246,0313",,,,"49,25","0,4261335","246,0314","49,25","0,3693899","246,0313"
,,,"49,26","0,4007021","246,0813",,,,,,,,,,"49,26","0,3975233","246,0811","49,26","0,4293124","246,0811",,,,"49,26","0,4266103","246,0811","49,26","0,3693899","246,0811"
,,,"49,27","0,4007021","246,1311",,,,,,,,,,"49,27","0,401179","246,1313","49,27","0,4289945","246,1314",,,,"49,27","0,4270872","246,1314","49,27","0,3705025","246,1314"
,,,"49,28","0,4003843","246,1814",,,,,,,,,,"49,28","0,4035632","246,1814","49,28","0,4302661","246,1813",,,,"49,28","0,4270872","246,1813","49,28","0,3712972","246,1814"
,,,"49,29","0,4014969","246,2313",,,,,,,,,,"49,29","0,4051526","246,2313","49,29","0,4324913","246,2313",,,,"49,29","0,4262924","246,2313","49,29","0,3693899","246,2313"
,,,"49,3","0,4030863","246,2813",,,,,,,,,,"49,3","0,4062653","246,2813","49,3","0,4350344","246,2813",,,,"49,3","0,4253387","246,2813","49,3","0,3662109","246,2813"
,,,"49,31","0,4035632","246,3313",,,,,,,,,,"49,31","0,4043579","246,3311","49,31","0,4377365","246,3311",,,,"49,31","0,424703","246,3313","49,31","0,3638268","246,3313"
,,,"49,32","0,4032453","246,3813",,,,,,,,,,"49,32","0,4007021","246,3814","49,32","0,439326","246,3814",,,,"49,32","0,4250208","246,3813","49,32","0,3635089","246,3813"
,,,"49,33","0,4038811","246,4313",,,,,,,,,,"49,33","0,398318","246,4314","49,33","0,4401207","246,4313",,,,"49,33","0,4250208","246,4313","49,33","0,3649394","246,4313"
,,,"49,34","0,40404","246,4813",,,,,,,,,,"49,34","0,3975233","246,4811","49,34","0,4412333","246,4811",,,,"49,34","0,4223188","246,481","49,34","0,3649394","246,4811"
,,,"49,35","0,4030863","246,5313",,,,,,,,,,"49,35","0,3959338","246,5314","49,35","0,442187","246,5313",,,,"49,35","0,4178683","246,5311","49,35","0,3619194","246,5313"
,,,"49,36","0,4008611","246,5814",,,,,,,,,,"49,36","0,3913244","246,5813","49,36","0,4428228","246,5813",,,,"49,36","0,4135768","246,5814","49,36","0,3590584","246,5813"
,,,"49,37","0,3992716","246,6313",,,,,,,,,,"49,37","0,3848076","246,6313","49,37","0,4445712","246,6313",,,,"49,37","0,4107157","246,6313","49,37","0,3579458","246,6313"
,,,"49,38","0,3992716","246,6813",,,,,,,,,,"49,38","0,3784498","246,6811","49,38","0,4469554","246,6811",,,,"49,38","0,4096031","246,6811","49,38","0,3569921","246,6811"
,,,"49,39","0,3991127","246,7311",,,,,,,,,,"49,39","0,3736814","246,7313","49,39","0,448068","246,7313",,,,"49,39","0,4094442","246,7313","49,39","0,3569921","246,7311"
,,,"49,4","0,3980001","246,7814",,,,,,,,,,"49,4","0,3697077","246,7814","49,4","0,4491806","246,7813",,,,"49,4","0,4080137","246,7813","49,4","0,3593763","246,7813"
,,,"49,41","0,3972054","246,8314",,,,,,,,,,"49,41","0,3646215","246,8313","49,41","0,4523595","246,8311",,,,"49,41","0,4059474","246,8313","49,41","0,3606478","246,8311"
,,,"49,42","0,3976822","246,8813",,,,,,,,,,"49,42","0,3595352","246,8813","49,42","0,4564921","246,8811",,,,"49,42","0,4046758","246,8811","49,42","0,3595352","246,8811"
,,,"49,43","0,3976822","246,9313",,,,,,,,,,"49,43","0,3546079","246,9313","49,43","0,459671","246,9313",,,,"49,43","0,4054705","246,9313","49,43","0,3582636","246,9313"
,,,"49,44","0,3964106","246,9813",,,,,,,,,,"49,44","0,3466606","246,9814","49,44","0,4628499","246,9813",,,,"49,44","0,4064242","246,9811","49,44","0,3585815","246,9811"
,,,"49,45","0,3948212","247,0314",,,,,,,,,,"49,45","0,3356934","247,0313","49,45","0,4679362","247,0313",,,,"49,45","0,4064242","247,0313","49,45","0,360171","247,0313"
,,,"49,46","0,3945033","247,0814",,,,,,,,,,"49,46","0,324885","247,0813","49,46","0,4722277","247,0811",,,,"49,46","0,4046758","247,0811","49,46","0,3617605","247,0811"
,,,"49,47","0,3956159","247,1313",,,,,,,,,,"49,47","0,3166199","247,1313","49,47","0,4747709","247,1313",,,,"49,47","0,4030863","247,1313","49,47","0,3625552","247,1313"
,,,"49,48","0,3968875","247,1814",,,,,,,,,,"49,48","0,3124873","247,1814","49,48","0,4758835","247,1814",,,,"49,48","0,4027685","247,1813","49,48","0,3627141","247,1813"
,,,"49,49","0,3960927","247,2313",,,,,,,,,,"49,49","0,3124873","247,2313","49,49","0,4750887","247,2313",,,,"49,49","0,4016558","247,2313","49,49","0,3643036","247,2311"
,,,"49,5","0,3940264","247,2814",,,,,,,,,,"49,5","0,3142357","247,2814","49,5","0,4739761","247,2811",,,,"49,5","0,3995895","247,2813","49,5","0,3665288","247,2813"
,,,"49,51","0,3940264","247,3313",,,,,,,,,,"49,51","0,3142357","247,3314","49,51","0,474294","247,3313",,,,"49,51","0,3975233","247,3313","49,51","0,3670057","247,3313"
,,,"49,52","0,3956159","247,3814",,,,,,,,,,"49,52","0,3129641","247,3815","49,52","0,4747709","247,3813",,,,"49,52","0,3967285","247,3813","49,52","0,3673235","247,3813"
,,,"49,53","0,3967285","247,4314",,,,,,,,,,"49,53","0,3140768","247,4314","49,53","0,4738172","247,4313",,,,"49,53","0,3976822","247,4313","49,53","0,3693899","247,4313"
,,,"49,54","0,3980001","247,4813",,,,,,,,,,"49,54","0,3180504","247,4813","49,54","0,4727046","247,4811",,,,"49,54","0,3992716","247,4811","49,54","0,3705025","247,4811"
,,,"49,55","0,4008611","247,5313",,,,,,,,,,"49,55","0,322183","247,5314","49,55","0,4719099","247,5313",,,,"49,55","0,4003843","247,5313","49,55","0,3697077","247,5313"
,,,"49,56","0,4038811","247,5814",,,,,,,,,,"49,56","0,3252029","247,5814","49,56","0,4698435","247,5811",,,,"49,56","0,401179","247,5811","49,56","0,3681183","247,5811"
,,,"49,57","0,4059474","247,6314",,,,,,,,,,"49,57","0,3269514","247,6314","49,57","0,4674594","247,6311",,,,"49,57","0,4032453","247,6313","49,57","0,3673235","247,6313"
,,,"49,58","0,4072189","247,6814",,,,,,,,,,"49,58","0,3272692","247,6814","49,58","0,4671415","247,6811",,,,"49,58","0,4048347","247,6811","49,58","0,3678004","247,6811"
,,,"49,59","0,4088084","247,7311",,,,,,,,,,"49,59","0,3272692","247,7313","49,59","0,4668236","247,7313",,,,"49,59","0,4038811","247,7313","49,59","0,369072","247,7311"
,,,"49,6","0,4103979","247,7814",,,,,,,,,,"49,6","0,3283819","247,7814","49,6","0,4652341","247,7814",,,,"49,6","0,4024506","247,7813","49,6","0,3698667","247,7814"
,,,"49,61","0,4111926","247,8315",,,,,,,,,,"49,61","0,3291766","247,8314","49,61","0,462691","247,8313",,,,"49,61","0,4019737","247,8313","49,61","0,3701846","247,8311"
,,,"49,62","0,409921","247,8814",,,,,,,,,,"49,62","0,3288587","247,8813","49,62","0,4595121","247,8813",,,,"49,62","0,4016558","247,8811","49,62","0,371774","247,8811"
,,,"49,63","0,4059474","247,9313",,,,,,,,,,"49,63","0,3277461","247,9313","49,63","0,4556974","247,9313",,,,"49,63","0,4003843","247,9313","49,63","0,3725688","247,9313"
,,,"49,64","0,4016558","247,9813",,,,,,,,,,"49,64","0,3259977","247,9814","49,64","0,4531542","247,9813",,,,"49,64","0,4007021","247,9811","49,64","0,3701846","247,9811"
,,,"49,65","0,3991127","248,0313",,,,,,,,,,"49,65","0,3252029","248,0314","49,65","0,4531542","248,0313",,,,"49,65","0,4030863","248,0313","49,65","0,369072","248,0314"
,,,"49,66","0,3975233","248,0813",,,,,,,,,,"49,66","0,3264745","248,0811","49,66","0,4541079","248,0811",,,,"49,66","0,4062653","248,0811","49,66","0,3712972","248,0811"
,,,"49,67","0,395298","248,1311",,,,,,,,,,"49,67","0,3293355","248,1313","49,67","0,4525185","248,1313",,,,"49,67","0,4088084","248,1313","49,67","0,3730456","248,1314"
,,,"49,68","0,3943443","248,1813",,,,,,,,,,"49,68","0,3317197","248,1814","49,68","0,4483859","248,1813",,,,"49,68","0,4110336","248,1813","49,68","0,3746351","248,1813"
,,,"49,69","0,3921191","248,2313",,,,,,,,,,"49,69","0,3339449","248,2313","49,69","0,4456838","248,2311",,,,"49,69","0,4142126","248,2311","49,69","0,3765424","248,2311"
,,,"49,7","0,3889402","248,2814",,,,,,,,,,"49,7","0,3372828","248,2814","49,7","0,4467964","248,2811",,,,"49,7","0,4173914","248,2811","49,7","0,3770193","248,2811"
,,,"49,71","0,386397","248,3311",,,,,,,,,,"49,71","0,3391902","248,3314","49,71","0,4488627","248,3313",,,,"49,71","0,418663","248,3313","49,71","0,3762245","248,3313"
,,,"49,72","0,3857613","248,3813",,,,,,,,,,"49,72","0,3383954","248,3814","49,72","0,4507701","248,3813",,,,"49,72","0,4194578","248,3813","49,72","0,3768603","248,3813"
,,,"49,73","0,3849665","248,4313",,,,,,,,,,"49,73","0,3380775","248,4314","49,73","0,4517237","248,4313",,,,"49,73","0,4210472","248,4313","49,73","0,3789266","248,4313"
,,,"49,74","0,3813108","248,4813",,,,,,,,,,"49,74","0,3395081","248,4813","49,74","0,4520416","248,481",,,,"49,74","0,4226367","248,481","49,74","0,3794034","248,4811"
,,,"49,75","0,3773371","248,5313",,,,,,,,,,"49,75","0,3418922","248,5314","49,75","0,4507701","248,5313",,,,"49,75","0,4234314","248,5313","49,75","0,3786087","248,5313"
,,,"49,76","0,3760656","248,5813",,,,,,,,,,"49,76","0,3468195","248,5814","49,76","0,4483859","248,5813",,,,"49,76","0,4237493","248,5813","49,76","0,377814","248,5813"
,,,"49,77","0,3770193","248,6313",,,,,,,,,,"49,77","0,35429","248,6314","49,77","0,4472733","248,6313",,,,"49,77","0,4258156","248,6313","49,77","0,3786087","248,6311"
,,,"49,78","0,3781319","248,6813",,,,,,,,,,"49,78","0,3587405","248,6813","49,78","0,4483859","248,6813",,,,"49,78","0,4289945","248,6811","49,78","0,3821055","248,6811"
,,,"49,79","0,3786087","248,7311",,,,,,,,,,"49,79","0,3606478","248,7313","49,79","0,4499753","248,7311",,,,"49,79","0,4302661","248,7311","49,79","0,3871918","248,7313"
,,,"49,8","0,3792445","248,7813",,,,,,,,,,"49,8","0,3643036","248,7813","49,8","0,4493395","248,7811",,,,"49,8","0,430584","248,7813","49,8","0,3852844","248,7813"
,,,"49,81","0,380834","248,8313",,,,,,,,,,"49,81","0,3698667","248,8313","49,81","0,4477501","248,8313",,,,"49,81","0,4310608","248,8313","49,81","0,3765424","248,8313"
,,,"49,82","0,3848076","248,8813",,,,,,,,,,"49,82","0,3744761","248,8813","49,82","0,4475912","248,8811",,,,"49,82","0,4318555","248,8811","49,82","0,3760656","248,8811"
,,,"49,83","0,3892581","248,9313",,,,,,,,,,"49,83","0,3784498","248,9313","49,83","0,4488627","248,9313",,,,"49,83","0,4318555","248,9313","49,83","0,3809929","248,9313"
,,,"49,84","0,3916422","248,9813",,,,,,,,,,"49,84","0,3816287","248,9814","49,84","0,4501343","248,9813",,,,"49,84","0,4289945","248,9813","49,84","0,3768603","248,9811"
,,,"49,85","0,3929138","249,0314",,,,,,,,,,"49,85","0,3824234","249,0315","49,85","0,4512469","249,0313",,,,"49,85","0,4239082","249,0313","49,85","0,3706614","249,0313"
,,,"49,86","0,3967285","249,0813",,,,,,,,,,"49,86","0,3821055","249,0814","49,86","0,4512469","249,0811",,,,"49,86","0,4210472","249,0811","49,86","0,3757477","249,0811"
,,,"49,87","0,4022916","249,1313",,,,,,,,,,"49,87","0,3840128","249,1314","49,87","0,4485448","249,1313",,,,"49,87","0,4221598","249,1313","49,87","0,3781319","249,1313"
,,,"49,88","0,4059474","249,1814",,,,,,,,,,"49,88","0,3860792","249,1814","49,88","0,445207","249,1813",,,,"49,88","0,4253387","249,1813","49,88","0,3738403","249,1813"
,,,"49,89","0,4078547","249,2313",,,,,,,,,,"49,89","0,386397","249,2313","49,89","0,4428228","249,2311",,,,"49,89","0,4289945","249,2311","49,89","0,3757477","249,2311"
,,,"49,9","0,4094442","249,2814",,,,,,,,,,"49,9","0,3868739","249,2813","49,9","0,442187","249,2813",,,,"49,9","0,433286","249,2811","49,9","0,3760656","249,2813"
,,,"49,91","0,4107157","249,3313",,,,,,,,,,"49,91","0,3881454","249,3314","49,91","0,442187","249,3314",,,,"49,91","0,4374186","249,3313","49,91","0,3670057","249,3313"
,,,"49,92","0,4111926","249,3814",,,,,,,,,,"49,92","0,3876686","249,3815","49,92","0,4412333","249,3813",,,,"49,92","0,4404386","249,3813","49,92","0,3674825","249,3813"
,,,"49,93","0,4134178","249,4315",,,,,,,,,,"49,93","0,3876686","249,4314","49,93","0,4390081","249,4313",,,,"49,93","0,442028","249,4313","49,93","0,3738403","249,4313"
,,,"49,94","0,4162788","249,4813",,,,,,,,,,"49,94","0,3919601","249,4813","49,94","0,4385312","249,4811",,,,"49,94","0,442187","249,4811","49,94","0,3674825","249,4811"
,,,"49,95","0,4181862","249,5313",,,,,,,,,,"49,95","0,3960927","249,5313","49,95","0,4405975","249,5314",,,,"49,95","0,4425049","249,5314","49,95","0,3650983","249,5314"
,,,"49,96","0,4189809","249,5814",,,,,,,,,,"49,96","0,3959338","249,5814","49,96","0,4436175","249,5813",,,,"49,96","0,4429817","249,5813","49,96","0,3736814","249,5813"
,,,"49,97","0,4194578","249,6313",,,,,,,,,,"49,97","0,3960927","249,6313","49,97","0,4448891","249,6313",,,,"49,97","0,4440943","249,6313","49,97","0,3693899","249,6313"
,,,"49,98","0,4202525","249,6813",,,,,,,,,,"49,98","0,3999074","249,6813","49,98","0,4444122","249,6811",,,,"49,98","0,445207","249,6813","49,98","0,36033","249,6811"
,,,"49,99","0,4210472","249,7311",,,,,,,,,,"49,99","0,4032453","249,7313","49,99","0,4432996","249,7313",,,,"49,99","0,4467964","249,7313","49,99","0,3673235","249,7313"
,,,"50","0,4210472","249,7814",,,,,,,,,,"50","0,4056295","249,7814","50","0,4425049","249,7813",,,,"50","0,4483859","249,7814","50","0,3693899","249,7813"
,,,"50,01","0,4194578","249,8313",,,,,,,,,,"50,01","0,409921","249,8313","50,01","0,4436175","249,8313",,,,"50,01","0,4485448","249,8313","50,01","0,3590584","249,8313"
,,,"50,02","0,4162788","249,8813",,,,,,,,,,"50,02","0,4143715","249,8811","50,02","0,4469554","249,8811",,,,"50,02","0,4472733","249,8811","50,02","0,3614426","249,8813"
,,,"50,03","0,4135768","249,9313",,,,,,,,,,"50,03","0,4150073","249,9313","50,03","0,4499753","249,9313",,,,"50,03","0,4469554","249,9313","50,03","0,3685951","249,9313"
,,,"50,04","0,4119873","249,9813",,,,,,,,,,"50,04","0,4119873","249,9813","50,04","0,4507701","249,9813",,,,"50,04","0,448068","249,9813","50,04","0,3609657","249,9813"
,,,"50,05","0,4110336","250,0314",,,,,,,,,,"50,05","0,4075368","250,0313","50,05","0,4512469","250,0313",,,,"50,05","0,4501343","250,0313","50,05","0,3574689","250,0313"
,,,"50,06","0,4078547","250,0813",,,,,,,,,,"50,06","0,4032453","250,0813","50,06","0,4525185","250,0811",,,,"50,06","0,453949","250,0811","50,06","0,3635089","250,0813"
,,,"50,07","0,4024506","250,1311",,,,,,,,,,"50,07","0,4019737","250,1313","50,07","0,4536311","250,1314",,,,"50,07","0,4563332","250,1313","50,07","0,36033","250,1313"
,,,"50,08","0,3987948","250,1814",,,,,,,,,,"50,08","0,4046758","250,1814","50,08","0,453949","250,1813",,,,"50,08","0,4552206","250,1813","50,08","0,3558795","250,1813"
,,,"50,09","0,3972054","250,2313",,,,,,,,,,"50,09","0,4067421","250,2313","50,09","0,453949","250,2313",,,,"50,09","0,4528364","250,2313","50,09","0,3614426","250,2311"
,,,"50,1","0,3945033","250,2814",,,,,,,,,,"50,1","0,4062653","250,2813","50,1","0,4549026","250,2813",,,,"50,1","0,4504522","250,2811","50,1","0,36033","250,2813"
,,,"50,11","0,3903707","250,3313",,,,,,,,,,"50,11","0,4054705","250,3313","50,11","0,4563332","250,3313",,,,"50,11","0,4472733","250,3311","50,11","0,3527006","250,3313"
,,,"50,12","0,386556","250,3813",,,,,,,,,,"50,12","0,40404","250,3814","50,12","0,4564921","250,3813",,,,"50,12","0,4440943","250,3813","50,12","0,3550847","250,3813"
,,,"50,13","0,3840128","250,4313",,,,,,,,,,"50,13","0,401179","250,4314","50,13","0,4549026","250,4313",,,,"50,13","0,4417101","250,4313","50,13","0,3595352","250,4313"
,,,"50,14","0,3809929","250,4813",,,,,,,,,,"50,14","0,3992716","250,4813","50,14","0,4520416","250,4811",,,,"50,14","0,439326","250,481","50,14","0,3554026","250,481"
,,,"50,15","0,3789266","250,5313",,,,,,,,,,"50,15","0,4014969","250,5314","50,15","0,4501343","250,5313",,,,"50,15","0,4364649","250,5313","50,15","0,3546079","250,5311"
,,,"50,16","0,377655","250,5814",,,,,,,,,,"50,16","0,4035632","250,5815","50,16","0,4496574","250,5813",,,,"50,16","0,4337629","250,5813","50,16","0,3598531","250,5813"
,,,"50,17","0,3765424","250,6314",,,,,,,,,,"50,17","0,4043579","250,6314","50,17","0,4491806","250,6311",,,,"50,17","0,433286","250,6313","50,17","0,3606478","250,6313"
,,,"50,18","0,3757477","250,6814",,,,,,,,,,"50,18","0,4059474","250,6814","50,18","0,4475912","250,6811",,,,"50,18","0,4350344","250,6811","50,18","0,36033","250,6811"
,,,"50,19","0,3770193","250,7313",,,,,,,,,,"50,19","0,4080137","250,7314","50,19","0,4448891","250,7311",,,,"50,19","0,4369418","250,7311","50,19","0,3649394","250,7311"
,,,"50,2","0,3801982","250,7814",,,,,,,,,,"50,2","0,4091263","250,7815","50,2","0,4428228","250,7813",,,,"50,2","0,4372597","250,7813","50,2","0,3673235","250,7813"
,,,"50,21","0,3832181","250,8313",,,,,,,,,,"50,21","0,4118284","250,8314","50,21","0,4412333","250,8313",,,,"50,21","0,4374186","250,8313","50,21","0,365893","250,8313"
,,,"50,22","0,386556","250,8813",,,,,,,,,,"50,22","0,4178683","250,8814","50,22","0,4401207","250,8811",,,,"50,22","0,4398028","250,8811","50,22","0,3681183","250,8811"
,,,"50,23","0,3905296","250,9313",,,,,,,,,,"50,23","0,4242261","250,9313","50,23","0,4390081","250,9313",,,,"50,23","0,442187","250,9313","50,23","0,371774","250,9313"
,,,"50,24","0,3945033","250,9813",,,,,,,,,,"50,24","0,4302661","250,9815","50,24","0,4380544","250,9813",,,,"50,24","0,442028","250,9813","50,24","0,3706614","250,9813"
,,,"50,25","0,3992716","251,0314",,,,,,,,,,"50,25","0,4390081","251,0315","50,25","0,4361471","251,0314",,,,"50,25","0,4409154","251,0313","50,25","0,3685951","251,0314"
,,,"50,26","0,4043579","251,0814",,,,,,,,,,"50,26","0,448068","251,0814","50,26","0,433286","251,0811",,,,"50,26","0,4409154","251,0811","50,26","0,3681183","251,0811"
,,,"50,27","0,4083315","251,1313",,,,,,,,,,"50,27","0,450929","251,1314","50,27","0,430584","251,1313",,,,"50,27","0,4405975","251,1313","50,27","0,3673235","251,1313"
,,,"50,28","0,4110336","251,1814",,,,,,,,,,"50,28","0,4483859","251,1814","50,28","0,4285177","251,1813",,,,"50,28","0,4382133","251,1813","50,28","0,3666878","251,1813"
,,,"50,29","0,4138947","251,2313",,,,,,,,,,"50,29","0,4469554","251,2313","50,29","0,427405","251,2313",,,,"50,29","0,4353523","251,2311","50,29","0,3697077","251,2313"
,,,"50,3","0,4173914","251,2813",,,,,,,,,,"50,3","0,4499753","251,2814","50,3","0,4281998","251,2813",,,,"50,3","0,433445","251,2813","50,3","0,3725688","251,2811"
,,,"50,31","0,4191399","251,3311",,,,,,,,,,"50,31","0,4556974","251,3313","50,31","0,430584","251,3313",,,,"50,31","0,4321734","251,3314","50,31","0,3722509","251,3314"
,,,"50,32","0,4213651","251,3813",,,,,,,,,,"50,32","0,4631678","251,3815","50,32","0,4342397","251,3814",,,,"50,32","0,4310608","251,3813","50,32","0,3725688","251,3814"
,,,"50,33","0,424703","251,4314",,,,,,,,,,"50,33","0,4700025","251,4314","50,33","0,4377365","251,4313",,,,"50,33","0,4297892","251,4313","50,33","0,3760656","251,4313"
,,,"50,34","0,4281998","251,4813",,,,,,,,,,"50,34","0,4731814","251,4813","50,34","0,4396439","251,4811",,,,"50,34","0,4278819","251,4811","50,34","0,377655","251,4811"
,,,"50,35","0,4294713","251,5313",,,,,,,,,,"50,35","0,4706383","251,5313","50,35","0,4405975","251,5314",,,,"50,35","0,4253387","251,5313","50,35","0,3752708","251,5313"
,,,"50,36","0,4294713","251,5814",,,,,,,,,,"50,36","0,4618963","251,5814","50,36","0,442028","251,5813",,,,"50,36","0,4223188","251,5813","50,36","0,3720919","251,5811"
,,,"50,37","0,4270872","251,6313",,,,,,,,,,"50,37","0,4525185","251,6313","50,37","0,4444122","251,6313",,,,"50,37","0,4207293","251,6313","50,37","0,371774","251,6313"
,,,"50,38","0,4231135","251,6813",,,,,,,,,,"50,38","0,4493395","251,6813","50,38","0,4461606","251,6811",,,,"50,38","0,4197756","251,6811","50,38","0,3730456","251,6813"
,,,"50,39","0,4194578","251,7311",,,,,,,,,,"50,39","0,4525185","251,7311","50,39","0,4461606","251,7313",,,,"50,39","0,4191399","251,7313","50,39","0,3741582","251,7313"
,,,"50,4","0,4173914","251,7814",,,,,,,,,,"50,4","0,4552206","251,7814","50,4","0,445207","251,7813",,,,"50,4","0,418663","251,7813","50,4","0,3760656","251,7813"
,,,"50,41","0,4151662","251,8313",,,,,,,,,,"50,41","0,4520416","251,8313","50,41","0,4440943","251,8313",,,,"50,41","0,4167557","251,8313","50,41","0,377814","251,8313"
,,,"50,42","0,4115105","251,8813",,,,,,,,,,"50,42","0,4432996","251,8813","50,42","0,4432996","251,8811",,,,"50,42","0,4142126","251,8813","50,42","0,3773371","251,8813"
,,,"50,43","0,4059474","251,9313",,,,,,,,,,"50,43","0,4294713","251,9313","50,43","0,442187","251,9313",,,,"50,43","0,4126231","251,9313","50,43","0,3762245","251,9313"
,,,"50,44","0,3992716","251,9813",,,,,,,,,,"50,44","0,4091263","251,9814","50,44","0,4412333","251,9813",,,,"50,44","0,4118284","251,9813","50,44","0,3781319","251,9813"
,,,"50,45","0,3935496","252,0314",,,,,,,,,,"50,45","0,386397","252,0313","50,45","0,4396439","252,0313",,,,"50,45","0,4107157","252,0314","50,45","0,3813108","252,0313"
,,,"50,46","0,389576","252,0813",,,,,,,,,,"50,46","0,3682772","252,0813","50,46","0,4388491","252,0813",,,,"50,46","0,4107157","252,0811","50,46","0,3825823","252,0811"
,,,"50,47","0,3871918","252,1311",,,,,,,,,,"50,47","0,3579458","252,1313","50,47","0,4390081","252,1313",,,,"50,47","0,4118284","252,1314","50,47","0,3824234","252,1314"
,,,"50,48","0,3844897","252,1814",,,,,,,,,,"50,48","0,3550847","252,1814","50,48","0,4388491","252,1813",,,,"50,48","0,4119873","252,1813","50,48","0,3801982","252,1813"
,,,"50,49","0,3813108","252,2313",,,,,,,,,,"50,49","0,360171","252,2314","50,49","0,4369418","252,2311",,,,"50,49","0,4111926","252,2313","50,49","0,377655","252,2313"
,,,"50,5","0,3792445","252,2813",,,,,,,,,,"50,5","0,3722509","252,2814","50,5","0,4356702","252,2813",,,,"50,5","0,4103979","252,2811","50,5","0,3768603","252,2811"
,,,"50,51","0,3781319","252,3313",,,,,,,,,,"50,51","0,3889402","252,3313","50,51","0,4350344","252,3313",,,,"50,51","0,4096031","252,3311","50,51","0,3770193","252,3313"
,,,"50,52","0,3765424","252,3814",,,,,,,,,,"50,52","0,4118284","252,3815","50,52","0,4342397","252,3813",,,,"50,52","0,4096031","252,3813","50,52","0,3757477","252,3813"
,,,"50,53","0,3768603","252,4314",,,,,,,,,,"50,53","0,4425049","252,4313","50,53","0,4337629","252,4311",,,,"50,53","0,4110336","252,4313","50,53","0,3746351","252,4311"
,,,"50,54","0,3805161","252,4813",,,,,,,,,,"50,54","0,4785856","252,4813","50,54","0,4348755","252,481",,,,"50,54","0,412782","252,481","50,54","0,3757477","252,481"
,,,"50,55","0,3844897","252,5314",,,,,,,,,,"50,55","0,5156199","252,5314","50,55","0,4372597","252,5313",,,,"50,55","0,4142126","252,5313","50,55","0,3762245","252,5313"
,,,"50,56","0,3860792","252,5814",,,,,,,,,,"50,56","0,5502701","252,5814","50,56","0,4385312","252,5813",,,,"50,56","0,4143715","252,5813","50,56","0,3741582","252,5813"
,,,"50,57","0,3876686","252,6313",,,,,,,,,,"50,57","0,582695","252,6314","50,57","0,4390081","252,6313",,,,"50,57","0,4150073","252,6313","50,57","0,371774","252,6311"
,,,"50,58","0,3905296","252,6813",,,,,,,,,,"50,58","0,6160736","252,6813","50,58","0,4404386","252,6811",,,,"50,58","0,4151662","252,6811","50,58","0,3720919","252,6811"
,,,"50,59","0,3932317","252,7313",,,,,,,,,,"50,59","0,6532669","252,7313","50,59","0,442028","252,7311",,,,"50,59","0,4154841","252,7313","50,59","0,3722509","252,7313"
,,,"50,6","0,3960927","252,7814",,,,,,,,,,"50,6","0,6936391","252,7815","50,6","0,442028","252,7813",,,,"50,6","0,4159609","252,7813","50,6","0,3705025","252,7813"
,,,"50,61","0,4008611","252,8313",,,,,,,,,,"50,61","0,7298787","252,8314","50,61","0,4409154","252,8311",,,,"50,61","0,4167557","252,8313","50,61","0,369072","252,8311"
,,,"50,62","0,4062653","252,8814",,,,,,,,,,"50,62","0,7529259","252,8813","50,62","0,4401207","252,8811",,,,"50,62","0,4181862","252,8811","50,62","0,3693899","252,8811"
,,,"50,63","0,4103979","252,9313",,,,,,,,,,"50,63","0,7603963","252,9314","50,63","0,4404386","252,9311",,,,"50,63","0,4194578","252,9313","50,63","0,369072","252,9313"
,,,"50,64","0,4146894","252,9814",,,,,,,,,,"50,64","0,7589658","252,9815","50,64","0,4417101","252,9811",,,,"50,64","0,4202525","252,9811","50,64","0,3666878","252,9811"
,,,"50,65","0,4181862","253,0314",,,,,,,,,,"50,65","0,7553101","253,0314","50,65","0,4429817","253,0313",,,,"50,65","0,4205704","253,0311","50,65","0,3650983","253,0311"
,,,"50,66","0,4197756","253,0814",,,,,,,,,,"50,66","0,7481575","253,0814","50,66","0,4429817","253,0811",,,,"50,66","0,4210472","253,0811","50,66","0,3662109","253,0811"
,,,"50,67","0,4202525","253,1313",,,,,,,,,,"50,67","0,7343292","253,1314","50,67","0,4428228","253,1311",,,,"50,67","0,4237493","253,1313","50,67","0,3681183","253,1311"
,,,"50,68","0,4199346","253,1814",,,,,,,,,,"50,68","0,7092158","253,1814","50,68","0,4429817","253,1811",,,,"50,68","0,4270872","253,1813","50,68","0,3673235","253,1813"
,,,"50,69","0,4189809","253,2313",,,,,,,,,,"50,69","0,6686847","253,2313","50,69","0,4436175","253,2311",,,,"50,69","0,4293124","253,2313","50,69","0,3641447","253,2311"
,,,"50,7","0,4173914","253,2814",,,,,,,,,,"50,7","0,6114642","253,2814","50,7","0,445207","253,2811",,,,"50,7","0,4316966","253,2811","50,7","0,3622373","253,2811"
,,,"50,71","0,4165967","253,3313",,,,,,,,,,"50,71","0,5334218","253,3314","50,71","0,4477501","253,3313",,,,"50,71","0,4340807","253,3313","50,71","0,3622373","253,3313"
,,,"50,72","0,4159609","253,3814",,,,,,,,,,"50,72","0,4213651","253,3815","50,72","0,4499753","253,3811",,,,"50,72","0,4348755","253,3813","50,72","0,3619194","253,3813"
,,,"50,73","0,4143715","253,4314",,,,,,,,,,"50,73","0,2655983","253,4314","50,73","0,4504522","253,4311",,,,"50,73","0,4342397","253,4313","50,73","0,3614426","253,4311"
,,,"50,74","0,4119873","253,4813",,,,,,,,,,"50,74","0,08805593","253,4813","50,74","0,4491806","253,4811",,,,"50,74","0,4342397","253,4811","50,74","0,3611247","253,481"
,,,"50,75","0,4102389","253,5314",,,,,,,,,,"50,75","-0,05515416","253,5246","50,75","0,4469554","253,5313",,,,"50,75","0,4345576","253,5313","50,75","0,3609657","253,5313"
,,,"50,76","0,4080137","253,5813",,,,,,,,,,"50,76","-0,1327197","253,5381","50,76","0,4453659","253,5813",,,,"50,76","0,4353523","253,5813","50,76","0,3595352","253,5813"
,,,"50,77","0,4032453","253,6313",,,,,,,,,,,,,"50,77","0,4456838","253,6313",,,,"50,77","0,4382133","253,6313","50,77","0,3582636","253,6313"
,,,"50,78","0,3968875","253,6813",,,,,,,,,,,,,"50,78","0,4460017","253,6813",,,,"50,78","0,4409154","253,6813","50,78","0,3585815","253,6811"
,,,"50,79","0,3919601","253,7311",,,,,,,,,,,,,"50,79","0,4444122","253,7314",,,,"50,79","0,4412333","253,7313","50,79","0,360171","253,7313"
,,,"50,8","0,3892581","253,7814",,,,,,,,,,,,,"50,8","0,4425049","253,7813",,,,"50,8","0,4412333","253,7814","50,8","0,3619194","253,7814"
,,,"50,81","0,3879865","253,8313",,,,,,,,,,,,,"50,81","0,4413923","253,8314",,,,"50,81","0,442028","253,8314","50,81","0,3622373","253,8313"
,,,"50,82","0,386556","253,8813",,,,,,,,,,,,,"50,82","0,4396439","253,8813",,,,"50,82","0,4425049","253,8813","50,82","0,3611247","253,8813"
,,,"50,83","0,3848076","253,9313",,,,,,,,,,,,,"50,83","0,4364649","253,9314",,,,"50,83","0,442028","253,9313","50,83","0,3590584","253,9314"
,,,"50,84","0,3816287","253,9813",,,,,,,,,,,,,"50,84","0,4337629","253,9811",,,,"50,84","0,4405975","253,9813","50,84","0,3566742","253,9814"
,,,"50,85","0,377814","254,0313",,,,,,,,,,,,,"50,85","0,4318555","254,0313",,,,"50,85","0,4390081","254,0313","50,85","0,3558795","254,0314"
,,,"50,86","0,3744761","254,0813",,,,,,,,,,,,,"50,86","0,4293124","254,0811",,,,"50,86","0,4366239","254,0811","50,86","0,3563563","254,0811"
,,,"50,87","0,3730456","254,1311",,,,,,,,,,,,,"50,87","0,4270872","254,1314",,,,"50,87","0,4340807","254,1314","50,87","0,3566742","254,1314"
,,,"50,88","0,3738403","254,1814",,,,,,,,,,,,,"50,88","0,4270872","254,1813",,,,"50,88","0,4318555","254,1813","50,88","0,3561974","254,1813"
,,,"50,89","0,3762245","254,2313",,,,,,,,,,,,,"50,89","0,4277229","254,2313",,,,"50,89","0,430584","254,2313","50,89","0,35429","254,2313"
,,,"50,9","0,3789266","254,2814",,,,,,,,,,,,,"50,9","0,4278819","254,2814",,,,"50,9","0,430584","254,2814","50,9","0,3523827","254,2813"
,,,"50,91","0,3809929","254,3313",,,,,,,,,,,,,"50,91","0,4285177","254,3313",,,,"50,91","0,4326502","254,3313","50,91","0,3519058","254,3314"
,,,"50,92","0,383695","254,3814",,,,,,,,,,,,,"50,92","0,4286766","254,3813",,,,"50,92","0,433286","254,3814","50,92","0,3519058","254,3814"
,,,"50,93","0,3887812","254,4314",,,,,,,,,,,,,"50,93","0,4281998","254,4313",,,,"50,93","0,4297892","254,4313","50,93","0,3519058","254,4313"
,,,"50,94","0,3935496","254,4814",,,,,,,,,,,,,"50,94","0,427405","254,4811",,,,"50,94","0,4258156","254,4811","50,94","0,3522237","254,4811"
,,,"50,95","0,395298","254,5313",,,,,,,,,,,,,"50,95","0,4277229","254,5311",,,,"50,95","0,4258156","254,5311","50,95","0,3547668","254,5313"
,,,"50,96","0,3967285","254,5814",,,,,,,,,,,,,"50,96","0,4289945","254,5813",,,,"50,96","0,4285177","254,5813","50,96","0,3577868","254,5813"
,,,"50,97","0,4007021","254,6314",,,,,,,,,,,,,"50,97","0,4301071","254,6313",,,,"50,97","0,4301071","254,6313","50,97","0,3590584","254,6313"
,,,"50,98","0,4056295","254,6814",,,,,,,,,,,,,"50,98","0,4302661","254,6813",,,,"50,98","0,4301071","254,6811","50,98","0,3598531","254,6811"
,,,"50,99","0,4088084","254,7313",,,,,,,,,,,,,"50,99","0,4294713","254,7313",,,,"50,99","0,4285177","254,7313","50,99","0,36033","254,7313"
,,,"51","0,4110336","254,7814",,,,,,,,,,,,,"51","0,4286766","254,7813",,,,"51","0,4253387","254,7813","51","0,3617605","254,7813"
,,,"51,01","0,4111926","254,8314",,,,,,,,,,,,,"51,01","0,4289945","254,8313",,,,"51,01","0,421524","254,8311","51,01","0,363032","254,8311"
,,,"51,02","0,4102389","254,8813",,,,,,,,,,,,,"51,02","0,4297892","254,8811",,,,"51,02","0,4202525","254,8811","51,02","0,3649394","254,8811"
,,,"51,03","0,4088084","254,9313",,,,,,,,,,,,,"51,03","0,4294713","254,9311",,,,"51,03","0,4213651","254,9313","51,03","0,3673235","254,9313"
,,,"51,04","0,4083315","254,9814",,,,,,,,,,,,,"51,04","0,4297892","254,9811",,,,"51,04","0,4229546","254,9813","51,04","0,3701846","254,9811"
,,,"51,05","0,4080137","255,0314",,,,,,,,,,,,,"51,05","0,4310608","255,0313",,,,"51,05","0,4242261","255,0311","51,05","0,3749529","255,0313"
,,,"51,06","0,40706","255,0813",,,,,,,,,,,,,"51,06","0,4318555","255,081",,,,"51,06","0,4242261","255,081","51,06","0,3794034","255,081"
,,,"51,07","0,4067421","255,1313",,,,,,,,,,,,,"51,07","0,4321734","255,1311",,,,"51,07","0,4239082","255,1311","51,07","0,3801982","255,1313"
,,,"51,08","0,4067421","255,1814",,,,,,,,,,,,,"51,08","0,4329681","255,1813",,,,"51,08","0,424703","255,1811","51,08","0,3784498","255,1811"
,,,"51,09","0,4062653","255,2313",,,,,,,,,,,,,"51,09","0,433286","255,2311",,,,"51,09","0,4262924","255,2311","51,09","0,3765424","255,2311"
,,,"51,1","0,4059474","255,2813",,,,,,,,,,,,,"51,1","0,4337629","255,2811",,,,"51,1","0,4254977","255,2811","51,1","0,3765424","255,2811"
,,,"51,11","0,4054705","255,3313",,,,,,,,,,,,,"51,11","0,4340807","255,3311",,,,"51,11","0,4229546","255,3311","51,11","0,3786087","255,3311"
,,,"51,12","0,4032453","255,3814",,,,,,,,,,,,,"51,12","0,4342397","255,3811",,,,"51,12","0,4207293","255,3813","51,12","0,3813108","255,3811"
,,,"51,13","0,4014969","255,4314",,,,,,,,,,,,,"51,13","0,4342397","255,4313",,,,"51,13","0,4207293","255,4313","51,13","0,3821055","255,4313"
,,,"51,14","0,4007021","255,4813",,,,,,,,,,,,,"51,14","0,4342397","255,481",,,,"51,14","0,4210472","255,481","51,14","0,3801982","255,481"
,,,"51,15","0,3992716","255,5313",,,,,,,,,,,,,"51,15","0,4356702","255,5313",,,,"51,15","0,4194578","255,5313","51,15","0,377814","255,5313"
,,,"51,16","0,3960927","255,5814",,,,,,,,,,,,,"51,16","0,4372597","255,5811",,,,"51,16","0,4175504","255,5811","51,16","0,3765424","255,5811"
,,,"51,17","0,3916422","255,6313",,,,,,,,,,,,,"51,17","0,4380544","255,6313",,,,"51,17","0,4181862","255,6311","51,17","0,3744761","255,6313"
,,,"51,18","0,3881454","255,6813",,,,,,,,,,,,,"51,18","0,4382133","255,6811",,,,"51,18","0,4202525","255,6811","51,18","0,3712972","255,681"
,,,"51,19","0,3860792","255,7311",,,,,,,,,,,,,"51,19","0,4382133","255,7313",,,,"51,19","0,4213651","255,7313","51,19","0,3693899","255,7313"
,,,"51,2","0,3848076","255,7813",,,,,,,,,,,,,"51,2","0,4364649","255,7813",,,,"51,2","0,4231135","255,7813","51,2","0,3693899","255,7813"
,,,"51,21","0,3833771","255,8313",,,,,,,,,,,,,"51,21","0,4329681","255,8313",,,,"51,21","0,4258156","255,8313","51,21","0,3701846","255,8313"
,,,"51,22","0,3816287","255,8814",,,,,,,,,,,,,"51,22","0,4316966","255,8813",,,,"51,22","0,4269282","255,8811","51,22","0,3706614","255,8811"
,,,"51,23","0,3801982","255,9313",,,,,,,,,,,,,"51,23","0,4326502","255,9314",,,,"51,23","0,4277229","255,9314","51,23","0,3693899","255,9314"
,,,"51,24","0,3794034","255,9814",,,,,,,,,,,,,"51,24","0,4326502","255,9813",,,,"51,24","0,4294713","255,9813","51,24","0,3670057","255,9813"
,,,"51,25","0,3789266","256,0314",,,,,,,,,,,,,"51,25","0,4293124","256,0314",,,,"51,25","0,4316966","256,0313","51,25","0,3650983","256,0314"
,,,"51,26","0,3786087","256,0813",,,,,,,,,,,,,"51,26","0,4237493","256,0813",,,,"51,26","0,433286","256,0813","51,26","0,3638268","256,0813"
,,,"51,27","0,3797213","256,1311",,,,,,,,,,,,,"51,27","0,4199346","256,1314",,,,"51,27","0,4361471","256,1314","51,27","0,3638268","256,1314"
,,,"51,28","0,3825823","256,1814",,,,,,,,,,,,,"51,28","0,4178683","256,1813",,,,"51,28","0,4405975","256,1814","51,28","0,3643036","256,1814"
,,,"51,29","0,3860792","256,2313",,,,,,,,,,,,,"51,29","0,4143715","256,2313",,,,"51,29","0,4453659","256,2313","51,29","0,3646215","256,2314"
,,,"51,3","0,3884633","256,2813",,,,,,,,,,,,,"51,3","0,4086494","256,2813",,,,"51,3","0,4496574","256,2813","51,3","0,3650983","256,2813"
,,,"51,31","0,389576","256,3311",,,,,,,,,,,,,"51,31","0,4064242","256,3313",,,,"51,31","0,4525185","256,3314","51,31","0,3674825","256,3313"
,,,"51,32","0,3900528","256,3813",,,,,,,,,,,,,"51,32","0,4080137","256,3814",,,,"51,32","0,4549026","256,3813","51,32","0,3701846","256,3814"
,,,"51,33","0,3916422","256,4313",,,,,,,,,,,,,"51,33","0,4083315","256,4313",,,,"51,33","0,45681","256,4313","51,33","0,3709793","256,4313"
,,,"51,34","0,3951391","256,4813",,,,,,,,,,,,,"51,34","0,4056295","256,4811",,,,"51,34","0,4591942","256,481","51,34","0,3705025","256,4811"
,,,"51,35","0,3972054","256,5313",,,,,,,,,,,,,"51,35","0,4043579","256,5313",,,,"51,35","0,4615784","256,5313","51,35","0,3698667","256,5313"
,,,"51,36","0,3968875","256,5813",,,,,,,,,,,,,"51,36","0,4056295","256,5813",,,,"51,36","0,4623731","256,5813","51,36","0,369072","256,5813"
,,,"51,37","0,3967285","256,6313",,,,,,,,,,,,,"51,37","0,4067421","256,6313",,,,"51,37","0,4631678","256,6313","51,37","0,3681183","256,6313"
,,,"51,38","0,3976822","256,6813",,,,,,,,,,,,,"51,38","0,4067421","256,6812",,,,"51,38","0,4652341","256,6812","51,38","0,3666878","256,6812"
,,,"51,39","0,3992716","256,7313",,,,,,,,,,,,,"51,39","0,4067421","256,7313",,,,"51,39","0,4668236","256,7313","51,39","0,3643036","256,7313"
,,,"51,4","0,4007021","256,7813",,,,,,,,,,,,,"51,4","0,4075368","256,7813",,,,"51,4","0,4674594","256,7813","51,4","0,3622373","256,7813"
,,,"51,41","0,4019737","256,8313",,,,,,,,,,,,,"51,41","0,4091263","256,8313",,,,"51,41","0,4674594","256,8313","51,41","0,3625552","256,8313"
,,,"51,42","0,4038811","256,8813",,,,,,,,,,,,,"51,42","0,4111926","256,8811",,,,"51,42","0,4668236","256,8811","51,42","0,3633499","256,8811"
,,,"51,43","0,4056295","256,9314",,,,,,,,,,,,,"51,43","0,4134178","256,9313",,,,"51,43","0,4647573","256,9312","51,43","0,3622373","256,9312"
,,,"51,44","0,4062653","256,9814",,,,,,,,,,,,,"51,44","0,4146894","256,9813",,,,"51,44","0,462691","256,9811","51,44","0,360171","256,9811"
,,,"51,45","0,4048347","257,0314",,,,,,,,,,,,,"51,45","0,415802","257,0311",,,,"51,45","0,4611015","257,0313","51,45","0,3587405","257,0313"
,,,"51,46","0,4016558","257,0814",,,,,,,,,,,,,"51,46","0,4165967","257,0811",,,,"51,46","0,4571279","257,0811","51,46","0,3585815","257,0811"
,,,"51,47","0,3992716","257,1314",,,,,,,,,,,,,"51,47","0,415802","257,1313",,,,"51,47","0,4499753","257,1313","51,47","0,3598531","257,1313"
,,,"51,48","0,3991127","257,1814",,,,,,,,,,,,,"51,48","0,4146894","257,1813",,,,"51,48","0,4429817","257,1813","51,48","0,3614426","257,1813"
,,,"51,49","0,3984769","257,2314",,,,,,,,,,,,,"51,49","0,4142126","257,2311",,,,"51,49","0,4380544","257,2313","51,49","0,3619194","257,2311"
,,,"51,5","0,3951391","257,2814",,,,,,,,,,,,,"51,5","0,4143715","257,2813",,,,"51,5","0,4342397","257,2813","51,5","0,3609657","257,2813"
,,,"51,51","0,3913244","257,3313",,,,,,,,,,,,,"51,51","0,4146894","257,3313",,,,"51,51","0,430584","257,3313","51,51","0,3590584","257,3313"
,,,"51,52","0,389576","257,3815",,,,,,,,,,,,,"51,52","0,4165967","257,3813",,,,"51,52","0,4261335","257,3813","51,52","0,3579458","257,3813"
,,,"51,53","0,3884633","257,4314",,,,,,,,,,,,,"51,53","0,4205704","257,4313",,,,"51,53","0,4205704","257,4313","51,53","0,3585815","257,4313"
,,,"51,54","0,386556","257,4813",,,,,,,,,,,,,"51,54","0,4231135","257,4811",,,,"51,54","0,4167557","257,4811","51,54","0,36033","257,4813"
,,,"51,55","0,3844897","257,5313",,,,,,,,,,,,,"51,55","0,4223188","257,5314",,,,"51,55","0,4154841","257,5313","51,55","0,3622373","257,5313"
,,,"51,56","0,3829002","257,5814",,,,,,,,,,,,,"51,56","0,4221598","257,5813",,,,"51,56","0,4143715","257,5813","51,56","0,3635089","257,5813"
,,,"51,57","0,3809929","257,6313",,,,,,,,,,,,,"51,57","0,424544","257,6314",,,,"51,57","0,4146894","257,6314","51,57","0,3649394","257,6314"
,,,"51,58","0,3786087","257,6814",,,,,,,,,,,,,"51,58","0,4270872","257,6813",,,,"51,58","0,4162788","257,6813","51,58","0,3657341","257,6812"
,,,"51,59","0,3765424","257,7311",,,,,,,,,,,,,"51,59","0,4270872","257,7313",,,,"51,59","0,4173914","257,7313","51,59","0,365893","257,7313"
,,,"51,6","0,3752708","257,7814",,,,,,,,,,,,,"51,6","0,4258156","257,7813",,,,"51,6","0,4167557","257,7813","51,6","0,365893","257,7813"
,,,"51,61","0,3760656","257,8314",,,,,,,,,,,,,"51,61","0,4254977","257,8313",,,,"51,61","0,4165967","257,8313","51,61","0,3666878","257,8313"
,,,"51,62","0,377814","257,8813",,,,,,,,,,,,,"51,62","0,4269282","257,8811",,,,"51,62","0,4183451","257,8811","51,62","0,3678004","257,8813"
,,,"51,63","0,377814","257,9313",,,,,,,,,,,,,"51,63","0,4297892","257,9313",,,,"51,63","0,4223188","257,9313","51,63","0,369072","257,9313"
,,,"51,64","0,3760656","257,9813",,,,,,,,,,,,,"51,64","0,4324913","257,9813",,,,"51,64","0,4269282","257,9813","51,64","0,3706614","257,9813"
,,,"51,65","0,3757477","258,0314",,,,,,,,,,,,,"51,65","0,433286","258,0314",,,,"51,65","0,4309019","258,0313","51,65","0,3736814","258,0314"
,,,"51,66","0,3770193","258,0814",,,,,,,,,,,,,"51,66","0,4321734","258,0811",,,,"51,66","0,4337629","258,0813","51,66","0,3770193","258,0811"
,,,"51,67","0,3770193","258,1313",,,,,,,,,,,,,"51,67","0,430584","258,1314",,,,"51,67","0,4350344","258,1313","51,67","0,3797213","258,1313"
,,,"51,68","0,3765424","258,1813",,,,,,,,,,,,,"51,68","0,4266103","258,1813",,,,"51,68","0,4356702","258,1813","51,68","0,3800392","258,1813"
,,,"51,69","0,3781319","258,2313",,,,,,,,,,,,,"51,69","0,4207293","258,2313",,,,"51,69","0,4358292","258,2313","51,69","0,3800392","258,2313"
,,,"51,7","0,380834","258,2813",,,,,,,,,,,,,"51,7","0,4173914","258,2813",,,,"51,7","0,4358292","258,2813","51,7","0,3809929","258,2813"
,,,"51,71","0,3829002","258,3311",,,,,,,,,,,,,"51,71","0,4170736","258,3313",,,,"51,71","0,4356702","258,3313","51,71","0,3821055","258,3313"
,,,"51,72","0,3848076","258,3813",,,,,,,,,,,,,"51,72","0,4170736","258,3813",,,,"51,72","0,4353523","258,3814","51,72","0,3829002","258,3813"
,,,"51,73","0,3868739","258,4314",,,,,,,,,,,,,"51,73","0,4151662","258,4313",,,,"51,73","0,433445","258,4313","51,73","0,3824234","258,4313"
,,,"51,74","0,3897349","258,4813",,,,,,,,,,,,,"51,74","0,4119873","258,481",,,,"51,74","0,4316966","258,481","51,74","0,3813108","258,481"
,,,"51,75","0,3932317","258,5311",,,,,,,,,,,,,"51,75","0,409921","258,5313",,,,"51,75","0,4324913","258,5313","51,75","0,3809929","258,5313"
,,,"51,76","0,3960927","258,5813",,,,,,,,,,,,,"51,76","0,4086494","258,5813",,,,"51,76","0,4350344","258,5813","51,76","0,3829002","258,5813"
,,,"51,77","0,3964106","258,6313",,,,,,,,,,,,,"51,77","0,4075368","258,6313",,,,"51,77","0,4377365","258,6311","51,77","0,3832181","258,6313"
,,,"51,78","0,3960927","258,6813",,,,,,,,,,,,,"51,78","0,4059474","258,6812",,,,"51,78","0,4398028","258,6812","51,78","0,3816287","258,6812"
,,,"51,79","0,3980001","258,7311",,,,,,,,,,,,,"51,79","0,4056295","258,7311",,,,"51,79","0,439326","258,7311","51,79","0,3797213","258,7311"
,,,"51,8","0,4019737","258,7813",,,,,,,,,,,,,"51,8","0,4080137","258,7813",,,,"51,8","0,4377365","258,7813","51,8","0,3768603","258,7813"
,,,"51,81","0,4043579","258,8313",,,,,,,,,,,,,"51,81","0,4107157","258,8311",,,,"51,81","0,4377365","258,8313","51,81","0,3725688","258,8313"
,,,"51,82","0,4059474","258,8813",,,,,,,,,,,,,"51,82","0,4126231","258,8813",,,,"51,82","0,4396439","258,8811","51,82","0,3701846","258,8811"
,,,"51,83","0,4078547","258,9312",,,,,,,,,,,,,"51,83","0,4150073","258,9314",,,,"51,83","0,4409154","258,9312","51,83","0,3698667","258,9313"
,,,"51,84","0,4088084","258,9813",,,,,,,,,,,,,"51,84","0,4178683","258,9811",,,,"51,84","0,4417101","258,9813","51,84","0,3682772","258,9813"
,,,"51,85","0,4080137","259,0314",,,,,,,,,,,,,"51,85","0,4197756","259,0313",,,,"51,85","0,4429817","259,0313","51,85","0,3673235","259,0313"
,,,"51,86","0,4062653","259,0813",,,,,,,,,,,,,"51,86","0,4194578","259,0811",,,,"51,86","0,4444122","259,081","51,86","0,3673235","259,0811"
,,,"51,87","0,4038811","259,1313",,,,,,,,,,,,,"51,87","0,4210472","259,1313",,,,"51,87","0,4428228","259,1313","51,87","0,3657341","259,1313"
,,,"51,88","0,4019737","259,1814",,,,,,,,,,,,,"51,88","0,4250208","259,1814",,,,"51,88","0,4396439","259,1813","51,88","0,3622373","259,1813"
,,,"51,89","0,4014969","259,2314",,,,,,,,,,,,,"51,89","0,4289945","259,2311",,,,"51,89","0,4374186","259,2313","51,89","0,3595352","259,2313"
,,,"51,9","0,4003843","259,2814",,,,,,,,,,,,,"51,9","0,4324913","259,2813",,,,"51,9","0,4377365","259,2811","51,9","0,3593763","259,2813"
,,,"51,91","0,3960927","259,3313",,,,,,,,,,,,,"51,91","0,4345576","259,3313",,,,"51,91","0,4380544","259,3313","51,91","0,3598531","259,3313"
,,,"51,92","0,3913244","259,3814",,,,,,,,,,,,,"51,92","0,4350344","259,3813",,,,"51,92","0,4372597","259,3813","51,92","0,36033","259,3813"
,,,"51,93","0,3876686","259,4314",,,,,,,,,,,,,"51,93","0,4358292","259,4314",,,,"51,93","0,4356702","259,4313","51,93","0,3598531","259,4313"
,,,"51,94","0,3848076","259,4813",,,,,,,,,,,,,"51,94","0,4369418","259,4811",,,,"51,94","0,4361471","259,4811","51,94","0,3590584","259,4811"
,,,"51,95","0,3821055","259,5313",,,,,,,,,,,,,"51,95","0,4369418","259,5313",,,,"51,95","0,4388491","259,5313","51,95","0,360171","259,5313"
,,,"51,96","0,380834","259,5814",,,,,,,,,,,,,"51,96","0,4356702","259,5813",,,,"51,96","0,4401207","259,5813","51,96","0,3625552","259,5813"
,,,"51,97","0,3800392","259,6314",,,,,,,,,,,,,"51,97","0,4364649","259,6314",,,,"51,97","0,4404386","259,6313","51,97","0,3635089","259,6313"
,,,"51,98","0,3786087","259,6814",,,,,,,,,,,,,"51,98","0,4380544","259,6812",,,,"51,98","0,4425049","259,6812","51,98","0,3641447","259,6813"
,,,"51,99","0,3762245","259,7311",,,,,,,,,,,,,"51,99","0,4358292","259,7313",,,,"51,99","0,445207","259,7313","51,99","0,3650983","259,7313"
,,,"52","0,3725688","259,7813",,,,,,,,,,,,,"52","0,4310608","259,7814",,,,"52","0,4460017","259,7813","52","0,3662109","259,7813"
,,,"52,01","0,3673235","259,8313",,,,,,,,,,,,,"52,01","0,4269282","259,8313",,,,"52,01","0,4456838","259,8313","52,01","0,3662109","259,8313"
,,,"52,02","0,3627141","259,8813",,,,,,,,,,,,,"52,02","0,4239082","259,8811",,,,"52,02","0,4469554","259,8811","52,02","0,3665288","259,8813"
,,,"52,03","0,3611247","259,9313",,,,,,,,,,,,,"52,03","0,4207293","259,9313",,,,"52,03","0,4496574","259,9313","52,03","0,3662109","259,9314"
,,,"52,04","0,360171","259,9813",,,,,,,,,,,,,"52,04","0,4167557","259,9813",,,,"52,04","0,4528364","259,9813","52,04","0,3665288","259,9813"
,,,"52,05","0,3577868","260,0313",,,,,,,,,,,,,"52,05","0,4130999","260,0314",,,,"52,05","0,4571279","260,0314","52,05","0,3674825","260,0313"
,,,"52,06","0,3558795","260,0813",,,,,,,,,,,,,"52,06","0,4102389","260,0811",,,,"52,06","0,4620552","260,0811","52,06","0,3685951","260,0811"
,,,"52,07","0,3550847","260,1311",,,,,,,,,,,,,"52,07","0,4102389","260,1313",,,,"52,07","0,4663467","260,1313","52,07","0,3701846","260,1313"
,,,"52,08","0,3558795","260,1813",,,,,,,,,,,,,"52,08","0,4111926","260,1813",,,,"52,08","0,4679362","260,1814","52,08","0,3730456","260,1813"
,,,"52,09","0,357151","260,2313",,,,,,,,,,,,,"52,09","0,4110336","260,2311",,,,"52,09","0,468413","260,2311","52,09","0,3773371","260,2313"
,,,"52,1","0,3574689","260,2813",,,,,,,,,,,,,"52,1","0,4111926","260,2811",,,,"52,1","0,4706383","260,2811","52,1","0,3817876","260,2811"
,,,"52,11","0,3569921","260,3311",,,,,,,,,,,,,"52,11","0,4134178","260,3311",,,,"52,11","0,4747709","260,3311","52,11","0,3860792","260,3311"
,,,"52,12","0,3587405","260,3814",,,,,,,,,,,,,"52,12","0,4154841","260,3813",,,,"52,12","0,4779498","260,3813","52,12","0,3887812","260,3813"
,,,"52,13","0,3635089","260,4312",,,,,,,,,,,,,"52,13","0,4159609","260,4312",,,,"52,13","0,4782677","260,4312","52,13","0,3900528","260,4312"
,,,"52,14","0,3678004","260,4813",,,,,,,,,,,,,"52,14","0,4165967","260,481",,,,"52,14","0,4787445","260,481","52,14","0,3889402","260,481"
,,,"52,15","0,3712972","260,5314",,,,,,,,,,,,,"52,15","0,4189809","260,5311",,,,"52,15","0,4825592","260,5311","52,15","0,3879865","260,5311"
,,,"52,16","0,3752708","260,5813",,,,,,,,,,,,,"52,16","0,4221598","260,5811",,,,"52,16","0,4857381","260,5813","52,16","0,3879865","260,5811"
,,,"52,17","0,3797213","260,6313",,,,,,,,,,,,,"52,17","0,424544","260,6311",,,,"52,17","0,486215","260,6313","52,17","0,3871918","260,6311"
,,,"52,18","0,3825823","260,6814",,,,,,,,,,,,,"52,18","0,4250208","260,681",,,,"52,18","0,4857381","260,6812","52,18","0,3825823","260,6812"
,,,"52,19","0,3849665","260,7313",,,,,,,,,,,,,"52,19","0,4237493","260,731",,,,"52,19","0,4854202","260,7311","52,19","0,3792445","260,7311"
,,,"52,2","0,3887812","260,7814",,,,,,,,,,,,,"52,2","0,4237493","260,7811",,,,"52,2","0,4857381","260,7813","52,2","0,3792445","260,7813"
,,,"52,21","0,3935496","260,8314",,,,,,,,,,,,,"52,21","0,4258156","260,8313",,,,"52,21","0,4866918","260,8311","52,21","0,3781319","260,8311"
,,,"52,22","0,3956159","260,8813",,,,,,,,,,,,,"52,22","0,427405","260,8811",,,,"52,22","0,4881223","260,8811","52,22","0,3757477","260,8811"
,,,"52,23","0,3956159","260,9314",,,,,,,,,,,,,"52,23","0,4262924","260,9313",,,,"52,23","0,4878044","260,9313","52,23","0,3738403","260,9313"
,,,"52,24","0,395298","260,9814",,,,,,,,,,,,,"52,24","0,424703","260,9813",,,,"52,24","0,4851023","260,9813","52,24","0,3706614","260,9813"
,,,"52,25","0,3972054","261,0315",,,,,,,,,,,,,"52,25","0,4239082","261,0313",,,,"52,25","0,4809698","261,0313","52,25","0,3682772","261,0313"
,,,"52,26","0,3999074","261,0814",,,,,,,,,,,,,"52,26","0,4229546","261,0811",,,,"52,26","0,4750887","261,0811","52,26","0,369072","261,0811"
,,,"52,27","0,4014969","261,1313",,,,,,,,,,,,,"52,27","0,421524","261,1313",,,,"52,27","0,4682541","261,1313","52,27","0,3705025","261,1314"
,,,"52,28","0,401179","261,1814",,,,,,,,,,,,,"52,28","0,4213651","261,1813",,,,"52,28","0,4615784","261,1814","52,28","0,3706614","261,1813"
,,,"52,29","0,4003843","261,2314",,,,,,,,,,,,,"52,29","0,4213651","261,2313",,,,"52,29","0,4571279","261,2311","52,29","0,3728867","261,2313"
,,,"52,3","0,3991127","261,2814",,,,,,,,,,,,,"52,3","0,421524","261,2813",,,,"52,3","0,4552206","261,2813","52,3","0,3746351","261,2811"
,,,"52,31","0,3960927","261,3313",,,,,,,,,,,,,"52,31","0,4218419","261,3313",,,,"52,31","0,4536311","261,3313","52,31","0,3733635","261,3313"
,,,"52,32","0,3908475","261,3814",,,,,,,,,,,,,"52,32","0,4223188","261,3813",,,,"52,32","0,4517237","261,3813","52,32","0,3722509","261,3813"
,,,"52,33","0,3852844","261,4313",,,,,,,,,,,,,"52,33","0,4237493","261,4313",,,,"52,33","0,450929","261,4313","52,33","0,3744761","261,4313"
,,,"52,34","0,3805161","261,4813",,,,,,,,,,,,,"52,34","0,4254977","261,4811",,,,"52,34","0,4507701","261,4811","52,34","0,3773371","261,4811"
,,,"52,35","0,377655","261,5313",,,,,,,,,,,,,"52,35","0,4254977","261,5313",,,,"52,35","0,450929","261,5314","52,35","0,3786087","261,5313"
,,,"52,36","0,3746351","261,5814",,,,,,,,,,,,,"52,36","0,4242261","261,5813",,,,"52,36","0,4515648","261,5813","52,36","0,3789266","261,5813"
,,,"52,37","0,3709793","261,6313",,,,,,,,,,,,,"52,37","0,4239082","261,6313",,,,"52,37","0,4515648","261,6313","52,37","0,3797213","261,6314"
,,,"52,38","0,3665288","261,6813",,,,,,,,,,,,,"52,38","0,4253387","261,6813",,,,"52,38","0,4507701","261,6813","52,38","0,3825823","261,6813"
,,,"52,39","0,3611247","261,7311",,,,,,,,,,,,,"52,39","0,4261335","261,7314",,,,"52,39","0,4504522","261,7313","52,39","0,3857613","261,7314"
,,,"52,4","0,3555616","261,7814",,,,,,,,,,,,,"52,4","0,4258156","261,7814",,,,"52,4","0,4517237","261,7814","52,4","0,3876686","261,7814"
,,,"52,41","0,3511111","261,8314",,,,,,,,,,,,,"52,41","0,4258156","261,8314",,,,"52,41","0,4547437","261,8313","52,41","0,3879865","261,8313"
,,,"52,42","0,348409","261,8814",,,,,,,,,,,,,"52,42","0,4262924","261,8813",,,,"52,42","0,4572868","261,8813","52,42","0,3881454","261,8811"
,,,"52,43","0,3466606","261,9313",,,,,,,,,,,,,"52,43","0,4269282","261,9314",,,,"52,43","0,459671","261,9314","52,43","0,3887812","261,9313"
,,,"52,44","0,3447533","261,9813",,,,,,,,,,,,,"52,44","0,427405","261,9813",,,,"52,44","0,4631678","261,9813","52,44","0,389576","261,9813"
,,,"52,45","0,3447533","262,0314",,,,,,,,,,,,,"52,45","0,4281998","262,0313",,,,"52,45","0,4676183","262,0313","52,45","0,3911654","262,0313"
,,,"52,46","0,3468195","262,0814",,,,,,,,,,,,,"52,46","0,4278819","262,0811",,,,"52,46","0,4727046","262,0811","52,46","0,3940264","262,0811"
,,,"52,47","0,3492037","262,1313",,,,,,,,,,,,,"52,47","0,4270872","262,1314",,,,"52,47","0,4785856","262,1313","52,47","0,3984769","262,1314"
,,,"52,48","0,3523827","262,1814",,,,,,,,,,,,,"52,48","0,4266103","262,1814",,,,"52,48","0,483036","262,1813","52,48","0,4022916","262,1814"
,,,"52,49","0,3555616","262,2313",,,,,,,,,,,,,"52,49","0,424703","262,2311",,,,"52,49","0,4851023","262,2313","52,49","0,4035632","262,2313"
,,,"52,5","0,3587405","262,2813",,,,,,,,,,,,,"52,5","0,4213651","262,2813",,,,"52,5","0,486215","262,2813","52,5","0,4030863","262,2813"
,,,"52,51","0,3625552","262,3313",,,,,,,,,,,,,"52,51","0,4181862","262,3313",,,,"52,51","0,4878044","262,3313","52,51","0,4019737","262,3313"
,,,"52,52","0,3682772","262,3814",,,,,,,,,,,,,"52,52","0,4162788","262,3813",,,,"52,52","0,4909833","262,3814","52,52","0,401179","262,3814"
,,,"52,53","0,3752708","262,4313",,,,,,,,,,,,,"52,53","0,4151662","262,4313",,,,"52,53","0,494957","262,4313","52,53","0,3992716","262,4313"
,,,"52,54","0,3816287","262,4813",,,,,,,,,,,,,"52,54","0,4134178","262,481",,,,"52,54","0,4989306","262,4811","52,54","0,3968875","262,4811"
,,,"52,55","0,3879865","262,5313",,,,,,,,,,,,,"52,55","0,4110336","262,5311",,,,"52,55","0,5029042","262,5311","52,55","0,3948212","262,5313"
,,,"52,56","0,3940264","262,5814",,,,,,,,,,,,,"52,56","0,4096031","262,5813",,,,"52,56","0,5060832","262,5813","52,56","0,3916422","262,5811"
,,,"52,57","0,398318","262,6313",,,,,,,,,,,,,"52,57","0,4091263","262,6311",,,,"52,57","0,5071958","262,6311","52,57","0,3879865","262,6311"
,,,"52,58","0,401179","262,6814",,,,,,,,,,,,,"52,58","0,4086494","262,681",,,,"52,58","0,50656","262,6812","52,58","0,3857613","262,6812"
,,,"52,59","0,4048347","262,7313",,,,,,,,,,,,,"52,59","0,4088084","262,7311",,,,"52,59","0,5068779","262,7311","52,59","0,3871918","262,7311"
,,,"52,6","0,4102389","262,7814",,,,,,,,,,,,,"52,6","0,4096031","262,7813",,,,"52,6","0,5087852","262,7811","52,6","0,3892581","262,7813"
,,,"52,61","0,4162788","262,8314",,,,,,,,,,,,,"52,61","0,4102389","262,8311",,,,"52,61","0,5105336","262,8311","52,61","0,3905296","262,8311"
,,,"52,62","0,4207293","262,8813",,,,,,,,,,,,,"52,62","0,4107157","262,8813",,,,"52,62","0,5113284","262,8811","52,62","0,3916422","262,8811"
,,,"52,63","0,4213651","262,9313",,,,,,,,,,,,,"52,63","0,4115105","262,9313",,,,"52,63","0,5105336","262,9312","52,63","0,3916422","262,9313"
,,,"52,64","0,4181862","262,9813",,,,,,,,,,,,,"52,64","0,4119873","262,9811",,,,"52,64","0,5087852","262,9811","52,64","0,3881454","262,9811"
,,,"52,65","0,4146894","263,0314",,,,,,,,,,,,,"52,65","0,4146894","263,0313",,,,"52,65","0,5057653","263,0313","52,65","0,3833771","263,0313"
,,,"52,66","0,4134178","263,0814",,,,,,,,,,,,,"52,66","0,418663","263,081",,,,"52,66","0,5009969","263,0811","52,66","0,3792445","263,081"
,,,"52,67","0,4123052","263,1313",,,,,,,,,,,,,"52,67","0,4218419","263,1313",,,,"52,67","0,4960696","263,1313","52,67","0,3728867","263,1313"
,,,"52,68","0,4102389","263,1814",,,,,,,,,,,,,"52,68","0,424544","263,1813",,,,"52,68","0,4928907","263,1813","52,68","0,3662109","263,1813"
,,,"52,69","0,4059474","263,2313",,,,,,,,,,,,,"52,69","0,4270872","263,2311",,,,"52,69","0,4906654","263,2311","52,69","0,363032","263,2311"
,,,"52,7","0,4003843","263,2813",,,,,,,,,,,,,"52,7","0,4293124","263,2813",,,,"52,7","0,4909833","263,2811","52,7","0,3609657","263,2813"
,,,"52,71","0,3943443","263,3313",,,,,,,,,,,,,"52,71","0,4301071","263,3311",,,,"52,71","0,4925728","263,3313","52,71","0,3579458","263,3311"
,,,"52,72","0,3897349","263,3814",,,,,,,,,,,,,"52,72","0,4313787","263,3811",,,,"52,72","0,4941622","263,3811","52,72","0,357151","263,3813"
,,,"52,73","0,3876686","263,4314",,,,,,,,,,,,,"52,73","0,4350344","263,4312",,,,"52,73","0,4954338","263,4313","52,73","0,3587405","263,4313"
,,,"52,74","0,3860792","263,4811",,,,,,,,,,,,,"52,74","0,4398028","263,481",,,,"52,74","0,4968643","263,4811","52,74","0,3587405","263,4811"
,,,"52,75","0,3832181","263,5311",,,,,,,,,,,,,"52,75","0,4428228","263,5314",,,,"52,75","0,4970233","263,5313","52,75","0,3579458","263,5314"
,,,"52,76","0,380834","263,5814",,,,,,,,,,,,,"52,76","0,4444122","263,5811",,,,"52,76","0,4968643","263,5813","52,76","0,3563563","263,5811"
,,,"52,77","0,3792445","263,6313",,,,,,,,,,,,,"52,77","0,4469554","263,6314",,,,"52,77","0,4976591","263,6313","52,77","0,3546079","263,6313"
,,,"52,78","0,3794034","263,6813",,,,,,,,,,,,,"52,78","0,4496574","263,6812",,,,"52,78","0,4981359","263,6812","52,78","0,35429","263,6813"
,,,"52,79","0,3805161","263,7311",,,,,,,,,,,,,"52,79","0,4504522","263,7313",,,,"52,79","0,497818","263,7313","52,79","0,3563563","263,7313"
,,,"52,8","0,3832181","263,7813",,,,,,,,,,,,,"52,8","0,4499753","263,7814",,,,"52,8","0,4968643","263,7814","52,8","0,3577868","263,7814"
,,,"52,81","0,3873507","263,8313",,,,,,,,,,,,,"52,81","0,4496574","263,8311",,,,"52,81","0,4954338","263,8313","52,81","0,3577868","263,8313"
,,,"52,82","0,3927549","263,8813",,,,,,,,,,,,,"52,82","0,4501343","263,8813",,,,"52,82","0,4952749","263,8813","52,82","0,3593763","263,8813"
,,,"52,83","0,3960927","263,9313",,,,,,,,,,,,,"52,83","0,4504522","263,9314",,,,"52,83","0,4960696","263,9314","52,83","0,3619194","263,9313"
,,,"52,84","0,3967285","263,9811",,,,,,,,,,,,,"52,84","0,4501343","263,9813",,,,"52,84","0,4970233","263,9813","52,84","0,363032","263,9813"
,,,"52,85","0,3960927","264,0313",,,,,,,,,,,,,"52,85","0,4491806","264,0314",,,,"52,85","0,4981359","264,0314","52,85","0,3638268","264,0313"
,,,"52,86","0,3967285","264,0813",,,,,,,,,,,,,"52,86","0,4475912","264,0813",,,,"52,86","0,4984538","264,0813","52,86","0,3650983","264,0811"
,,,"52,87","0,3984769","264,1311",,,,,,,,,,,,,"52,87","0,4444122","264,1314",,,,"52,87","0,4984538","264,1313","52,87","0,3662109","264,1313"
,,,"52,88","0,401179","264,1813",,,,,,,,,,,,,"52,88","0,4412333","264,1814",,,,"52,88","0,4997253","264,1813","52,88","0,3673235","264,1813"
,,,"52,89","0,4038811","264,2313",,,,,,,,,,,,,"52,89","0,4398028","264,2313",,,,"52,89","0,5025864","264,2313","52,89","0,3697077","264,2311"
,,,"52,9","0,4067421","264,2813",,,,,,,,,,,,,"52,9","0,4405975","264,2813",,,,"52,9","0,5073547","264,2811","52,9","0,3720919","264,2813"
,,,"52,91","0,4096031","264,3313",,,,,,,,,,,,,"52,91","0,4412333","264,3313",,,,"52,91","0,5135536","264,3313","52,91","0,3730456","264,3313"
,,,"52,92","0,4115105","264,3814",,,,,,,,,,,,,"52,92","0,4404386","264,3814",,,,"52,92","0,5195935","264,3814","52,92","0,3736814","264,3814"
,,,"52,93","0,4118284","264,4314",,,,,,,,,,,,,"52,93","0,4385312","264,4313",,,,"52,93","0,5235672","264,4312","52,93","0,3728867","264,4313"
,,,"52,94","0,4115105","264,4813",,,,,,,,,,,,,"52,94","0,4350344","264,4811",,,,"52,94","0,5262693","264,4811","52,94","0,3709793","264,4811"
,,,"52,95","0,412782","264,5313",,,,,,,,,,,,,"52,95","0,4318555","264,5313",,,,"52,95","0,5304019","264,5313","52,95","0,3701846","264,5313"
,,,"52,96","0,4142126","264,5814",,,,,,,,,,,,,"52,96","0,430584","264,5813",,,,"52,96","0,5367597","264,5813","52,96","0,3705025","264,5813"
,,,"52,97","0,4138947","264,6314",,,,,,,,,,,,,"52,97","0,4316966","264,6311",,,,"52,97","0,5431175","264,6311","52,97","0,3705025","264,6313"
,,,"52,98","0,4126231","264,6813",,,,,,,,,,,,,"52,98","0,4329681","264,6812",,,,"52,98","0,5486806","264,6812","52,98","0,3697077","264,6812"
,,,"52,99","0,4111926","264,7313",,,,,,,,,,,,,"52,99","0,4342397","264,7311",,,,"52,99","0,5517006","264,7311","52,99","0,3712972","264,7311"
,,,"53","0,4096031","264,7814",,,,,,,,,,,,,"53","0,4348755","264,7813",,,,"53","0,5521774","264,7813","53","0,3744761","264,7813"
,,,"53,01","0,4075368","264,8314",,,,,,,,,,,,,"53,01","0,433286","264,8313",,,,"53,01","0,5513827","264,8311","53,01","0,3746351","264,8311"
,,,"53,02","0,4059474","264,8813",,,,,,,,,,,,,"53,02","0,4309019","264,8811",,,,"53,02","0,5529721","264,8811","53,02","0,3728867","264,8811"
,,,"53,03","0,4043579","264,9313",,,,,,,,,,,,,"53,03","0,4309019","264,9313",,,,"53,03","0,5561511","264,9312","53,03","0,3720919","264,9313"
,,,"53,04","0,4014969","264,9814",,,,,,,,,,,,,"53,04","0,4337629","264,9813",,,,"53,04","0,5580584","264,9811","53,04","0,3709793","264,9811"
,,,"53,05","0,3976822","265,0314",,,,,,,,,,,,,"53,05","0,4369418","265,0311",,,,"53,05","0,5585353","265,0313","53,05","0,3682772","265,0313"
,,,"53,06","0,395298","265,0814",,,,,,,,,,,,,"53,06","0,439326","265,081",,,,"53,06","0,5582173","265,081","53,06","0,3654162","265,0811"
,,,"53,07","0,3940264","265,1313",,,,,,,,,,,,,"53,07","0,4409154","265,1313",,,,"53,07","0,5545616","265,1313","53,07","0,363032","265,1313"
,,,"53,08","0,3929138","265,1814",,,,,,,,,,,,,"53,08","0,4409154","265,1813",,,,"53,08","0,5466143","265,1813","53,08","0,3595352","265,1813"
,,,"53,09","0,3911654","265,2314",,,,,,,,,,,,,"53,09","0,4396439","265,2311",,,,"53,09","0,5373955","265,2311","53,09","0,357151","265,2311"
,,,"53,1","0,3897349","265,2814",,,,,,,,,,,,,"53,1","0,4401207","265,2813",,,,"53,1","0,5302429","265,2811","53,1","0,3569921","265,2811"
,,,"53,11","0,3892581","265,3313",,,,,,,,,,,,,"53,11","0,4417101","265,3311",,,,"53,11","0,5256335","265,3311","53,11","0,35429","265,3311"
,,,"53,12","0,3908475","265,3815",,,,,,,,,,,,,"53,12","0,4425049","265,3811",,,,"53,12","0,5216599","265,3813","53,12","0,3507932","265,3813"
,,,"53,13","0,3943443","265,4313",,,,,,,,,,,,,"53,13","0,4425049","265,4313",,,,"53,13","0,5180041","265,4312","53,13","0,3523827","265,4312"
,,,"53,14","0,3980001","265,4813",,,,,,,,,,,,,"53,14","0,4428228","265,481",,,,"53,14","0,5156199","265,4811","53,14","0,3563563","265,4811"
,,,"53,15","0,4014969","265,5313",,,,,,,,,,,,,"53,15","0,4432996","265,5313",,,,"53,15","0,5145073","265,5313","53,15","0,3579458","265,5313"
,,,"53,16","0,4056295","265,5815",,,,,,,,,,,,,"53,16","0,4432996","265,5811",,,,"53,16","0,5140305","265,5813","53,16","0,3585815","265,5813"
,,,"53,17","0,4115105","265,6313",,,,,,,,,,,,,"53,17","0,4436175","265,6313",,,,"53,17","0,515302","265,6313","53,17","0,3593763","265,6313"
,,,"53,18","0,4178683","265,6814",,,,,,,,,,,,,"53,18","0,4432996","265,6812",,,,"53,18","0,5191167","265,6813","53,18","0,3590584","265,6812"
,,,"53,19","0,4218419","265,7311",,,,,,,,,,,,,"53,19","0,442028","265,7313",,,,"53,19","0,5224546","265,7313","53,19","0,3590584","265,7313"
,,,"53,2","0,4223188","265,7814",,,,,,,,,,,,,"53,2","0,4401207","265,7813",,,,"53,2","0,5238851","265,7813","53,2","0,3595352","265,7813"
,,,"53,21","0,421524","265,8313",,,,,,,,,,,,,"53,21","0,4377365","265,8313",,,,"53,21","0,5232493","265,8313","53,21","0,3585815","265,8311"
,,,"53,22","0,4205704","265,8813",,,,,,,,,,,,,"53,22","0,4358292","265,8811",,,,"53,22","0,5238851","265,8811","53,22","0,357151","265,8811"
,,,"53,23","0,4165967","265,9312",,,,,,,,,,,,,"53,23","0,4361471","265,9313",,,,"53,23","0,5278587","265,9313","53,23","0,3563563","265,9313"
,,,"53,24","0,4094442","265,9811",,,,,,,,,,,,,"53,24","0,4377365","265,9814",,,,"53,24","0,5334218","265,9813","53,24","0,3558795","265,9814"
,,,"53,25","0,401179","266,0314",,,,,,,,,,,,,"53,25","0,4388491","266,0313",,,,"53,25","0,5391439","266,0314","53,25","0,3561974","266,0314"
,,,"53,26","0,3935496","266,0813",,,,,,,,,,,,,"53,26","0,4385312","266,0813",,,,"53,26","0,544548","266,0811","53,26","0,3574689","266,0813"
,,,"53,27","0,386556","266,1311",,,,,,,,,,,,,"53,27","0,4385312","266,1314",,,,"53,27","0,5486806","266,1314","53,27","0,3590584","266,1314"
,,,"53,28","0,3792445","266,1813",,,,,,,,,,,,,"53,28","0,4390081","266,1814",,,,"53,28","0,5518596","266,1814","53,28","0,3595352","266,1814"
,,,"53,29","0,3712972","266,2311",,,,,,,,,,,,,"53,29","0,4398028","266,2313",,,,"53,29","0,5537669","266,2313","53,29","0,3587405","266,2313"
,,,"53,3","0,3638268","266,2813",,,,,,,,,,,,,"53,3","0,4417101","266,2813",,,,"53,3","0,5556743","266,2813","53,3","0,3569921","266,2811"
,,,"53,31","0,3579458","266,3313",,,,,,,,,,,,,"53,31","0,4437765","266,3313",,,,"53,31","0,5572637","266,3313","53,31","0,3538132","266,3313"
,,,"53,32","0,3538132","266,3814",,,,,,,,,,,,,"53,32","0,4448891","266,3814",,,,"53,32","0,5582173","266,3813","53,32","0,3499985","266,3813"
,,,"53,33","0,3511111","266,4313",,,,,,,,,,,,,"53,33","0,4445712","266,4313",,,,"53,33","0,5558332","266,4313","53,33","0,3474554","266,4313"
,,,"53,34","0,3487269","266,4813",,,,,,,,,,,,,"53,34","0,4448891","266,4811",,,,"53,34","0,5494754","266,4811","53,34","0,3458659","266,4811"
,,,"53,35","0,3476143","266,5313",,,,,,,,,,,,,"53,35","0,4445712","266,5313",,,,"53,35","0,5431175","266,5311","53,35","0,3436407","266,5311"
,,,"53,36","0,3487269","266,5814",,,,,,,,,,,,,"53,36","0,4436175","266,5813",,,,"53,36","0,5383492","266,5813","53,36","0,3410975","266,5813"
,,,"53,37","0,3507932","266,6313",,,,,,,,,,,,,"53,37","0,4425049","266,6313",,,,"53,37","0,5315145","266,6311","53,37","0,3407796","266,6313"
,,,"53,38","0,3519058","266,6813",,,,,,,,,,,,,"53,38","0,4413923","266,6812",,,,"53,38","0,5195935","266,6813","53,38","0,3420512","266,6812"
,,,"53,39","0,3515879","266,7313",,,,,,,,,,,,,"53,39","0,4382133","266,7313",,,,"53,39","0,5044937","266,7313","53,39","0,342687","266,7311"
,,,"53,4","0,3515879","266,7814",,,,,,,,,,,,,"53,4","0,4337629","266,7813",,,,"53,4","0,4885992","266,7813","53,4","0,3431638","266,7813"
,,,"53,41","0,3522237","266,8314",,,,,,,,,,,,,"53,41","0,4310608","266,8311",,,,"53,41","0,4723867","266,8311","53,41","0,3452301","266,8311"
,,,"53,42","0,3523827","266,8813",,,,,,,,,,,,,"53,42","0,4302661","266,8811",,,,"53,42","0,4572868","266,8811","53,42","0,3463427","266,8811"
,,,"53,43","0,3519058","266,9313",,,,,,,,,,,,,"53,43","0,4289945","266,9312",,,,"53,43","0,4453659","266,9312","53,43","0,3442764","266,9312"
,,,"53,44","0,3522237","266,9814",,,,,,,,,,,,,"53,44","0,427405","266,9811",,,,"53,44","0,4377365","266,9813","53,44","0,3420512","266,9813"
,,,"53,45","0,3538132","267,0314",,,,,,,,,,,,,"53,45","0,4261335","267,0313",,,,"53,45","0,4324913","267,0313","53,45","0,3431638","267,0313"
,,,"53,46","0,3547668","267,0814",,,,,,,,,,,,,"53,46","0,4234314","267,0811",,,,"53,46","0,4285177","267,0811","53,46","0,3447533","267,0813"
,,,"53,47","0,3530184","267,1311",,,,,,,,,,,,,"53,47","0,4197756","267,1314",,,,"53,47","0,4254977","267,1313","53,47","0,3444354","267,1313"
,,,"53,48","0,348409","267,1814",,,,,,,,,,,,,"53,48","0,4165967","267,1812",,,,"53,48","0,4231135","267,1812","53,48","0,3444354","267,1813"
,,,"53,49","0,3436407","267,2314",,,,,,,,,,,,,"53,49","0,4134178","267,2311",,,,"53,49","0,4223188","267,2311","53,49","0,3431638","267,2311"
,,,"53,5","0,3407796","267,2814",,,,,,,,,,,,,"53,5","0,4111926","267,2813",,,,"53,5","0,4242261","267,2811","53,5","0,3415743","267,2811"
,,,"53,51","0,3372828","267,3314",,,,,,,,,,,,,"53,51","0,4103979","267,3313",,,,"53,51","0,4281998","267,3313","53,51","0,3436407","267,3313"
,,,"53,52","0,3317197","267,3814",,,,,,,,,,,,,"53,52","0,4096031","267,3813",,,,"53,52","0,4324913","267,3811","53,52","0,3471375","267,3813"
,,,"53,53","0,3253619","267,4314",,,,,,,,,,,,,"53,53","0,4078547","267,4312",,,,"53,53","0,4364649","267,4312","53,53","0,348409","267,4312"
,,,"53,54","0,3196398","267,4814",,,,,,,,,,,,,"53,54","0,4067421","267,4811",,,,"53,54","0,4385312","267,481","53,54","0,3511111","267,481"
,,,"53,55","0,3150304","267,5314",,,,,,,,,,,,,"53,55","0,4075368","267,5313",,,,"53,55","0,4412333","267,5313","53,55","0,3546079","267,5313"
,,,"53,56","0,3126462","267,5814",,,,,,,,,,,,,"53,56","0,4091263","267,5813",,,,"53,56","0,4456838","267,5813","53,56","0,3534953","267,5813"
,,,"53,57","0,3113747","267,6313",,,,,,,,,,,,,"53,57","0,4111926","267,6313",,,,"53,57","0,4525185","267,6314","53,57","0,3519058","267,6313"
,,,"53,58","0,3089905","267,6814",,,,,,,,,,,,,"53,58","0,4150073","267,6813",,,,"53,58","0,459671","267,6813","53,58","0,3531774","267,6813"
,,,"53,59","0,30454","267,7311",,,,,,,,,,,,,"53,59","0,418663","267,7313",,,,"53,59","0,4644394","267,7313","53,59","0,3530184","267,7313"
,,,"53,6","0,3010432","267,7814",,,,,,,,,,,,,"53,6","0,4218419","267,7814",,,,"53,6","0,4666646","267,7813","53,6","0,3515879","267,7814"
,,,"53,61","0,2994537","267,8313",,,,,,,,,,,,,"53,61","0,4253387","267,8313",,,,"53,61","0,4692078","267,8313","53,61","0,3531774","267,8314"
,,,"53,62","0,2970695","267,8813",,,,,,,,,,,,,"53,62","0,4294713","267,8811",,,,"53,62","0,4727046","267,8813","53,62","0,3546079","267,8811"
,,,"53,63","0,2897581","267,9313",,,,,,,,,,,,,"53,63","0,4342397","267,9313",,,,"53,63","0,4762014","267,9314","53,63","0,3539721","267,9313"
,,,"53,64","0,2735456","267,9813",,,,,,,,,,,,,"53,64","0,4385312","267,9813",,,,"53,64","0,4795392","267,9813","53,64","0,3554026","267,9813"
,,,"53,65","0,2473195","268,0314",,,,,,,,,,,,,"53,65","0,4432996","268,0313",,,,"53,65","0,483036","268,0314","53,65","0,3579458","268,0313"
,,,"53,66","0,2131462","268,0813",,,,,,,,,,,,,"53,66","0,448068","268,0811",,,,"53,66","0,4851023","268,0813","53,66","0,3593763","268,0811"
,,,"53,67","0,1749992","268,1311",,,,,,,,,,,,,"53,67","0,450929","268,1313",,,,"53,67","0,4865328","268,1313","53,67","0,36033","268,1314"
,,,"53,68","0,1389186","268,1784",,,,,,,,,,,,,"53,68","0,4517237","268,1813",,,,"53,68","0,489076","268,1813","53,68","0,360171","268,1813"
,,,"53,69","0,1133283","268,202",,,,,,,,,,,,,"53,69","0,4525185","268,2313",,,,"53,69","0,4941622","268,2313","53,69","0,3595352","268,2313"
,,,,,,,,,,,,,,,,,,"53,7","0,4531542","268,2813",,,,"53,7","0,500838","268,2813","53,7","0,3617605","268,2811"
,,,,,,,,,,,,,,,,,,"53,71","0,4520416","268,3313",,,,"53,71","0,5056064","268,3313","53,71","0,3646215","268,3313"
,,,,,,,,,,,,,,,,,,"53,72","0,4501343","268,3813",,,,"53,72","0,5089442","268,3813","53,72","0,3654162","268,3813"
,,,,,,,,,,,,,,,,,,"53,73","0,4469554","268,4313",,,,"53,73","0,5127589","268,4313","53,73","0,3665288","268,4313"
,,,,,,,,,,,,,,,,,,"53,74","0,4405975","268,4811",,,,"53,74","0,5164146","268,4811","53,74","0,369072","268,481"
,,,,,,,,,,,,,,,,,,"53,75","0,4318555","268,5313",,,,"53,75","0,5203883","268,5311","53,75","0,3709793","268,5313"
,,,,,,,,,,,,,,,,,,"53,76","0,4229546","268,5813",,,,"53,76","0,5262693","268,5813","53,76","0,3705025","268,5813"
,,,,,,,,,,,,,,,,,,"53,77","0,4150073","268,6313",,,,"53,77","0,5338987","268,6313","53,77","0,3693899","268,6313"
,,,,,,,,,,,,,,,,,,"53,78","0,4088084","268,6812",,,,"53,78","0,5426407","268,6813","53,78","0,3693899","268,6812"
,,,,,,,,,,,,,,,,,,"53,79","0,40404","268,7313",,,,"53,79","0,5510648","268,7311","53,79","0,3706614","268,7313"
,,,,,,,,,,,,,,,,,,"53,8","0,3999074","268,7813",,,,"53,8","0,5566279","268,7813","53,8","0,3709793","268,7813"
,,,,,,,,,,,,,,,,,,"53,81","0,3968875","268,8311",,,,"53,81","0,5598068","268,8313","53,81","0,3693899","268,8313"
,,,,,,,,,,,,,,,,,,"53,82","0,3951391","268,8811",,,,"53,82","0,5644162","268,8811","53,82","0,3662109","268,8813"
,,,,,,,,,,,,,,,,,,"53,83","0,3940264","268,9313",,,,"53,83","0,5707741","268,9313","53,83","0,3619194","268,9313"
,,,,,,,,,,,,,,,,,,"53,84","0,3929138","268,9813",,,,"53,84","0,5779266","268,9813","53,84","0,3606478","268,9813"
,,,,,,,,,,,,,,,,,,"53,85","0,3929138","269,0313",,,,"53,85","0,5850792","269,0314","53,85","0,3635089","269,0313"
,,,,,,,,,,,,,,,,,,"53,86","0,395298","269,0811",,,,"53,86","0,5915959","269,0811","53,86","0,3665288","269,0811"
,,,,,,,,,,,,,,,,,,"53,87","0,398318","269,1314",,,,"53,87","0,5970001","269,1313","53,87","0,3678004","269,1313"
,,,,,,,,,,,,,,,,,,"53,88","0,4014969","269,1814",,,,"53,88","0,600179","269,1813","53,88","0,3681183","269,1813"
,,,,,,,,,,,,,,,,,,"53,89","0,4056295","269,2314",,,,"53,89","0,6025632","269,2311","53,89","0,3673235","269,2313"
,,,,,,,,,,,,,,,,,,"53,9","0,4103979","269,2813",,,,"53,9","0,6073316","269,2813","53,9","0,3665288","269,2813"
,,,,,,,,,,,,,,,,,,"53,91","0,4138947","269,3313",,,,"53,91","0,6157557","269,3314","53,91","0,3665288","269,3313"
,,,,,,,,,,,,,,,,,,"53,92","0,4167557","269,3813",,,,"53,92","0,6260872","269,3813","53,92","0,3650983","269,3813"
,,,,,,,,,,,,,,,,,,"53,93","0,4194578","269,4314",,,,"53,93","0,6353061","269,4314","53,93","0,3625552","269,4313"
,,,,,,,,,,,,,,,,,,"53,94","0,4226367","269,4811",,,,"53,94","0,641346","269,4811","53,94","0,3614426","269,4811"
,,,,,,,,,,,,,,,,,,"53,95","0,4277229","269,5313",,,,"53,95","0,6459554","269,5314","53,95","0,3609657","269,5313"
,,,,,,,,,,,,,,,,,,"53,96","0,4329681","269,5813",,,,"53,96","0,6512006","269,5813","53,96","0,3598531","269,5813"
,,,,,,,,,,,,,,,,,,"53,97","0,4377365","269,6314",,,,"53,97","0,6570816","269,6313","53,97","0,3617605","269,6313"
,,,,,,,,,,,,,,,,,,"53,98","0,442028","269,6813",,,,"53,98","0,6591479","269,6813","53,98","0,3654162","269,6813"
,,,,,,,,,,,,,,,,,,"53,99","0,4444122","269,7313",,,,"53,99","0,6564458","269,7314","53,99","0,3662109","269,7314"
,,,,,,,,,,,,,,,,,,"54","0,4432996","269,7814",,,,"54","0,6527901","269,7814","54","0,3654162","269,7814"
,,,,,,,,,,,,,,,,,,"54,01","0,4398028","269,8313",,,,"54,01","0,650088","269,8313","54,01","0,3665288","269,8313"
,,,,,,,,,,,,,,,,,,"54,02","0,4372597","269,8811",,,,"54,02","0,6477038","269,8813","54,02","0,3666878","269,8813"
,,,,,,,,,,,,,,,,,,"54,03","0,4350344","269,9313",,,,"54,03","0,644366","269,9313","54,03","0,3657341","269,9313"
,,,,,,,,,,,,,,,,,,"54,04","0,4318555","269,9813",,,,"54,04","0,6397565","269,9813","54,04","0,3662109","269,9813"
,,,,,,,,,,,,,,,,,,"54,05","0,427405","270,0313",,,,"54,05","0,6341934","270,0313","54,05","0,3673235","270,0313"
,,,,,,,,,,,,,,,,,,"54,06","0,4226367","270,0811",,,,"54,06","0,6262462","270,081","54,06","0,3657341","270,0811"
,,,,,,,,,,,,,,,,,,"54,07","0,4173914","270,1313",,,,"54,07","0,614961","270,1311","54,07","0,3622373","270,1313"
,,,,,,,,,,,,,,,,,,"54,08","0,4111926","270,1813",,,,"54,08","0,6025632","270,1813","54,08","0,3609657","270,1813"
,,,,,,,,,,,,,,,,,,"54,09","0,4062653","270,2311",,,,"54,09","0,5919139","270,2311","54,09","0,3622373","270,2311"
,,,,,,,,,,,,,,,,,,"54,1","0,4038811","270,2811",,,,"54,1","0,5842845","270,2811","54,1","0,3633499","270,2811"
,,,,,,,,,,,,,,,,,,"54,11","0,4022916","270,3311",,,,"54,11","0,5799929","270,3311","54,11","0,3609657","270,3311"
,,,,,,,,,,,,,,,,,,"54,12","0,4007021","270,3813",,,,"54,12","0,5779266","270,3813","54,12","0,3574689","270,3813"
,,,,,,,,,,,,,,,,,,"54,13","0,3980001","270,4312",,,,"54,13","0,576814","270,4313","54,13","0,3554026","270,4313"
,,,,,,,,,,,,,,,,,,"54,14","0,3945033","270,481",,,,"54,14","0,5772908","270,4809","54,14","0,3534953","270,481"
,,,,,,,,,,,,,,,,,,"54,15","0,3916422","270,5311",,,,"54,15","0,579675","270,5311","54,15","0,3519058","270,5311"
,,,,,,,,,,,,,,,,,,"54,16","0,3897349","270,5811",,,,"54,16","0,5820592","270,5811","54,16","0,351429","270,5813"
,,,,,,,,,,,,,,,,,,"54,17","0,3900528","270,6311",,,,"54,17","0,5844434","270,6311","54,17","0,351429","270,6313"
,,,,,,,,,,,,,,,,,,"54,18","0,3919601","270,6812",,,,"54,18","0,5871455","270,6812","54,18","0,3511111","270,6812"
,,,,,,,,,,,,,,,,,,"54,19","0,3940264","270,7311",,,,"54,19","0,5890529","270,7311","54,19","0,3506342","270,7311"
,,,,,,,,,,,,,,,,,,"54,2","0,3948212","270,7811",,,,"54,2","0,5898476","270,7811","54,2","0,3476143","270,7811"
,,,,,,,,,,,,,,,,,,"54,21","0,3948212","270,8311",,,,"54,21","0,5895297","270,8313","54,21","0,3434817","270,8311"
,,,,,,,,,,,,,,,,,,"54,22","0,3960927","270,8811",,,,"54,22","0,5908012","270,881","54,22","0,3436407","270,8811"
,,,,,,,,,,,,,,,,,,"54,23","0,4000664","270,9313",,,,"54,23","0,5935033","270,9312","54,23","0,3482501","270,9313"
,,,,,,,,,,,,,,,,,,"54,24","0,4051526","270,9813",,,,"54,24","0,5970001","270,9813","54,24","0,3531774","270,9813"
,,,,,,,,,,,,,,,,,,"54,25","0,4078547","271,0314",,,,"54,25","0,6011327","271,0313","54,25","0,3582636","271,0313"
,,,,,,,,,,,,,,,,,,"54,26","0,4088084","271,0811",,,,"54,26","0,6046295","271,0811","54,26","0,363032","271,0811"
,,,,,,,,,,,,,,,,,,"54,27","0,4111926","271,1314",,,,"54,27","0,6038348","271,1314","54,27","0,3662109","271,1314"
,,,,,,,,,,,,,,,,,,"54,28","0,4146894","271,1814",,,,"54,28","0,5979538","271,1813","54,28","0,3685951","271,1813"
,,,,,,,,,,,,,,,,,,"54,29","0,4173914","271,2313",,,,"54,29","0,5927086","271,2313","54,29","0,3722509","271,2311"
,,,,,,,,,,,,,,,,,,"54,3","0,418663","271,2811",,,,"54,3","0,5931854","271,2813","54,3","0,3768603","271,2813"
,,,,,,,,,,,,,,,,,,"54,31","0,4189809","271,3313",,,,"54,31","0,5985896","271,3313","54,31","0,3805161","271,3314"
,,,,,,,,,,,,,,,,,,"54,32","0,4181862","271,3813",,,,"54,32","0,6051064","271,3813","54,32","0,3849665","271,3813"
,,,,,,,,,,,,,,,,,,"54,33","0,4178683","271,4313",,,,"54,33","0,6105105","271,4313","54,33","0,3887812","271,4313"
,,,,,,,,,,,,,,,,,,"54,34","0,4202525","271,4811",,,,"54,34","0,6144841","271,4811","54,34","0,389576","271,4811"
,,,,,,,,,,,,,,,,,,"54,35","0,4234314","271,5314",,,,"54,35","0,617822","271,5313","54,35","0,3905296","271,5314"
,,,,,,,,,,,,,,,,,,"54,36","0,4261335","271,5813",,,,"54,36","0,6214778","271,5813","54,36","0,3940264","271,5813"
,,,,,,,,,,,,,,,,,,"54,37","0,4281998","271,6313",,,,"54,37","0,6244977","271,6313","54,37","0,3984769","271,6313"
,,,,,,,,,,,,,,,,,,"54,38","0,4309019","271,6812",,,,"54,38","0,6254514","271,6812","54,38","0,4014969","271,6812"
,,,,,,,,,,,,,,,,,,"54,39","0,4337629","271,7313",,,,"54,39","0,6230672","271,7313","54,39","0,4030863","271,7313"
,,,,,,,,,,,,,,,,,,"54,4","0,4364649","271,7814",,,,"54,4","0,6194115","271,7814","54,4","0,40706","271,7814"
,,,,,,,,,,,,,,,,,,"54,41","0,4374186","271,8311",,,,"54,41","0,6176631","271,8313","54,41","0,4142126","271,8313"
,,,,,,,,,,,,,,,,,,"54,42","0,4361471","271,8811",,,,"54,42","0,6170273","271,8813","54,42","0,4175504","271,8813"
,,,,,,,,,,,,,,,,,,"54,43","0,4353523","271,9313",,,,"54,43","0,6089211","271,9313","54,43","0,4151662","271,9313"
,,,,,,,,,,,,,,,,,,"54,44","0,4366239","271,9813",,,,"54,44","0,5844434","271,9813","54,44","0,4123052","271,9813"
,,,,,,,,,,,,,,,,,,"54,45","0,4366239","272,0314",,,,"54,45","0,5477269","272,0314","54,45","0,4118284","272,0314"
,,,,,,,,,,,,,,,,,,"54,46","0,433286","272,0813",,,,"54,46","0,5105336","272,0813","54,46","0,4119873","272,0813"
,,,,,,,,,,,,,,,,,,"54,47","0,4285177","272,1314",,,,"54,47","0,4825592","272,1314","54,47","0,4123052","272,1314"
,,,,,,,,,,,,,,,,,,"54,48","0,4250208","272,1814",,,,"54,48","0,4642805","272,1813","54,48","0,409921","272,1814"
,,,,,,,,,,,,,,,,,,"54,49","0,4229546","272,2313",,,,"54,49","0,450929","272,2311","54,49","0,4008611","272,2311"
,,,,,,,,,,,,,,,,,,"54,5","0,4218419","272,2813",,,,"54,5","0,4340807","272,2813","54,5","0,389576","272,2813"
,,,,,,,,,,,,,,,,,,"54,51","0,4210472","272,3313",,,,"54,51","0,3992716","272,3313","54,51","0,3797213","272,3313"
,,,,,,,,,,,,,,,,,,"54,52","0,4199346","272,3814",,,,"54,52","0,3344218","272,3813","54,52","0,3706614","272,3813"
,,,,,,,,,,,,,,,,,,"54,53","0,4191399","272,4313",,,,"54,53","0,2436638","272,4313","54,53","0,3635089","272,4313"
,,,,,,,,,,,,,,,,,,"54,54","0,4191399","272,4811",,,,"54,54","0,1564026","272,4811","54,54","0,3595352","272,4811"
,,,,,,,,,,,,,,,,,,"54,55","0,4173914","272,5313",,,,"54,55","0,1026789","272,5269","54,55","0,3547668","272,5313"
,,,,,,,,,,,,,,,,,,"54,56","0,4138947","272,5813",,,,"54,56","0,08233389","272,546","54,56","0,348409","272,5813"
,,,,,,,,,,,,,,,,,,"54,57","0,4119873","272,6313",,,,,,,"54,57","0,3439585","272,6313"
,,,,,,,,,,,,,,,,,,"54,58","0,4126231","272,6812",,,,,,,"54,58","0,3407796","272,6812"
,,,,,,,,,,,,,,,,,,"54,59","0,4138947","272,7311",,,,,,,"54,59","0,3371239","272,7311"
,,,,,,,,,,,,,,,,,,"54,6","0,4142126","272,7813",,,,,,,"54,6","0,3352165","272,7813"
,,,,,,,,,,,,,,,,,,"54,61","0,4146894","272,8313",,,,,,,"54,61","0,3356934","272,8311"
,,,,,,,,,,,,,,,,,,"54,62","0,415802","272,8811",,,,,,,"54,62","0,3371239","272,8811"
,,,,,,,,,,,,,,,,,,"54,63","0,4154841","272,9313",,,,,,,"54,63","0,3387133","272,9312"
,,,,,,,,,,,,,,,,,,"54,64","0,4146894","272,9813",,,,,,,"54,64","0,3407796","272,9813"
,,,,,,,,,,,,,,,,,,"54,65","0,4162788","273,0313",,,,,,,"54,65","0,3428459","273,0313"
,,,,,,,,,,,,,,,,,,"54,66","0,4194578","273,0811",,,,,,,"54,66","0,3460248","273,0811"
,,,,,,,,,,,,,,,,,,"54,67","0,4218419","273,1313",,,,,,,"54,67","0,3498395","273,1313"
,,,,,,,,,,,,,,,,,,"54,68","0,4229546","273,1813",,,,,,,"54,68","0,3531774","273,1813"
,,,,,,,,,,,,,,,,,,"54,69","0,4231135","273,2313",,,,,,,"54,69","0,3561974","273,2311"
,,,,,,,,,,,,,,,,,,"54,7","0,4237493","273,2813",,,,,,,"54,7","0,3587405","273,2811"
,,,,,,,,,,,,,,,,,,"54,71","0,4237493","273,3311",,,,,,,"54,71","0,3606478","273,3313"
,,,,,,,,,,,,,,,,,,"54,72","0,4221598","273,3813",,,,,,,"54,72","0,3614426","273,3813"
,,,,,,,,,,,,,,,,,,"54,73","0,4191399","273,4313",,,,,,,"54,73","0,3625552","273,4313"
,,,,,,,,,,,,,,,,,,"54,74","0,4167557","273,4811",,,,,,,"54,74","0,3646215","273,4811"
,,,,,,,,,,,,,,,,,,"54,75","0,415802","273,5313",,,,,,,"54,75","0,3662109","273,5314"
,,,,,,,,,,,,,,,,,,"54,76","0,4134178","273,5813",,,,,,,"54,76","0,3674825","273,5813"
,,,,,,,,,,,,,,,,,,"54,77","0,4102389","273,6314",,,,,,,"54,77","0,368913","273,6313"
,,,,,,,,,,,,,,,,,,"54,78","0,4075368","273,6813",,,,,,,"54,78","0,3701846","273,6813"
,,,,,,,,,,,,,,,,,,"54,79","0,4046758","273,7313",,,,,,,"54,79","0,3709793","273,7313"
,,,,,,,,,,,,,,,,,,"54,8","0,3995895","273,7814",,,,,,,"54,8","0,3730456","273,7814"
,,,,,,,,,,,,,,,,,,"54,81","0,3951391","273,8313",,,,,,,"54,81","0,3738403","273,8313"
,,,,,,,,,,,,,,,,,,"54,82","0,3927549","273,8813",,,,,,,"54,82","0,3730456","273,8813"
,,,,,,,,,,,,,,,,,,"54,83","0,3916422","273,9313",,,,,,,"54,83","0,3720919","273,9313"
,,,,,,,,,,,,,,,,,,"54,84","0,3911654","273,9813",,,,,,,"54,84","0,3706614","273,9813"
,,,,,,,,,,,,,,,,,,"54,85","0,3911654","274,0313",,,,,,,"54,85","0,368913","274,0314"
,,,,,,,,,,,,,,,,,,"54,86","0,3911654","274,0813",,,,,,,"54,86","0,3685951","274,0811"
,,,,,,,,,,,,,,,,,,"54,87","0,3911654","274,1313",,,,,,,"54,87","0,3681183","274,1314"
,,,,,,,,,,,,,,,,,,"54,88","0,3919601","274,1814",,,,,,,"54,88","0,3649394","274,1814"
,,,,,,,,,,,,,,,,,,"54,89","0,3927549","274,2313",,,,,,,"54,89","0,3622373","274,2313"
,,,,,,,,,,,,,,,,,,"54,9","0,3943443","274,2813",,,,,,,"54,9","0,36033","274,2811"
,,,,,,,,,,,,,,,,,,"54,91","0,3987948","274,3313",,,,,,,"54,91","0,3577868","274,3313"
,,,,,,,,,,,,,,,,,,"54,92","0,4046758","274,3814",,,,,,,"54,92","0,357151","274,3814"
,,,,,,,,,,,,,,,,,,"54,93","0,4080137","274,4314",,,,,,,"54,93","0,3598531","274,4314"
,,,,,,,,,,,,,,,,,,"54,94","0,4096031","274,4811",,,,,,,"54,94","0,3606478","274,4811"
,,,,,,,,,,,,,,,,,,"54,95","0,4118284","274,5313",,,,,,,"54,95","0,3598531","274,5313"
,,,,,,,,,,,,,,,,,,"54,96","0,4143715","274,5814",,,,,,,"54,96","0,3598531","274,5813"
,,,,,,,,,,,,,,,,,,"54,97","0,418663","274,6313",,,,,,,"54,97","0,3598531","274,6313"
,,,,,,,,,,,,,,,,,,"54,98","0,424703","274,6812",,,,,,,"54,98","0,3598531","274,6812"
,,,,,,,,,,,,,,,,,,"54,99","0,4294713","274,7311",,,,,,,"54,99","0,3622373","274,7311"
,,,,,,,,,,,,,,,,,,"55","0,430584","274,7813",,,,,,,"55","0,3650983","274,7813"
,,,,,,,,,,,,,,,,,,"55,01","0,4301071","274,8313",,,,,,,"55,01","0,3666878","274,8313"
,,,,,,,,,,,,,,,,,,"55,02","0,4318555","274,8811",,,,,,,"55,02","0,3697077","274,8811"
,,,,,,,,,,,,,,,,,,"55,03","0,4364649","274,9312",,,,,,,"55,03","0,3728867","274,9312"
,,,,,,,,,,,,,,,,,,"55,04","0,4401207","274,9813",,,,,,,"55,04","0,3744761","274,9811"
,,,,,,,,,,,,,,,,,,"55,05","0,4409154","275,0311",,,,,,,"55,05","0,3760656","275,0313"
,,,,,,,,,,,,,,,,,,"55,06","0,4388491","275,081",,,,,,,"55,06","0,3784498","275,081"
,,,,,,,,,,,,,,,,,,"55,07","0,4358292","275,1313",,,,,,,"55,07","0,3797213","275,1313"
,,,,,,,,,,,,,,,,,,"55,08","0,4318555","275,1813",,,,,,,"55,08","0,3789266","275,1813"
,,,,,,,,,,,,,,,,,,"55,09","0,4266103","275,2311",,,,,,,"55,09","0,3768603","275,2311"
,,,,,,,,,,,,,,,,,,"55,1","0,4205704","275,2811",,,,,,,"55,1","0,3749529","275,281"
,,,,,,,,,,,,,,,,,,"55,11","0,4151662","275,3313",,,,,,,"55,11","0,3738403","275,3313"
,,,,,,,,,,,,,,,,,,"55,12","0,4111926","275,3813",,,,,,,"55,12","0,3733635","275,3811"
,,,,,,,,,,,,,,,,,,"55,13","0,40706","275,4312",,,,,,,"55,13","0,3722509","275,4312"
,,,,,,,,,,,,,,,,,,"55,14","0,4022916","275,481",,,,,,,"55,14","0,3705025","275,481"
,,,,,,,,,,,,,,,,,,"55,15","0,398318","275,5313",,,,,,,"55,15","0,3693899","275,5313"
,,,,,,,,,,,,,,,,,,"55,16","0,3956159","275,5811",,,,,,,"55,16","0,368913","275,5811"
,,,,,,,,,,,,,,,,,,"55,17","0,3929138","275,6311",,,,,,,"55,17","0,3666878","275,6313"
,,,,,,,,,,,,,,,,,,"55,18","0,3900528","275,6812",,,,,,,"55,18","0,3643036","275,6812"
,,,,,,,,,,,,,,,,,,"55,19","0,3876686","275,7311",,,,,,,"55,19","0,363032","275,7313"
,,,,,,,,,,,,,,,,,,"55,2","0,3857613","275,7813",,,,,,,"55,2","0,3619194","275,7813"
,,,,,,,,,,,,,,,,,,"55,21","0,3825823","275,8313",,,,,,,"55,21","0,3606478","275,8313"
,,,,,,,,,,,,,,,,,,"55,22","0,3789266","275,8813",,,,,,,"55,22","0,3587405","275,8811"
,,,,,,,,,,,,,,,,,,"55,23","0,3768603","275,9313",,,,,,,"55,23","0,3554026","275,9312"
,,,,,,,,,,,,,,,,,,"55,24","0,3770193","275,9813",,,,,,,"55,24","0,3507932","275,9811"
,,,,,,,,,,,,,,,,,,"55,25","0,3784498","276,0314",,,,,,,"55,25","0,3482501","276,0313"
,,,,,,,,,,,,,,,,,,"55,26","0,3792445","276,0813",,,,,,,"55,26","0,3471375","276,0813"
,,,,,,,,,,,,,,,,,,"55,27","0,3797213","276,1314",,,,,,,"55,27","0,348409","276,1314"
,,,,,,,,,,,,,,,,,,"55,28","0,380834","276,1814",,,,,,,"55,28","0,3522237","276,1813"
,,,,,,,,,,,,,,,,,,"55,29","0,3833771","276,2313",,,,,,,"55,29","0,3546079","276,2314"
,,,,,,,,,,,,,,,,,,"55,3","0,3879865","276,2813",,,,,,,"55,3","0,3547668","276,2813"
,,,,,,,,,,,,,,,,,,"55,31","0,392437","276,3313",,,,,,,"55,31","0,3558795","276,3313"
,,,,,,,,,,,,,,,,,,"55,32","0,3967285","276,3813",,,,,,,"55,32","0,3582636","276,3813"
,,,,,,,,,,,,,,,,,,"55,33","0,4019737","276,4313",,,,,,,"55,33","0,3590584","276,4313"
,,,,,,,,,,,,,,,,,,"55,34","0,4064242","276,4811",,,,,,,"55,34","0,3582636","276,4811"
,,,,,,,,,,,,,,,,,,"55,35","0,4086494","276,5313",,,,,,,"55,35","0,3585815","276,5313"
,,,,,,,,,,,,,,,,,,"55,36","0,4091263","276,5813",,,,,,,"55,36","0,3595352","276,5813"
,,,,,,,,,,,,,,,,,,"55,37","0,4103979","276,6313",,,,,,,"55,37","0,3593763","276,6313"
,,,,,,,,,,,,,,,,,,"55,38","0,4130999","276,6813",,,,,,,"55,38","0,3590584","276,6813"
,,,,,,,,,,,,,,,,,,"55,39","0,4165967","276,7313",,,,,,,"55,39","0,3595352","276,7313"
,,,,,,,,,,,,,,,,,,"55,4","0,4191399","276,7813",,,,,,,"55,4","0,3598531","276,7813"
,,,,,,,,,,,,,,,,,,"55,41","0,4202525","276,8313",,,,,,,"55,41","0,360171","276,8313"
,,,,,,,,,,,,,,,,,,"55,42","0,4202525","276,8813",,,,,,,"55,42","0,3606478","276,8811"
,,,,,,,,,,,,,,,,,,"55,43","0,4210472","276,9313",,,,,,,"55,43","0,3606478","276,9313"
,,,,,,,,,,,,,,,,,,"55,44","0,4223188","276,9813",,,,,,,"55,44","0,3611247","276,9811"
,,,,,,,,,,,,,,,,,,"55,45","0,4226367","277,0314",,,,,,,"55,45","0,3611247","277,0313"
,,,,,,,,,,,,,,,,,,"55,46","0,4210472","277,0811",,,,,,,"55,46","0,3595352","277,0811"
,,,,,,,,,,,,,,,,,,"55,47","0,4189809","277,1313",,,,,,,"55,47","0,3579458","277,1313"
,,,,,,,,,,,,,,,,,,"55,48","0,4173914","277,1813",,,,,,,"55,48","0,3566742","277,1813"
,,,,,,,,,,,,,,,,,,"55,49","0,4151662","277,2313",,,,,,,"55,49","0,3547668","277,2311"
,,,,,,,,,,,,,,,,,,"55,5","0,4130999","277,2813",,,,,,,"55,5","0,3531774","277,2813"
,,,,,,,,,,,,,,,,,,"55,51","0,4115105","277,3313",,,,,,,"55,51","0,3534953","277,3314"
,,,,,,,,,,,,,,,,,,"55,52","0,4094442","277,3811",,,,,,,"55,52","0,3550847","277,3813"
,,,,,,,,,,,,,,,,,,"55,53","0,4051526","277,4313",,,,,,,"55,53","0,3577868","277,4312"
,,,,,,,,,,,,,,,,,,"55,54","0,3995895","277,481",,,,,,,"55,54","0,3590584","277,4811"
,,,,,,,,,,,,,,,,,,"55,55","0,3959338","277,5313",,,,,,,"55,55","0,3585815","277,5313"
,,,,,,,,,,,,,,,,,,"55,56","0,3948212","277,5811",,,,,,,"55,56","0,3582636","277,5811"
,,,,,,,,,,,,,,,,,,"55,57","0,3940264","277,6311",,,,,,,"55,57","0,3587405","277,6313"
,,,,,,,,,,,,,,,,,,"55,58","0,3916422","277,6812",,,,,,,"55,58","0,3593763","277,6812"
,,,,,,,,,,,,,,,,,,"55,59","0,3889402","277,7311",,,,,,,"55,59","0,3590584","277,7313"
,,,,,,,,,,,,,,,,,,"55,6","0,3868739","277,7813",,,,,,,"55,6","0,3585815","277,7814"
,,,,,,,,,,,,,,,,,,"55,61","0,3856023","277,8313",,,,,,,"55,61","0,3574689","277,8313"
,,,,,,,,,,,,,,,,,,"55,62","0,3849665","277,8813",,,,,,,"55,62","0,3577868","277,8813"
,,,,,,,,,,,,,,,,,,"55,63","0,3849665","277,9314",,,,,,,"55,63","0,360171","277,9312"
,,,,,,,,,,,,,,,,,,"55,64","0,3844897","277,9813",,,,,,,"55,64","0,3633499","277,9813"
,,,,,,,,,,,,,,,,,,"55,65","0,3833771","278,0314",,,,,,,"55,65","0,3665288","278,0313"
,,,,,,,,,,,,,,,,,,"55,66","0,3824234","278,0811",,,,,,,"55,66","0,3705025","278,0811"
,,,,,,,,,,,,,,,,,,"55,67","0,3817876","278,1314",,,,,,,"55,67","0,3738403","278,1314"
,,,,,,,,,,,,,,,,,,"55,68","0,3824234","278,1813",,,,,,,"55,68","0,3762245","278,1813"
,,,,,,,,,,,,,,,,,,"55,69","0,383695","278,2311",,,,,,,"55,69","0,3786087","278,2313"
,,,,,,,,,,,,,,,,,,"55,7","0,3860792","278,2811",,,,,,,"55,7","0,3809929","278,2813"
,,,,,,,,,,,,,,,,,,"55,71","0,3876686","278,3313",,,,,,,"55,71","0,3833771","278,3313"
,,,,,,,,,,,,,,,,,,"55,72","0,3889402","278,3813",,,,,,,"55,72","0,3856023","278,3813"
,,,,,,,,,,,,,,,,,,"55,73","0,3916422","278,4313",,,,,,,"55,73","0,3871918","278,4313"
,,,,,,,,,,,,,,,,,,"55,74","0,3945033","278,481",,,,,,,"55,74","0,3868739","278,481"
,,,,,,,,,,,,,,,,,,"55,75","0,3960927","278,5311",,,,,,,"55,75","0,3841718","278,5311"
,,,,,,,,,,,,,,,,,,"55,76","0,3980001","278,5813",,,,,,,"55,76","0,3797213","278,5813"
,,,,,,,,,,,,,,,,,,"55,77","0,4016558","278,6313",,,,,,,"55,77","0,3762245","278,6313"
,,,,,,,,,,,,,,,,,,"55,78","0,4059474","278,6813",,,,,,,"55,78","0,3749529","278,6812"
,,,,,,,,,,,,,,,,,,"55,79","0,4078547","278,7311",,,,,,,"55,79","0,3728867","278,7311"
,,,,,,,,,,,,,,,,,,"55,8","0,40706","278,7813",,,,,,,"55,8","0,3709793","278,7813"
,,,,,,,,,,,,,,,,,,"55,81","0,4051526","278,8313",,,,,,,"55,81","0,3701846","278,8313"
,,,,,,,,,,,,,,,,,,"55,82","0,4038811","278,8813",,,,,,,"55,82","0,3685951","278,8811"
,,,,,,,,,,,,,,,,,,"55,83","0,4046758","278,9313",,,,,,,"55,83","0,3649394","278,9312"
,,,,,,,,,,,,,,,,,,"55,84","0,4059474","278,9811",,,,,,,"55,84","0,36033","278,9813"
,,,,,,,,,,,,,,,,,,"55,85","0,4048347","279,0313",,,,,,,"55,85","0,3550847","279,0314"
,,,,,,,,,,,,,,,,,,"55,86","0,401179","279,0811",,,,,,,"55,86","0,3506342","279,0811"
,,,,,,,,,,,,,,,,,,"55,87","0,3976822","279,1314",,,,,,,"55,87","0,348409","279,1314"
,,,,,,,,,,,,,,,,,,"55,88","0,3968875","279,1813",,,,,,,"55,88","0,3479322","279,1813"
,,,,,,,,,,,,,,,,,,"55,89","0,3956159","279,2311",,,,,,,"55,89","0,3463427","279,2313"
,,,,,,,,,,,,,,,,,,"55,9","0,3932317","279,2813",,,,,,,"55,9","0,3447533","279,2811"
,,,,,,,,,,,,,,,,,,"55,91","0,3903707","279,3313",,,,,,,"55,91","0,3436407","279,3313"
,,,,,,,,,,,,,,,,,,"55,92","0,3889402","279,3814",,,,,,,"55,92","0,3436407","279,3814"
,,,,,,,,,,,,,,,,,,"55,93","0,3884633","279,4313",,,,,,,"55,93","0,345548","279,4313"
,,,,,,,,,,,,,,,,,,"55,94","0,3871918","279,4811",,,,,,,"55,94","0,3492037","279,4813"
,,,,,,,,,,,,,,,,,,"55,95","0,383695","279,5314",,,,,,,"55,95","0,3515879","279,5313"
,,,,,,,,,,,,,,,,,,"55,96","0,3794034","279,5813",,,,,,,"55,96","0,3511111","279,5813"
,,,,,,,,,,,,,,,,,,"55,97","0,377655","279,6313",,,,,,,"55,97","0,3506342","279,6313"
,,,,,,,,,,,,,,,,,,"55,98","0,3770193","279,6812",,,,,,,"55,98","0,3519058","279,6812"
,,,,,,,,,,,,,,,,,,"55,99","0,3760656","279,7313",,,,,,,"55,99","0,3530184","279,7313"
,,,,,,,,,,,,,,,,,,"56","0,3746351","279,7813",,,,,,,"56","0,3531774","279,7813"
,,,,,,,,,,,,,,,,,,"56,01","0,3744761","279,8313",,,,,,,"56,01","0,3534953","279,8313"
,,,,,,,,,,,,,,,,,,"56,02","0,3760656","279,8813",,,,,,,"56,02","0,3547668","279,8813"
,,,,,,,,,,,,,,,,,,"56,03","0,3800392","279,9313",,,,,,,"56,03","0,3574689","279,9313"
,,,,,,,,,,,,,,,,,,"56,04","0,3856023","279,9813",,,,,,,"56,04","0,3609657","279,9813"
,,,,,,,,,,,,,,,,,,"56,05","0,3900528","280,0313",,,,,,,"56,05","0,3650983","280,0314"
,,,,,,,,,,,,,,,,,,"56,06","0,3919601","280,0811",,,,,,,"56,06","0,3701846","280,0811"
,,,,,,,,,,,,,,,,,,"56,07","0,392437","280,1314",,,,,,,"56,07","0,3736814","280,1313"
,,,,,,,,,,,,,,,,,,"56,08","0,3940264","280,1813",,,,,,,"56,08","0,3725688","280,1814"
,,,,,,,,,,,,,,,,,,"56,09","0,3951391","280,2313",,,,,,,"56,09","0,3714561","280,2313"
,,,,,,,,,,,,,,,,,,"56,1","0,3951391","280,2813",,,,,,,"56,1","0,371774","280,2811"
,,,,,,,,,,,,,,,,,,"56,11","0,3945033","280,3311",,,,,,,"56,11","0,3698667","280,3311"
,,,,,,,,,,,,,,,,,,"56,12","0,3940264","280,3813",,,,,,,"56,12","0,3674825","280,3813"
,,,,,,,,,,,,,,,,,,"56,13","0,3932317","280,4313",,,,,,,"56,13","0,368913","280,4313"
,,,,,,,,,,,,,,,,,,"56,14","0,3932317","280,481",,,,,,,"56,14","0,3712972","280,481"
,,,,,,,,,,,,,,,,,,"56,15","0,3937086","280,5311",,,,,,,"56,15","0,3728867","280,5313"
,,,,,,,,,,,,,,,,,,"56,16","0,3929138","280,5813",,,,,,,"56,16","0,3754298","280,5813"
,,,,,,,,,,,,,,,,,,"56,17","0,3903707","280,6311",,,,,,,"56,17","0,377655","280,6313"
,,,,,,,,,,,,,,,,,,"56,18","0,3889402","280,6812",,,,,,,"56,18","0,3770193","280,6812"
,,,,,,,,,,,,,,,,,,"56,19","0,3892581","280,7311",,,,,,,"56,19","0,3757477","280,7311"
,,,,,,,,,,,,,,,,,,"56,2","0,3884633","280,7813",,,,,,,"56,2","0,3741582","280,7813"
,,,,,,,,,,,,,,,,,,"56,21","0,386556","280,8313",,,,,,,"56,21","0,3712972","280,8311"
,,,,,,,,,,,,,,,,,,"56,22","0,3857613","280,8811",,,,,,,"56,22","0,3714561","280,8811"
,,,,,,,,,,,,,,,,,,"56,23","0,3852844","280,9313",,,,,,,"56,23","0,3741582","280,9313"
,,,,,,,,,,,,,,,,,,"56,24","0,3844897","280,9813",,,,,,,"56,24","0,3744761","280,9813"
,,,,,,,,,,,,,,,,,,"56,25","0,3833771","281,0313",,,,,,,"56,25","0,3744761","281,0313"
,,,,,,,,,,,,,,,,,,"56,26","0,3825823","281,081",,,,,,,"56,26","0,3773371","281,0811"
,,,,,,,,,,,,,,,,,,"56,27","0,380834","281,1314",,,,,,,"56,27","0,3801982","281,1313"
,,,,,,,,,,,,,,,,,,"56,28","0,3784498","281,1813",,,,,,,"56,28","0,3813108","281,1813"
,,,,,,,,,,,,,,,,,,"56,29","0,3770193","281,2313",,,,,,,"56,29","0,383695","281,2313"
,,,,,,,,,,,,,,,,,,"56,3","0,3770193","281,2811",,,,,,,"56,3","0,3849665","281,2811"
,,,,,,,,,,,,,,,,,,"56,31","0,3768603","281,3314",,,,,,,"56,31","0,3848076","281,3313"
,,,,,,,,,,,,,,,,,,"56,32","0,3757477","281,3813",,,,,,,"56,32","0,3876686","281,3814"
,,,,,,,,,,,,,,,,,,"56,33","0,3741582","281,4313",,,,,,,"56,33","0,3927549","281,4313"
,,,,,,,,,,,,,,,,,,"56,34","0,3722509","281,4811",,,,,,,"56,34","0,3945033","281,4811"
,,,,,,,,,,,,,,,,,,"56,35","0,3720919","281,5314",,,,,,,"56,35","0,3935496","281,5313"
,,,,,,,,,,,,,,,,,,"56,36","0,3733635","281,5813",,,,,,,"56,36","0,3921191","281,5813"
,,,,,,,,,,,,,,,,,,"56,37","0,3757477","281,6313",,,,,,,"56,37","0,3913244","281,6313"
,,,,,,,,,,,,,,,,,,"56,38","0,3765424","281,6812",,,,,,,"56,38","0,3913244","281,6813"
,,,,,,,,,,,,,,,,,,"56,39","0,3765424","281,7314",,,,,,,"56,39","0,3916422","281,7313"
,,,,,,,,,,,,,,,,,,"56,4","0,3770193","281,7813",,,,,,,"56,4","0,3919601","281,7813"
,,,,,,,,,,,,,,,,,,"56,41","0,377655","281,8313",,,,,,,"56,41","0,3929138","281,8313"
,,,,,,,,,,,,,,,,,,"56,42","0,3768603","281,8813",,,,,,,"56,42","0,3956159","281,8813"
,,,,,,,,,,,,,,,,,,"56,43","0,3757477","281,9313",,,,,,,"56,43","0,3976822","281,9313"
,,,,,,,,,,,,,,,,,,"56,44","0,3773371","281,9811",,,,,,,"56,44","0,3987948","281,9813"
,,,,,,,,,,,,,,,,,,"56,45","0,3805161","282,0313",,,,,,,"56,45","0,3991127","282,0313"
,,,,,,,,,,,,,,,,,,"56,46","0,3821055","282,0813",,,,,,,"56,46","0,3972054","282,0811"
,,,,,,,,,,,,,,,,,,"56,47","0,3821055","282,1313",,,,,,,"56,47","0,3940264","282,1314"
,,,,,,,,,,,,,,,,,,"56,48","0,3825823","282,1813",,,,,,,"56,48","0,3908475","282,1813"
,,,,,,,,,,,,,,,,,,"56,49","0,3848076","282,2313",,,,,,,"56,49","0,3857613","282,2313"
,,,,,,,,,,,,,,,,,,"56,5","0,386556","282,2813",,,,,,,"56,5","0,3789266","282,2811"
,,,,,,,,,,,,,,,,,,"56,51","0,3871918","282,3313",,,,,,,"56,51","0,3728867","282,3313"
,,,,,,,,,,,,,,,,,,"56,52","0,3873507","282,3813",,,,,,,"56,52","0,3697077","282,3813"
,,,,,,,,,,,,,,,,,,"56,53","0,3887812","282,4313",,,,,,,"56,53","0,3685951","282,4312"
,,,,,,,,,,,,,,,,,,"56,54","0,3897349","282,4811",,,,,,,"56,54","0,3685951","282,481"
,,,,,,,,,,,,,,,,,,"56,55","0,3900528","282,5313",,,,,,,"56,55","0,3681183","282,5311"
,,,,,,,,,,,,,,,,,,"56,56","0,3900528","282,5813",,,,,,,"56,56","0,3654162","282,5813"
,,,,,,,,,,,,,,,,,,"56,57","0,3911654","282,6313",,,,,,,"56,57","0,3625552","282,6311"
,,,,,,,,,,,,,,,,,,"56,58","0,3932317","282,6812",,,,,,,"56,58","0,3606478","282,6812"
,,,,,,,,,,,,,,,,,,"56,59","0,3945033","282,7311",,,,,,,"56,59","0,3585815","282,7311"
,,,,,,,,,,,,,,,,,,"56,6","0,3940264","282,7813",,,,,,,"56,6","0,3555616","282,7813"
,,,,,,,,,,,,,,,,,,"56,61","0,3921191","282,8311",,,,,,,"56,61","0,3527006","282,8313"
,,,,,,,,,,,,,,,,,,"56,62","0,3900528","282,8811",,,,,,,"56,62","0,3499985","282,8811"
,,,,,,,,,,,,,,,,,,"56,63","0,3868739","282,9312",,,,,,,"56,63","0,3466606","282,9313"
,,,,,,,,,,,,,,,,,,"56,64","0,383695","282,9811",,,,,,,"56,64","0,3442764","282,9811"
,,,,,,,,,,,,,,,,,,"56,65","0,3817876","283,0313",,,,,,,"56,65","0,3434817","283,0313"
,,,,,,,,,,,,,,,,,,"56,66","0,3813108","283,081",,,,,,,"56,66","0,3444354","283,0811"
,,,,,,,,,,,,,,,,,,"56,67","0,380834","283,1313",,,,,,,"56,67","0,3463427","283,1311"
,,,,,,,,,,,,,,,,,,"56,68","0,3792445","283,1813",,,,,,,"56,68","0,3452301","283,1813"
,,,,,,,,,,,,,,,,,,"56,69","0,3781319","283,2311",,,,,,,"56,69","0,3383954","283,2313"
,,,,,,,,,,,,,,,,,,"56,7","0,3792445","283,2811",,,,,,,"56,7","0,3336271","283,2813"
,,,,,,,,,,,,,,,,,,"56,71","0,3813108","283,3313",,,,,,,"56,71","0,3356934","283,3313"
,,,,,,,,,,,,,,,,,,"56,72","0,3824234","283,3811",,,,,,,"56,72","0,3356934","283,3813"
,,,,,,,,,,,,,,,,,,"56,73","0,3832181","283,4313",,,,,,,"56,73","0,3293355","283,4313"
,,,,,,,,,,,,,,,,,,"56,74","0,3833771","283,4811",,,,,,,"56,74","0,3232956","283,4811"
,,,,,,,,,,,,,,,,,,"56,75","0,3824234","283,5313",,,,,,,"56,75","0,3190041","283,5313"
,,,,,,,,,,,,,,,,,,"56,76","0,3801982","283,5813",,,,,,,"56,76","0,3118515","283,5813"
,,,,,,,,,,,,,,,,,,"56,77","0,3800392","283,6313",,,,,,,"56,77","0,307401","283,6313"
,,,,,,,,,,,,,,,,,,"56,78","0,3825823","283,6812",,,,,,,"56,78","0,3088315","283,6813"
,,,,,,,,,,,,,,,,,,"56,79","0,3860792","283,7311",,,,,,,"56,79","0,3072421","283,7313"
,,,,,,,,,,,,,,,,,,"56,8","0,3884633","283,7814",,,,,,,"56,8","0,3037453","283,7814"
,,,,,,,,,,,,,,,,,,"56,81","0,389576","283,8313",,,,,,,"56,81","0,3042221","283,8313"
,,,,,,,,,,,,,,,,,,"56,82","0,3900528","283,8813",,,,,,,"56,82","0,3026327","283,8813"
,,,,,,,,,,,,,,,,,,"56,83","0,3892581","283,9314",,,,,,,"56,83","0,2994537","283,9313"
,,,,,,,,,,,,,,,,,,"56,84","0,3881454","283,9813",,,,,,,"56,84","0,3032684","283,9813"
,,,,,,,,,,,,,,,,,,"56,85","0,3884633","284,0313",,,,,,,"56,85","0,3069242","284,0313"
,,,,,,,,,,,,,,,,,,"56,86","0,3897349","284,0811",,,,,,,"56,86","0,3032684","284,0813"
,,,,,,,,,,,,,,,,,,"56,87","0,3900528","284,1314",,,,,,,"56,87","0,3050168","284,1315"
,,,,,,,,,,,,,,,,,,"56,88","0,3884633","284,1813",,,,,,,"56,88","0,3129641","284,1814"
,,,,,,,,,,,,,,,,,,"56,89","0,3868739","284,2313",,,,,,,"56,89","0,3137589","284,2313"
,,,,,,,,,,,,,,,,,,"56,9","0,3873507","284,2814",,,,,,,"56,9","0,3134409","284,2814"
,,,,,,,,,,,,,,,,,,"56,91","0,3879865","284,3313",,,,,,,"56,91","0,3182093","284,3314"
,,,,,,,,,,,,,,,,,,"56,92","0,3876686","284,3814",,,,,,,"56,92","0,3196398","284,3813"
,,,,,,,,,,,,,,,,,,"56,93","0,3879865","284,4313",,,,,,,"56,93","0,3212293","284,4313"
,,,,,,,,,,,,,,,,,,"56,94","0,389576","284,4811",,,,,,,"56,94","0,3283819","284,4811"
,,,,,,,,,,,,,,,,,,"56,95","0,3903707","284,5313",,,,,,,"56,95","0,3315608","284,5313"
,,,,,,,,,,,,,,,,,,"56,96","0,3900528","284,5813",,,,,,,"56,96","0,3291766","284,5813"
,,,,,,,,,,,,,,,,,,"56,97","0,3908475","284,6313",,,,,,,"56,97","0,3299713","284,6313"
,,,,,,,,,,,,,,,,,,"56,98","0,3919601","284,6813",,,,,,,"56,98","0,3293355","284,6813"
,,,,,,,,,,,,,,,,,,"56,99","0,3916422","284,7311",,,,,,,"56,99","0,3232956","284,7313"
,,,,,,,,,,,,,,,,,,"57","0,3921191","284,7813",,,,,,,"57","0,322024","284,7813"
,,,,,,,,,,,,,,,,,,"57,01","0,3937086","284,8313",,,,,,,"57,01","0,3244082","284,8313"
,,,,,,,,,,,,,,,,,,"57,02","0,3940264","284,8811",,,,,,,"57,02","0,322024","284,8811"
,,,,,,,,,,,,,,,,,,"57,03","0,3927549","284,9313",,,,,,,"57,03","0,3188451","284,9313"
,,,,,,,,,,,,,,,,,,"57,04","0,3916422","284,9811",,,,,,,"57,04","0,3182093","284,9811"
,,,,,,,,,,,,,,,,,,"57,05","0,3905296","285,0311",,,,,,,"57,05","0,316143","285,0313"
,,,,,,,,,,,,,,,,,,"57,06","0,3876686","285,081",,,,,,,"57,06","0,3126462","285,0811"
,,,,,,,,,,,,,,,,,,"57,07","0,3852844","285,1311",,,,,,,"57,07","0,3118515","285,1311"
,,,,,,,,,,,,,,,,,,"57,08","0,3848076","285,1812",,,,,,,"57,08","0,3116926","285,1812"
,,,,,,,,,,,,,,,,,,"57,09","0,3841718","285,2311",,,,,,,"57,09","0,3105799","285,2311"
,,,,,,,,,,,,,,,,,,"57,1","0,3824234","285,2811",,,,,,,"57,1","0,3121694","285,281"
,,,,,,,,,,,,,,,,,,"57,11","0,3794034","285,3311",,,,,,,"57,11","0,3148715","285,3311"
,,,,,,,,,,,,,,,,,,"57,12","0,3760656","285,3813",,,,,,,"57,12","0,3156662","285,3813"
,,,,,,,,,,,,,,,,,,"57,13","0,371774","285,4313",,,,,,,"57,13","0,3164609","285,4312"
,,,,,,,,,,,,,,,,,,"57,14","0,3670057","285,481",,,,,,,"57,14","0,3209114","285,481"
,,,,,,,,,,,,,,,,,,"57,15","0,3614426","285,5313",,,,,,,"57,15","0,3256798","285,5313"
,,,,,,,,,,,,,,,,,,"57,16","0,3563563","285,5811",,,,,,,"57,16","0,3283819","285,5813"
,,,,,,,,,,,,,,,,,,"57,17","0,3522237","285,6313",,,,,,,"57,17","0,3317197","285,6313"
,,,,,,,,,,,,,,,,,,"57,18","0,3476143","285,6812",,,,,,,"57,18","0,3364881","285,6812"
,,,,,,,,,,,,,,,,,,"57,19","0,3418922","285,7313",,,,,,,"57,19","0,3383954","285,7313"
,,,,,,,,,,,,,,,,,,"57,2","0,3364881","285,7814",,,,,,,"57,2","0,3395081","285,7813"
,,,,,,,,,,,,,,,,,,"57,21","0,3333092","285,8313",,,,,,,"57,21","0,3431638","285,8313"
,,,,,,,,,,,,,,,,,,"57,22","0,3325144","285,8813",,,,,,,"57,22","0,3490448","285,8811"
,,,,,,,,,,,,,,,,,,"57,23","0,3320376","285,9314",,,,,,,"57,23","0,3547668","285,9313"
,,,,,,,,,,,,,,,,,,"57,24","0,330925","285,9813",,,,,,,"57,24","0,3617605","285,9814"
,,,,,,,,,,,,,,,,,,"57,25","0,3307661","286,0314",,,,,,,"57,25","0,3693899","286,0314"
,,,,,,,,,,,,,,,,,,"57,26","0,3325144","286,0811",,,,,,,"57,26","0,3757477","286,0811"
,,,,,,,,,,,,,,,,,,"57,27","0,3355344","286,1314",,,,,,,"57,27","0,3821055","286,1313"
,,,,,,,,,,,,,,,,,,"57,28","0,3376007","286,1814",,,,,,,"57,28","0,3913244","286,1813"
,,,,,,,,,,,,,,,,,,"57,29","0,3388723","286,2313",,,,,,,"57,29","0,4003843","286,2313"
,,,,,,,,,,,,,,,,,,"57,3","0,3415743","286,2813",,,,,,,"57,3","0,4046758","286,2813"
,,,,,,,,,,,,,,,,,,"57,31","0,3463427","286,3313",,,,,,,"57,31","0,4064242","286,3313"
,,,,,,,,,,,,,,,,,,"57,32","0,3522237","286,3814",,,,,,,"57,32","0,4094442","286,3813"
,,,,,,,,,,,,,,,,,,"57,33","0,3569921","286,4314",,,,,,,"57,33","0,4123052","286,4313"
,,,,,,,,,,,,,,,,,,"57,34","0,3614426","286,4811",,,,,,,"57,34","0,4205704","286,4811"
,,,,,,,,,,,,,,,,,,"57,35","0,3665288","286,5313",,,,,,,"57,35","0,4364649","286,5313"
,,,,,,,,,,,,,,,,,,"57,36","0,3701846","286,5813",,,,,,,"57,36","0,4491806","286,5813"
,,,,,,,,,,,,,,,,,,"57,37","0,3730456","286,6311",,,,,,,"57,37","0,4536311","286,6313"
,,,,,,,,,,,,,,,,,,"57,38","0,3760656","286,6812",,,,,,,"57,38","0,4572868","286,6812"
,,,,,,,,,,,,,,,,,,"57,39","0,3786087","286,7311",,,,,,,"57,39","0,4587173","286,7311"
,,,,,,,,,,,,,,,,,,"57,4","0,3792445","286,7813",,,,,,,"57,4","0,4564921","286,7813"
,,,,,,,,,,,,,,,,,,"57,41","0,3784498","286,8313",,,,,,,"57,41","0,45681","286,8311"
,,,,,,,,,,,,,,,,,,"57,42","0,3794034","286,8811",,,,,,,"57,42","0,4583994","286,8811"
,,,,,,,,,,,,,,,,,,"57,43","0,3824234","286,9313",,,,,,,"57,43","0,4572868","286,9312"
,,,,,,,,,,,,,,,,,,"57,44","0,3849665","286,9811",,,,,,,"57,44","0,4611015","286,9811"
,,,,,,,,,,,,,,,,,,"57,45","0,3871918","287,0313",,,,,,,"57,45","0,4719099","287,0313"
,,,,,,,,,,,,,,,,,,"57,46","0,3897349","287,0811",,,,,,,"57,46","0,4809698","287,0811"
,,,,,,,,,,,,,,,,,,"57,47","0,3921191","287,1313",,,,,,,"57,47","0,488917","287,1313"
,,,,,,,,,,,,,,,,,,"57,48","0,3932317","287,1813",,,,,,,"57,48","0,4986127","287,1813"
,,,,,,,,,,,,,,,,,,"57,49","0,392437","287,2313",,,,,,,"57,49","0,5079905","287,2311"
,,,,,,,,,,,,,,,,,,"57,5","0,3905296","287,2813",,,,,,,"57,5","0,5195935","287,2811"
,,,,,,,,,,,,,,,,,,"57,51","0,3884633","287,3311",,,,,,,"57,51","0,535965","287,3313"
,,,,,,,,,,,,,,,,,,"57,52","0,3860792","287,3813",,,,,,,"57,52","0,5529721","287,3811"
,,,,,,,,,,,,,,,,,,"57,53","0,3816287","287,4313",,,,,,,"57,53","0,5691846","287,4314"
,,,,,,,,,,,,,,,,,,"57,54","0,3757477","287,4811",,,,,,,"57,54","0,5868276","287,4811"
,,,,,,,,,,,,,,,,,,"57,55","0,3709793","287,5313",,,,,,,"57,55","0,6043116","287,5314"
,,,,,,,,,,,,,,,,,,"57,56","0,3678004","287,5813",,,,,,,"57,56","0,6186168","287,5813"
,,,,,,,,,,,,,,,,,,"57,57","0,3650983","287,6314",,,,,,,"57,57","0,6316503","287,6313"
,,,,,,,,,,,,,,,,,,"57,58","0,3611247","287,6812",,,,,,,"57,58","0,6451607","287,6813"
,,,,,,,,,,,,,,,,,,"57,59","0,3554026","287,7313",,,,,,,"57,59","0,6604195","287,7313"
,,,,,,,,,,,,,,,,,,"57,6","0,3498395","287,7813",,,,,,,"57,6","0,6779035","287,7813"
,,,,,,,,,,,,,,,,,,"57,61","0,3460248","287,8313",,,,,,,"57,61","0,6977717","287,8313"
,,,,,,,,,,,,,,,,,,"57,62","0,3442764","287,8813",,,,,,,"57,62","0,7192294","287,8811"
,,,,,,,,,,,,,,,,,,"57,63","0,342687","287,9313",,,,,,,"57,63","0,7417997","287,9313"
,,,,,,,,,,,,,,,,,,"57,64","0,3404617","287,9813",,,,,,,"57,64","0,76437","287,9811"
,,,,,,,,,,,,,,,,,,"57,65","0,3391902","288,0313",,,,,,,"57,65","0,7866223","288,0314"
,,,,,,,,,,,,,,,,,,"57,66","0,3380775","288,0813",,,,,,,"57,66","0,80808","288,0813"
,,,,,,,,,,,,,,,,,,"57,67","0,336806","288,1313",,,,,,,"57,67","0,8271535","288,1314"
,,,,,,,,,,,,,,,,,,"57,68","0,3355344","288,1813",,,,,,,"57,68","0,8435249","288,1813"
,,,,,,,,,,,,,,,,,,"57,69","0,3360113","288,2313",,,,,,,"57,69","0,8567174","288,2311"
,,,,,,,,,,,,,,,,,,"57,7","0,3387133","288,2813",,,,,,,"57,7","0,8665721","288,2813"
,,,,,,,,,,,,,,,,,,"57,71","0,3418922","288,3313",,,,,,,"57,71","0,8753141","288,3313"
,,,,,,,,,,,,,,,,,,"57,72","0,3452301","288,3814",,,,,,,"57,72","0,881354","288,3813"
,,,,,,,,,,,,,,,,,,"57,73","0,3482501","288,4313",,,,,,,"57,73","0,8765857","288,4313"
,,,,,,,,,,,,,,,,,,"57,74","0,3492037","288,4811",,,,,,,"57,74","0,855128","288,4811"
,,,,,,,,,,,,,,,,,,"57,75","0,3492037","288,5313",,,,,,,"57,75","0,8117358","288,5314"
,,,,,,,,,,,,,,,,,,"57,76","0,348409","288,5813",,,,,,,"57,76","0,7367134","288,5813"
,,,,,,,,,,,,,,,,,,"57,77","0,3476143","288,6313",,,,,,,"57,77","0,6337166","288,6313"
,,,,,,,,,,,,,,,,,,"57,78","0,3450712","288,6813",,,,,,,"57,78","0,5280177","288,6812"
,,,,,,,,,,,,,,,,,,"57,79","0,3387133","288,7311",,,,,,,"57,79","0,4425049","288,7311"
,,,,,,,,,,,,,,,,,,"57,8","0,328064","288,7814",,,,,,,"57,8","0,383695","288,7813"
,,,,,,,,,,,,,,,,,,"57,81","0,3169378","288,8313",,,,,,,"57,81","0,3499985","288,8313"
,,,,,,,,,,,,,,,,,,"57,82","0,3097852","288,8811",,,,,,,"57,82","0,3339449","288,8811"
,,,,,,,,,,,,,,,,,,"57,83","0,3066063","288,9313",,,,,,,"57,83","0,3236135","288,9313"
,,,,,,,,,,,,,,,,,,"57,84","0,3061295","288,9813",,,,,,,"57,84","0,3118515","288,9813"
,,,,,,,,,,,,,,,,,,"57,85","0,3064474","289,0313",,,,,,,"57,85","0,298659","289,0313"
,,,,,,,,,,,,,,,,,,"57,86","0,307401","289,0811",,,,,,,"57,86","0,2834002","289,0813"
,,,,,,,,,,,,,,,,,,"57,87","0,307401","289,1313",,,,,,,"57,87","0,2687772","289,1313"
,,,,,,,,,,,,,,,,,,"57,88","0,3058116","289,1813",,,,,,,"57,88","0,2565384","289,1814"
,,,,,,,,,,,,,,,,,,"57,89","0,3058116","289,2313",,,,,,,"57,89","0,2441406","289,2311"
,,,,,,,,,,,,,,,,,,"57,9","0,3089905","289,2813",,,,,,,"57,9","0,2222061","289,2813"
,,,,,,,,,,,,,,,,,,"57,91","0,313282","289,3313",,,,,,,"57,91","0,1722972","289,3313"
,,,,,,,,,,,,,,,,,,"57,92","0,316143","289,3813",,,,,,,"57,92","0,08789698","289,3784"
,,,,,,,,,,,,,,,,,,"57,93","0,3197988","289,4314",,,,,,,"57,93","-0,008742015","289,4016"
,,,,,,,,,,,,,,,,,,"57,94","0,3252029","289,4811",,,,,,,,,
,,,,,,,,,,,,,,,,,,"57,95","0,3312429","289,5314",,,,,,,,,
,,,,,,,,,,,,,,,,,,"57,96","0,3364881","289,5814",,,,,,,,,
,,,,,,,,,,,,,,,,,,"57,97","0,3415743","289,6314",,,,,,,,,
,,,,,,,,,,,,,,,,,,"57,98","0,3444354","289,6813",,,,,,,,,
,,,,,,,,,,,,,,,,,,"57,99","0,3391902","289,7313",,,,,,,,,
,,,,,,,,,,,,,,,,,,"58","0,3182093","289,7813",,,,,,,,,
,,,,,,,,,,,,,,,,,,"58,01","0,287056","289,8313",,,,,,,,,
,,,,,,,,,,,,,,,,,,"58,02","0,2611478","289,8813",,,,,,,,,
,,,,,,,,,,,,,,,,,,"58,03","0,2497037","289,9313",,,,,,,,,
,,,,,,,,,,,,,,,,,,"58,04","0,2476374","289,9811",,,,,,,,,
,,,,,,,,,,,,,,,,,,"58,05","0,2477964","290,0313",,,,,,,,,
,,,,,,,,,,,,,,,,,,"58,06","0,2492269","290,0811",,,,,,,,,
,,,,,,,,,,,,,,,,,,"58,07","0,2497037","290,1313",,,,,,,,,
,,,,,,,,,,,,,,,,,,"58,08","0,2473195","290,1813",,,,,,,,,
,,,,,,,,,,,,,,,,,,"58,09","0,2441406","290,2311",,,,,,,,,
,,,,,,,,,,,,,,,,,,"58,1","0,243028","290,2811",,,,,,,,,
,,,,,,,,,,,,,,,,,,"58,11","0,2422333","290,3311",,,,,,,,,
,,,,,,,,,,,,,,,,,,"58,12","0,2393723","290,3813",,,,,,,,,
,,,,,,,,,,,,,,,,,,"58,13","0,2350807","290,4313",,,,,,,,,
,,,,,,,,,,,,,,,,,,"58,14","0,2317429","290,481",,,,,,,,,
,,,,,,,,,,,,,,,,,,"58,15","0,2261798","290,5311",,,,,,,,,
,,,,,,,,,,,,,,,,,,"58,16","0,2075831","290,5811",,,,,,,,,
,,,,,,,,,,,,,,,,,,"58,17","0,1683235","290,6313",,,,,,,,,
,,,,,,,,,,,,,,,,,,"58,18","0,1180967","290,6774",,,,,,,,,
,,,,,,,,,,,,,,,,,,"58,19","0,07088979","290,6986",,,,,,,,,
