sealant,liner,side,file,replicate,mean_release_cN_25mm,sd_trace_cN_25mm,noise_std_cN_25mm,noise_max_abs_cN_25mm,noise_samples,instrument_peak_hz,filter_cutoff_hz,peaks_0.5cN,max_residual_0.5cN_context,peaks_1cN,max_residual_1cN_context,peaks_1.4cN,max_residual_1.4cN_context,peaks_2cN,max_residual_2cN_context,peaks_3cN,max_residual_3cN_context,liner_label,side_label
C1E,crosil42,external,20250331_C1E_crosil42_external.csv,1_1,6.187826142556243,0.35177281803300275,0.059667890344573274,0.13514933347752253,80,8.749999999999993,6.999999999999995,11,1.1572072378808043,1,1.1572072378808043,0,1.1572072378808043,0,1.1572072378808043,0,1.1572072378808043,Crosil 42,outer
C1E,crosil42,external,20250331_C1E_crosil42_external.csv,1_2,6.1474188096705005,1.083650503967157,0.05897829598290495,0.14537149165981023,80,8.749999999999993,6.999999999999995,31,8.622077738192933,2,8.622077738192933,2,8.622077738192933,2,8.622077738192933,1,8.622077738192933,Crosil 42,outer
C1E,crosil42,external,20250331_C1E_crosil42_external.csv,1_3,6.975492078432769,0.31668100354169815,0.06199616763499985,0.13231271422058924,80,8.749999999999993,6.999999999999995,12,1.4653775777748665,2,1.4653775777748665,1,1.4653775777748665,0,1.4653775777748665,0,1.4653775777748665,Crosil 42,outer
C1E,crosil42,external,20250331_C1E_crosil42_external.csv,1_4,6.724793572814915,0.5123849914798518,0.1360995409718691,0.4415297821537829,80,8.749999999999993,6.999999999999995,11,1.3114648467775838,1,1.3114648467775838,0,1.3114648467775838,0,1.3114648467775838,0,1.3114648467775838,Crosil 42,outer
C1E,crosil42,external,20250331_C1E_crosil42_external.csv,1_5,5.063297871179827,0.2980403597457795,0.1074303996564098,0.23590381440454986,70,8.749999999999993,6.999999999999995,1,1.6001359322020792,1,1.6001359322020792,1,1.6001359322020792,0,1.6001359322020792,0,1.6001359322020792,Crosil 42,outer
C1E,crosil42,external,20250331_C1E_crosil42_external.csv,1_6,7.267196212825941,0.6354975521621333,0.05950350609353223,0.18449835466520353,80,8.749999999999993,6.999999999999995,19,3.1926902081934467,6,3.1926902081934467,4,3.1926902081934467,2,3.1926902081934467,1,3.1926902081934467,Crosil 42,outer
C1E,crosil42,external,20250331_C1E_crosil42_external.csv,1_7,5.916204713530608,0.29072181117021945,0.05524497304546719,0.15735702149125494,80,8.749999999999993,6.999999999999995,4,0.8471978146865261,0,0.8471978146865261,0,0.8471978146865261,0,0.8471978146865261,0,0.8471978146865261,Crosil 42,outer
C1E,crosil42,external,20250331_C1E_crosil42_external.csv,1_8,5.771445072399555,1.6611801115544416,0.08479970603347398,0.24759180756386556,68,8.749999999999993,6.999999999999995,6,4.5622256710054465,3,4.5622256710054465,3,4.5622256710054465,2,4.5622256710054465,1,4.5622256710054465,Crosil 42,outer
C1E,crosil42,external,20250331_C1E_crosil42_external.csv,1_9,,,0.044377980303282244,0.10669553872055121,21,8.749999999999993,6.999999999999995,0,,0,,0,,0,,0,,Crosil 42,outer
C1E,crosil42,external,20250331_C1E_crosil42_external.csv,1_10,6.871804859665328,1.7338740009428029,0.0668196757375862,0.13982672021279896,80,8.749999999999993,6.999999999999995,18,15.198618051739404,11,15.198618051739404,10,15.198618051739404,5,15.198618051739404,1,15.198618051739404,Crosil 42,outer
C1E,crosil42,external,20250331_C1E_crosil42_external.csv,1_11,6.52825888299029,0.33301958334264975,0.06993482210247723,0.16477198751711472,80,8.749999999999993,6.999999999999995,4,1.0778590817188294,1,1.0778590817188294,0,1.0778590817188294,0,1.0778590817188294,0,1.0778590817188294,Crosil 42,outer
C1E,crosil42,external,20250331_C1E_crosil42_external.csv,1_12,6.569132343001876,0.8697792290021711,0.05878304014430472,0.13660884920877325,80,8.749999999999993,6.999999999999995,28,6.164143579486608,3,6.164143579486608,3,6.164143579486608,3,6.164143579486608,3,6.164143579486608,Crosil 42,outer
C1E,crosil42,internal,20250404_C1E_crosil42_internal.csv,1_1,4.890285684576636,1.1734532547112388,0.07348942900432831,0.18714728191844718,80,16.736111111111097,13.388888888888879,0,0.4009025733284391,0,0.4009025733284391,0,0.4009025733284391,0,0.4009025733284391,0,0.4009025733284391,Crosil 42,inner
C1E,crosil42,internal,20250404_C1E_crosil42_internal.csv,1_2,5.12314143477447,0.44372757632113735,0.0608351439256873,0.14003001057225645,80,16.736111111111097,13.388888888888879,0,0.44813902720829757,0,0.44813902720829757,0,0.44813902720829757,0,0.44813902720829757,0,0.44813902720829757,Crosil 42,inner
C1E,crosil42,internal,20250404_C1E_crosil42_internal.csv,1_3,4.670746845314948,0.2682640536247309,0.10510119924872342,0.3165180894308447,78,16.736111111111097,13.388888888888879,2,0.5217464237576852,0,0.5217464237576852,0,0.5217464237576852,0,0.5217464237576852,0,0.5217464237576852,Crosil 42,inner
C1E,crosil42,internal,20250404_C1E_crosil42_internal.csv,1_4,5.622296761588165,0.3629496798214686,0.05933438561176955,0.14725784537401188,80,16.736111111111097,13.388888888888879,4,1.5308066996860374,2,1.5308066996860374,1,1.5308066996860374,0,1.5308066996860374,0,1.5308066996860374,Crosil 42,inner
C1E,crosil42,internal,20250404_C1E_crosil42_internal.csv,1_5,4.083162471614946,0.3410221127439478,0.12302241001384809,0.33363801386278,77,16.736111111111097,13.388888888888879,2,1.076499619943673,1,1.076499619943673,0,1.076499619943673,0,1.076499619943673,0,1.076499619943673,Crosil 42,inner
C1E,crosil42,internal,20250404_C1E_crosil42_internal.csv,1_6,3.35046735560351,0.11040392585175163,0.045885087278217,0.1159275784569664,40,16.736111111111097,13.388888888888879,0,0.3333267428039889,0,0.3333267428039889,0,0.3333267428039889,0,0.3333267428039889,0,0.3333267428039889,Crosil 42,inner
C1E,crosil42,internal,20250404_C1E_crosil42_internal.csv,1_7,2.769112355226655,0.18398693542510416,0.059666072288772756,0.12137339402429372,36,16.736111111111097,13.388888888888879,0,0.39048480247830425,0,0.39048480247830425,0,0.39048480247830425,0,0.39048480247830425,0,0.39048480247830425,Crosil 42,inner
C1E,crosil42,internal,20250404_C1E_crosil42_internal.csv,1_8,3.088986903016849,0.3310887443769334,0.06018587414598303,0.1287894283494292,27,16.736111111111097,13.388888888888879,2,1.3725566167934018,1,1.3725566167934018,0,1.3725566167934018,0,1.3725566167934018,0,1.3725566167934018,Crosil 42,inner
C1E,crosil42,internal,20250404_C1E_crosil42_internal.csv,1_9,1.9801295757459005,0.4185418842870473,0.04968062552680487,0.10348931386882157,32,16.736111111111097,13.388888888888879,0,0.40943549757596,0,0.40943549757596,0,0.40943549757596,0,0.40943549757596,0,0.40943549757596,Crosil 42,inner
C1E,crosil42,internal,20250404_C1E_crosil42_internal.csv,1_10,3.0940109855478086,0.1522701522104047,0.06686971849380022,0.16817878001165848,43,16.736111111111097,13.388888888888879,0,0.29559580177601597,0,0.29559580177601597,0,0.29559580177601597,0,0.29559580177601597,0,0.29559580177601597,Crosil 42,inner
C1E,dolpap,external,20250617_C1E_dolpap_external.csv,1_1,5.001603391049865,0.24996551953546717,0.06242440157955526,0.18448772103039543,80,8.749999999999993,6.999999999999995,5,0.8966604926643286,0,0.8966604926643286,0,0.8966604926643286,0,0.8966604926643286,0,0.8966604926643286,Dolpap,outer
C1E,dolpap,external,20250617_C1E_dolpap_external.csv,1_2,4.65253614303153,0.36630001113059235,0.06283848034623483,0.13254138496197948,80,8.749999999999993,6.999999999999995,0,0.3789865077620753,0,0.3789865077620753,0,0.3789865077620753,0,0.3789865077620753,0,0.3789865077620753,Dolpap,outer
C1E,dolpap,external,20250617_C1E_dolpap_external.csv,1_3,5.170814342886828,0.3472751387200615,0.08070094653337194,0.19891681721514765,80,8.749999999999993,6.999999999999995,2,0.5126028251498361,0,0.5126028251498361,0,0.5126028251498361,0,0.5126028251498361,0,0.5126028251498361,Dolpap,outer
C1E,dolpap,external,20250617_C1E_dolpap_external.csv,1_4,4.69243408428367,0.6654191045468324,0.07178508560729623,0.18435534254417005,80,8.749999999999993,6.999999999999995,25,3.413760051736893,5,3.413760051736893,2,3.413760051736893,2,3.413760051736893,1,3.413760051736893,Dolpap,outer
C1E,dolpap,external,20250617_C1E_dolpap_external.csv,1_5,4.921870808601727,0.43207256463310445,0.06642780445600319,0.14362690776942594,80,8.749999999999993,6.999999999999995,8,1.2560496845280302,3,1.2560496845280302,0,1.2560496845280302,0,1.2560496845280302,0,1.2560496845280302,Dolpap,outer
C1E,dolpap,external,20250617_C1E_dolpap_external.csv,1_6,4.894714861828718,0.33994677047315147,0.06773276671184016,0.16898486963942025,80,8.749999999999993,6.999999999999995,1,1.0267540630529384,1,1.0267540630529384,0,1.0267540630529384,0,1.0267540630529384,0,1.0267540630529384,Dolpap,outer
C1E,dolpap,external,20250617_C1E_dolpap_external.csv,1_7,4.503921459146505,0.331040051544803,0.11358671351967957,0.27373898460517504,80,8.749999999999993,6.999999999999995,0,0.3295023161207375,0,0.3295023161207375,0,0.3295023161207375,0,0.3295023161207375,0,0.3295023161207375,Dolpap,outer
C1E,dolpap,external,20250617_C1E_dolpap_external.csv,1_8,5.246563697650157,0.2575045240710279,0.062293355187351594,0.13443967071592977,80,8.749999999999993,6.999999999999995,8,0.9534763149386825,0,0.9534763149386825,0,0.9534763149386825,0,0.9534763149386825,0,0.9534763149386825,Dolpap,outer
C1E,dolpap,external,20250617_C1E_dolpap_external.csv,1_9,4.774660120427597,0.35921864777592094,0.05815573102667057,0.13510585743200504,80,8.749999999999993,6.999999999999995,0,0.37220744557562646,0,0.37220744557562646,0,0.37220744557562646,0,0.37220744557562646,0,0.37220744557562646,Dolpap,outer
C1E,dolpap,external,20250617_C1E_dolpap_external.csv,1_10,4.8347691996220075,0.11204836653099129,0.05465624514332554,0.13959428412259792,80,8.749999999999993,6.999999999999995,0,0.3107693562362984,0,0.3107693562362984,0,0.3107693562362984,0,0.3107693562362984,0,0.3107693562362984,Dolpap,outer
C1E,dolpap,internal,20250617_C1E_dolpap_internal.csv,1_1,4.905359592958524,0.32887439277436425,0.06919922674425365,0.1691212373662421,80,8.749999999999993,6.999999999999995,0,0.4732980123888772,0,0.4732980123888772,0,0.4732980123888772,0,0.4732980123888772,0,0.4732980123888772,Dolpap,inner
C1E,dolpap,internal,20250617_C1E_dolpap_internal.csv,1_2,4.955296383614137,0.27944276604538065,0.053776450107537635,0.12284039685899499,80,8.749999999999993,6.999999999999995,0,0.355856875170648,0,0.355856875170648,0,0.355856875170648,0,0.355856875170648,0,0.355856875170648,Dolpap,inner
C1E,dolpap,internal,20250617_C1E_dolpap_internal.csv,1_3,4.805035703828556,0.17950892183521253,0.05296471298605633,0.167537925586483,80,8.749999999999993,6.999999999999995,0,0.317999741396878,0,0.317999741396878,0,0.317999741396878,0,0.317999741396878,0,0.317999741396878,Dolpap,inner
C1E,dolpap,internal,20250617_C1E_dolpap_internal.csv,1_4,4.857369850755109,0.3275430278505442,0.06755567869030213,0.1534498099587608,80,8.749999999999993,6.999999999999995,0,0.3993788093559193,0,0.3993788093559193,0,0.3993788093559193,0,0.3993788093559193,0,0.3993788093559193,Dolpap,inner
C1E,dolpap,internal,20250617_C1E_dolpap_internal.csv,1_5,5.003072979947573,0.31764822578017726,0.13405008241165187,0.3449213826299027,80,8.749999999999993,6.999999999999995,0,0.36808264811417496,0,0.36808264811417496,0,0.36808264811417496,0,0.36808264811417496,0,0.36808264811417496,Dolpap,inner
C1E,dolpap,internal,20250617_C1E_dolpap_internal.csv,1_6,5.089306671370461,0.4192685222898689,0.09184443349929404,0.2102743272369658,80,8.749999999999993,6.999999999999995,0,0.4540467226539009,0,0.4540467226539009,0,0.4540467226539009,0,0.4540467226539009,0,0.4540467226539009,Dolpap,inner
C1E,dolpap,internal,20250617_C1E_dolpap_internal.csv,1_7,5.061674539786744,0.4413910671512291,0.073656186133748,0.23453069660217116,80,8.749999999999993,6.999999999999995,1,0.5856261451650906,0,0.5856261451650906,0,0.5856261451650906,0,0.5856261451650906,0,0.5856261451650906,Dolpap,inner
C1E,dolpap,internal,20250617_C1E_dolpap_internal.csv,1_8,5.243420888938359,0.2637104368234143,0.06049626990190984,0.15210115290771142,80,8.749999999999993,6.999999999999995,0,0.32331734699315784,0,0.32331734699315784,0,0.32331734699315784,0,0.32331734699315784,0,0.32331734699315784,Dolpap,inner
C1E,dolpap,internal,20250617_C1E_dolpap_internal.csv,1_9,5.158143871593782,0.26086553095326975,0.0728875940806536,0.1807932860946159,80,8.749999999999993,6.999999999999995,0,0.39764457819323684,0,0.39764457819323684,0,0.39764457819323684,0,0.39764457819323684,0,0.39764457819323684,Dolpap,inner
C1E,dolpap,internal,20250617_C1E_dolpap_internal.csv,1_10,5.258092506222973,0.2889942682366968,0.0775474869881446,0.20952575746955934,80,8.749999999999993,6.999999999999995,0,0.4198046328301931,0,0.4198046328301931,0,0.4198046328301931,0,0.4198046328301931,0,0.4198046328301931,Dolpap,inner
C1E,rossella,external,20250318_C1E_rossella_external.csv,1_1,13.722909267789579,2.0145166945462796,0.08307140945926832,0.20107718268460756,77,13.383152173913032,10.706521739130427,97,5.903037943462208,32,5.903037943462208,10,5.903037943462208,3,5.903037943462208,1,5.903037943462208,Rossella,outer
C1E,rossella,external,20250318_C1E_rossella_external.csv,1_2,13.772153505864765,1.1239653947195245,0.1025079264671499,0.22302905367686046,50,13.383152173913032,10.706521739130427,64,1.782799019033296,11,1.782799019033296,3,1.782799019033296,0,1.782799019033296,0,1.782799019033296,Rossella,outer
C1E,rossella,external,20250318_C1E_rossella_external.csv,1_3,13.080362334714007,0.8194775852665479,0.038155857146020454,0.08947622377622408,23,13.383152173913032,10.706521739130427,83,4.199524802864074,30,4.199524802864074,13,4.199524802864074,6,4.199524802864074,2,4.199524802864074,Rossella,outer
C1E,rossella,external,20250318_C1E_rossella_external.csv,1_4,12.955218867609771,1.0923274113113364,0.08891556549040136,0.22590476674415572,60,13.383152173913032,10.706521739130427,102,2.9306332530013455,37,2.9306332530013455,14,2.9306332530013455,4,2.9306332530013455,0,2.9306332530013455,Rossella,outer
C1E,rossella,external,20250318_C1E_rossella_external.csv,1_5,14.809114262279385,1.058664892199241,0.34336062700739234,0.9325488939474235,71,13.383152173913032,10.706521739130427,101,5.894500165647795,22,5.894500165647795,7,5.894500165647795,1,5.894500165647795,1,5.894500165647795,Rossella,outer
C1E,rossella,external,20250318_C1E_rossella_external.csv,1_6,10.04929392878228,1.4293575507218585,0.041982997366640566,0.08754067929292973,18,13.383152173913032,10.706521739130427,128,2.1469844028743412,59,2.1469844028743412,16,2.1469844028743412,1,2.1469844028743412,0,2.1469844028743412,Rossella,outer
C1E,rossella,external,20250318_C1E_rossella_external.csv,1_7,10.10009434934857,1.4224533706257805,0.08245004312758361,0.1808346519894508,32,13.383152173913032,10.706521739130427,121,1.8928338782118623,51,1.8928338782118623,14,1.8928338782118623,0,1.8928338782118623,0,1.8928338782118623,Rossella,outer
C1E,rossella,external,20250318_C1E_rossella_external.csv,1_8,,,1.3080452614306435e-15,2.7755575615628914e-15,8,13.383152173913032,10.706521739130427,0,,0,,0,,0,,0,,Rossella,outer
C1E,rossella,external,20250318_C1E_rossella_external.csv,1_9,11.87582893356829,1.0596403104156042,0.02719164811139725,0.04778273208273856,17,13.383152173913032,10.706521739130427,90,1.6895829766171113,20,1.6895829766171113,5,1.6895829766171113,0,1.6895829766171113,0,1.6895829766171113,Rossella,outer
C1E,rossella,external,20250318_C1E_rossella_external.csv,1_10,,,0.07599544434889602,0.20764712216854964,51,13.383152173913032,10.706521739130427,0,,0,,0,,0,,0,,Rossella,outer
C1E,rossella,external,20250318_C1E_rossella_external.csv,1_11,12.746011381226186,0.7755987274122372,0.28803861307117745,0.6034263280671261,80,13.383152173913032,10.706521739130427,101,1.6668982740137976,12,1.6668982740137976,5,1.6668982740137976,0,1.6668982740137976,0,1.6668982740137976,Rossella,outer
C1E,rossella,external,20250318_C1E_rossella_external.csv,1_12,11.677693374540645,0.49344923357274123,0.07829739420392824,0.13517506793944178,34,13.383152173913032,10.706521739130427,73,1.348091278927356,9,1.348091278927356,0,1.348091278927356,0,1.348091278927356,0,1.348091278927356,Rossella,outer
C1E,rossella,internal,20250318_C1E_rossella_internal.csv,1_1,,,0.055996238094037656,0.13373792318792238,25,15.999999999999986,12.79999999999999,0,,0,,0,,0,,0,,Rossella,inner
C1E,rossella,internal,20250318_C1E_rossella_internal.csv,1_2,10.584802505887856,1.231205318540842,0.05343174137212783,0.13925484283878534,61,15.999999999999986,12.79999999999999,95,5.603365209556071,36,5.603365209556071,16,5.603365209556071,8,5.603365209556071,1,5.603365209556071,Rossella,inner
C1E,rossella,internal,20250318_C1E_rossella_internal.csv,1_3,,,0.03977333991181012,0.08238099200206378,33,15.999999999999986,12.79999999999999,0,,0,,0,,0,,0,,Rossella,inner
C1E,rossella,internal,20250318_C1E_rossella_internal.csv,1_4,,,0.03877158126934962,0.0816900553150611,19,15.999999999999986,12.79999999999999,0,,0,,0,,0,,0,,Rossella,inner
C1E,rossella,internal,20250318_C1E_rossella_internal.csv,1_5,,,0.029782637479134462,0.05445335978836209,15,15.999999999999986,12.79999999999999,0,,0,,0,,0,,0,,Rossella,inner
C1E,rossella,internal,20250318_C1E_rossella_internal.csv,1_6,10.408488718315672,1.0558759924294807,0.03229191789781984,0.05634637566137822,14,15.999999999999986,12.79999999999999,70,1.276962565421,8,1.276962565421,0,1.276962565421,0,1.276962565421,0,1.276962565421,Rossella,inner
C1E,rossella,internal,20250318_C1E_rossella_internal.csv,1_7,10.19090615407339,0.944341581278263,0.03091921936601906,0.08834277488656318,37,15.999999999999986,12.79999999999999,94,2.2943243214743783,49,2.2943243214743783,25,2.2943243214743783,2,2.2943243214743783,0,2.2943243214743783,Rossella,inner
C1E,rossella,internal,20250318_C1E_rossella_internal.csv,1_8,,,,,0,15.999999999999986,12.79999999999999,0,,0,,0,,0,,0,,Rossella,inner
C1E,rossella,internal,20250318_C1E_rossella_internal.csv,1_9,11.446176881654313,0.6665144272725486,0.06212487052630428,0.1642837896449159,80,15.999999999999986,12.79999999999999,90,1.9055656538458225,37,1.9055656538458225,15,1.9055656538458225,0,1.9055656538458225,0,1.9055656538458225,Rossella,inner
C1E,rossella,internal,20250318_C1E_rossella_internal.csv,1_10,10.107138745482395,0.5125847775745798,0.027525247723020542,0.05348682539682362,8,15.999999999999986,12.79999999999999,44,2.102390787192908,7,2.102390787192908,1,2.102390787192908,1,2.102390787192908,0,2.102390787192908,Rossella,inner
C1EN,crosil42,external,20250519_C1EN_crosil42_external.csv,1_1,6.245289269611931,0.4552534547551439,0.06470737215153427,0.16883566737446332,80,8.749999999999993,6.999999999999995,0,0.46852965985122175,0,0.46852965985122175,0,0.46852965985122175,0,0.46852965985122175,0,0.46852965985122175,Crosil 42,outer
C1EN,crosil42,external,20250519_C1EN_crosil42_external.csv,1_2,6.8279327564136985,0.9330019340948243,0.09374268156569254,0.21555226450813392,80,8.749999999999993,6.999999999999995,15,1.9057058338049604,3,1.9057058338049604,2,1.9057058338049604,0,1.9057058338049604,0,1.9057058338049604,Crosil 42,outer
C1EN,crosil42,external,20250519_C1EN_crosil42_external.csv,1_3,6.486935081065706,0.6232154118544804,0.14248082391241765,0.5290206092281596,80,8.749999999999993,6.999999999999995,3,0.5824404389450644,0,0.5824404389450644,0,0.5824404389450644,0,0.5824404389450644,0,0.5824404389450644,Crosil 42,outer
C1EN,crosil42,external,20250519_C1EN_crosil42_external.csv,1_4,5.816069833992177,0.4116574238521467,0.12765315219932888,0.2663387614759337,80,8.749999999999993,6.999999999999995,1,0.5467145274229264,0,0.5467145274229264,0,0.5467145274229264,0,0.5467145274229264,0,0.5467145274229264,Crosil 42,outer
C1EN,crosil42,external,20250519_C1EN_crosil42_external.csv,1_5,7.742131913313978,1.2948517116549156,0.10940640158418957,0.2468849526753813,80,8.749999999999993,6.999999999999995,5,0.7450968742696171,0,0.7450968742696171,0,0.7450968742696171,0,0.7450968742696171,0,0.7450968742696171,Crosil 42,outer
C1EN,crosil42,external,20250519_C1EN_crosil42_external.csv,1_6,6.087502709373121,1.469274580235966,0.05824097490829157,0.13303412773169423,80,8.749999999999993,6.999999999999995,1,0.8739106830333826,0,0.8739106830333826,0,0.8739106830333826,0,0.8739106830333826,0,0.8739106830333826,Crosil 42,outer
C1EN,crosil42,external,20250519_C1EN_crosil42_external.csv,1_7,5.676429477465878,0.46406741861363504,0.07138870455482857,0.1554541145225907,80,8.749999999999993,6.999999999999995,1,0.5040016916165291,0,0.5040016916165291,0,0.5040016916165291,0,0.5040016916165291,0,0.5040016916165291,Crosil 42,outer
C1EN,crosil42,external,20250519_C1EN_crosil42_external.csv,1_8,7.896748909260248,0.5398352238430446,0.09075479210887162,0.20757779916359503,80,8.749999999999993,6.999999999999995,3,0.8376400019536517,0,0.8376400019536517,0,0.8376400019536517,0,0.8376400019536517,0,0.8376400019536517,Crosil 42,outer
C1EN,crosil42,external,20250519_C1EN_crosil42_external.csv,1_9,6.003267340704064,0.26409187829269853,0.06274853475895968,0.16904049094635543,80,8.749999999999993,6.999999999999995,1,0.6382165137379812,0,0.6382165137379812,0,0.6382165137379812,0,0.6382165137379812,0,0.6382165137379812,Crosil 42,outer
C1EN,crosil42,external,20250519_C1EN_crosil42_external.csv,1_10,5.663386978392601,0.7478560109940733,0.0926041937131411,0.22006453723680933,80,8.749999999999993,6.999999999999995,0,0.4667706968513957,0,0.4667706968513957,0,0.4667706968513957,0,0.4667706968513957,0,0.4667706968513957,Crosil 42,outer
C1EN,crosil42,internal,20250519_C1EN_crosil42_internal.csv,1_1,7.136431185125343,0.7587765235783377,0.07099735363427336,0.23072330273015726,80,8.749999999999993,6.999999999999995,18,1.5393158479977105,3,1.5393158479977105,2,1.5393158479977105,0,1.5393158479977105,0,1.5393158479977105,Crosil 42,inner
C1EN,crosil42,internal,20250519_C1EN_crosil42_internal.csv,1_2,6.6056487014204235,0.8903244965017252,0.06605153548725774,0.18889613679746725,80,8.749999999999993,6.999999999999995,5,0.6190001534968903,0,0.6190001534968903,0,0.6190001534968903,0,0.6190001534968903,0,0.6190001534968903,Crosil 42,inner
C1EN,crosil42,internal,20250519_C1EN_crosil42_internal.csv,1_3,11.512710897184855,0.9984062652335552,0.06885127673733754,0.14461279286180703,80,8.749999999999993,6.999999999999995,81,3.691744048402364,23,3.691744048402364,11,3.691744048402364,3,3.691744048402364,2,3.691744048402364,Crosil 42,inner
C1EN,crosil42,internal,20250519_C1EN_crosil42_internal.csv,1_4,8.224353587019472,0.9980824802444906,0.07432266474480356,0.23214116550798575,80,8.749999999999993,6.999999999999995,5,2.0441313543230506,1,2.0441313543230506,1,2.0441313543230506,1,2.0441313543230506,0,2.0441313543230506,Crosil 42,inner
C1EN,crosil42,internal,20250519_C1EN_crosil42_internal.csv,1_5,6.692345028996599,0.6709273163765064,0.11346488931976864,0.3251140730305382,80,8.749999999999993,6.999999999999995,4,0.702238874417372,0,0.702238874417372,0,0.702238874417372,0,0.702238874417372,0,0.702238874417372,Crosil 42,inner
C1EN,crosil42,internal,20250519_C1EN_crosil42_internal.csv,1_6,7.3996403882514965,0.7195307134233289,0.05533317410082991,0.14909035724241718,80,8.749999999999993,6.999999999999995,16,1.1763722449671636,1,1.1763722449671636,0,1.1763722449671636,0,1.1763722449671636,0,1.1763722449671636,Crosil 42,inner
C1EN,crosil42,internal,20250519_C1EN_crosil42_internal.csv,1_7,6.449220479667085,0.8657777401114326,0.07602972384969192,0.17617250813908467,80,8.749999999999993,6.999999999999995,17,2.0236220973641514,2,2.0236220973641514,2,2.0236220973641514,1,2.0236220973641514,0,2.0236220973641514,Crosil 42,inner
C1EN,crosil42,internal,20250519_C1EN_crosil42_internal.csv,1_8,7.199945937962858,1.1261672803218417,0.1074978085632567,0.2940265933987467,80,8.749999999999993,6.999999999999995,27,4.137452760883059,10,4.137452760883059,5,4.137452760883059,2,4.137452760883059,1,4.137452760883059,Crosil 42,inner
C1EN,crosil42,internal,20250519_C1EN_crosil42_internal.csv,1_9,5.7402420709289705,0.46955305082209053,0.08362946938473684,0.2490009767132863,80,8.749999999999993,6.999999999999995,0,0.4238636025058202,0,0.4238636025058202,0,0.4238636025058202,0,0.4238636025058202,0,0.4238636025058202,Crosil 42,inner
C1EN,crosil42,internal,20250519_C1EN_crosil42_internal.csv,1_10,12.804409933329522,1.0292398252857877,0.13372798449241452,0.30052631261715534,80,8.749999999999993,6.999999999999995,50,1.5569486734009903,11,1.5569486734009903,2,1.5569486734009903,0,1.5569486734009903,0,1.5569486734009903,Crosil 42,inner
C1EN,dolpap,external,20250516_C1EN_dolpap_external.csv,1_1,7.7685981765853604,1.0026619026127832,0.04282348399899444,0.12584016032268228,80,6.874999999999994,5.499999999999996,14,8.595934959688284,3,8.595934959688284,1,8.595934959688284,0,8.595934959688284,0,8.595934959688284,Dolpap,outer
C1EN,dolpap,external,20250516_C1EN_dolpap_external.csv,1_2,8.144274195601099,0.7354623367219637,0.055403546057527175,0.13043562483696264,80,6.874999999999994,5.499999999999996,61,1.7762591423019822,17,1.7762591423019822,6,1.7762591423019822,0,1.7762591423019822,0,1.7762591423019822,Dolpap,outer
C1EN,dolpap,external,20250516_C1EN_dolpap_external.csv,1_3,7.444430322207738,0.8621718144643118,0.06917997687224241,0.18278938480301438,80,6.874999999999994,5.499999999999996,39,1.3631853694422478,3,1.3631853694422478,0,1.3631853694422478,0,1.3631853694422478,0,1.3631853694422478,Dolpap,outer
C1EN,dolpap,external,20250516_C1EN_dolpap_external.csv,1_4,7.126315107633596,0.9674158697578227,0.22293133167064016,0.49747487124010914,80,6.874999999999994,5.499999999999996,4,0.7111815302243502,0,0.7111815302243502,0,0.7111815302243502,0,0.7111815302243502,0,0.7111815302243502,Dolpap,outer
C1EN,dolpap,external,20250516_C1EN_dolpap_external.csv,1_5,7.242888237750028,0.5611684364372338,0.16003756411610967,0.6436197814555922,80,6.874999999999994,5.499999999999996,8,0.6999535251622724,0,0.6999535251622724,0,0.6999535251622724,0,0.6999535251622724,0,0.6999535251622724,Dolpap,outer
C1EN,dolpap,external,20250516_C1EN_dolpap_external.csv,1_6,7.601349560138461,1.5628455955785752,0.04071854800766242,0.10675494449013682,80,6.874999999999994,5.499999999999996,34,2.3291210899484898,11,2.3291210899484898,5,2.3291210899484898,3,2.3291210899484898,0,2.3291210899484898,Dolpap,outer
C1EN,dolpap,external,20250516_C1EN_dolpap_external.csv,1_7,8.180547724985878,0.3702207823024267,0.07432964124189607,0.2167410741194144,80,6.874999999999994,5.499999999999996,8,0.6559399430105681,0,0.6559399430105681,0,0.6559399430105681,0,0.6559399430105681,0,0.6559399430105681,Dolpap,outer
C1EN,dolpap,external,20250516_C1EN_dolpap_external.csv,1_8,7.416507942260636,1.0759779120586397,0.074095844938692,0.14451849709622633,80,6.874999999999994,5.499999999999996,5,0.8587320387831263,0,0.8587320387831263,0,0.8587320387831263,0,0.8587320387831263,0,0.8587320387831263,Dolpap,outer
C1EN,dolpap,external,20250516_C1EN_dolpap_external.csv,1_9,6.63525055804111,1.0239438550660758,0.0662171288487739,0.13077779105469434,80,6.874999999999994,5.499999999999996,2,0.5376255687132965,0,0.5376255687132965,0,0.5376255687132965,0,0.5376255687132965,0,0.5376255687132965,Dolpap,outer
C1EN,dolpap,external,20250516_C1EN_dolpap_external.csv,1_10,7.210662844751245,1.2498216156678683,0.06442118358930023,0.152194421261108,80,6.874999999999994,5.499999999999996,20,1.7337508402625281,5,1.7337508402625281,3,1.7337508402625281,0,1.7337508402625281,0,1.7337508402625281,Dolpap,outer
C1EN,dolpap,internal,20250519_C1EN_dolpap_internal.csv,1_1,6.004756762243154,1.9134773358865296,0.07074610686687183,0.19482700018592994,80,6.874999999999994,5.499999999999996,47,3.84533409868678,13,3.84533409868678,5,3.84533409868678,4,3.84533409868678,2,3.84533409868678,Dolpap,inner
C1EN,dolpap,internal,20250519_C1EN_dolpap_internal.csv,1_2,6.499856591066607,1.2818162773874269,0.12323117092443285,0.266751566363075,80,6.874999999999994,5.499999999999996,48,2.4772314187657423,11,2.4772314187657423,8,2.4772314187657423,2,2.4772314187657423,0,2.4772314187657423,Dolpap,inner
C1EN,dolpap,internal,20250519_C1EN_dolpap_internal.csv,1_3,4.444346012444606,0.943608555039171,0.0497421729129431,0.11173044641861574,80,6.874999999999994,5.499999999999996,12,1.6079529737309208,4,1.6079529737309208,2,1.6079529737309208,0,1.6079529737309208,0,1.6079529737309208,Dolpap,inner
C1EN,dolpap,internal,20250519_C1EN_dolpap_internal.csv,1_4,5.992206252584423,0.14802820500990826,0.06014265233358734,0.17885911119171014,80,6.874999999999994,5.499999999999996,0,0.32979978019433764,0,0.32979978019433764,0,0.32979978019433764,0,0.32979978019433764,0,0.32979978019433764,Dolpap,inner
C1EN,dolpap,internal,20250519_C1EN_dolpap_internal.csv,1_5,5.973973214414601,0.6102830088620751,0.07067801334190842,0.1921319982514433,80,6.874999999999994,5.499999999999996,1,0.6048388810321887,0,0.6048388810321887,0,0.6048388810321887,0,0.6048388810321887,0,0.6048388810321887,Dolpap,inner
C1EN,dolpap,internal,20250519_C1EN_dolpap_internal.csv,1_6,6.810158118278145,1.0331569243180425,0.053026365143391346,0.11976804456479587,80,6.874999999999994,5.499999999999996,14,1.531761794370698,4,1.531761794370698,1,1.531761794370698,0,1.531761794370698,0,1.531761794370698,Dolpap,inner
C1EN,dolpap,internal,20250519_C1EN_dolpap_internal.csv,1_7,9.223986321303054,1.9454402673316484,0.0737422293634246,0.16565081088616218,80,6.874999999999994,5.499999999999996,71,4.137593857848267,35,4.137593857848267,20,4.137593857848267,10,4.137593857848267,2,4.137593857848267,Dolpap,inner
C1EN,dolpap,internal,20250519_C1EN_dolpap_internal.csv,1_8,5.924214209745948,0.21264285768527244,0.08275315396516454,0.208720123842902,80,6.874999999999994,5.499999999999996,0,0.4958545225303236,0,0.4958545225303236,0,0.4958545225303236,0,0.4958545225303236,0,0.4958545225303236,Dolpap,inner
C1EN,dolpap,internal,20250519_C1EN_dolpap_internal.csv,1_9,6.859056696055808,0.7119242967617347,0.06325163867816196,0.1586775554637589,80,6.874999999999994,5.499999999999996,42,3.8445295884592112,12,3.8445295884592112,4,3.8445295884592112,3,3.8445295884592112,1,3.8445295884592112,Dolpap,inner
C1EN,dolpap,internal,20250519_C1EN_dolpap_internal.csv,1_10,7.770742863127452,1.9633189493648489,0.06430581799710085,0.18206485416296636,80,6.874999999999994,5.499999999999996,25,1.4908964895675698,3,1.4908964895675698,1,1.4908964895675698,0,1.4908964895675698,0,1.4908964895675698,Dolpap,inner
C1EN,rossella,external,20250521_C1EN_rossella_external.csv,1_1,10.85076308374296,0.6557079090819046,0.055924511737983455,0.16935338688943885,80,6.874999999999994,5.499999999999996,18,1.7716968312720933,3,1.7716968312720933,2,1.7716968312720933,0,1.7716968312720933,0,1.7716968312720933,Rossella,outer
C1EN,rossella,external,20250521_C1EN_rossella_external.csv,1_2,9.36629719435287,0.33310708850502657,0.06354065246297551,0.15936272878880148,80,6.874999999999994,5.499999999999996,7,1.2720717350196142,1,1.2720717350196142,0,1.2720717350196142,0,1.2720717350196142,0,1.2720717350196142,Rossella,outer
C1EN,rossella,external,20250521_C1EN_rossella_external.csv,1_3,13.70085931996689,0.7452023439758373,0.060213756386367036,0.16040944938569882,80,6.874999999999994,5.499999999999996,30,1.367610256564364,3,1.367610256564364,0,1.367610256564364,0,1.367610256564364,0,1.367610256564364,Rossella,outer
C1EN,rossella,external,20250521_C1EN_rossella_external.csv,1_4,11.11009119584103,3.618733888792131,0.05541564148179798,0.1590917258849113,80,6.874999999999994,5.499999999999996,24,40.22727022191773,16,40.22727022191773,16,40.22727022191773,13,40.22727022191773,9,40.22727022191773,Rossella,outer
C1EN,rossella,external,20250521_C1EN_rossella_external.csv,1_5,11.601755590131312,0.5753477136139562,0.07412747627705078,0.15615144062980282,80,6.874999999999994,5.499999999999996,17,1.0591709317058688,1,1.0591709317058688,0,1.0591709317058688,0,1.0591709317058688,0,1.0591709317058688,Rossella,outer
C1EN,rossella,external,20250521_C1EN_rossella_external.csv,1_6,14.097868003552872,1.5899448692473235,0.05404365105224752,0.1205620298270202,80,6.874999999999994,5.499999999999996,8,1.3268402923521245,1,1.3268402923521245,0,1.3268402923521245,0,1.3268402923521245,0,1.3268402923521245,Rossella,outer
C1EN,rossella,external,20250521_C1EN_rossella_external.csv,1_7,11.198734319325615,0.2845059673357098,0.03541395232686808,0.10399574626344414,80,6.874999999999994,5.499999999999996,4,0.5601788715590792,0,0.5601788715590792,0,0.5601788715590792,0,0.5601788715590792,0,0.5601788715590792,Rossella,outer
C1EN,rossella,external,20250521_C1EN_rossella_external.csv,1_8,13.11743416970553,0.6874986353995866,0.05581907817540803,0.13357097617607067,80,6.874999999999994,5.499999999999996,7,1.0013734732953472,1,1.0013734732953472,0,1.0013734732953472,0,1.0013734732953472,0,1.0013734732953472,Rossella,outer
C1EN,rossella,external,20250521_C1EN_rossella_external.csv,1_9,9.864529440213776,0.986606565642955,0.04292746874588895,0.10815066594312382,80,6.874999999999994,5.499999999999996,0,0.44925689134653335,0,0.44925689134653335,0,0.44925689134653335,0,0.44925689134653335,0,0.44925689134653335,Rossella,outer
C1EN,rossella,external,20250521_C1EN_rossella_external.csv,1_10,12.147898923636227,0.6308295438667849,0.05947375636908612,0.13950717838741275,80,6.874999999999994,5.499999999999996,19,2.590978497792229,4,2.590978497792229,0,2.590978497792229,0,2.590978497792229,0,2.590978497792229,Rossella,outer
C1EN,rossella,internal,20250521_C1EN_rossella_internal.csv,1_1,17.13792463743565,0.6217084846054259,0.053665004012705006,0.1423872241297614,80,8.749999999999993,6.999999999999995,21,0.9689584861249878,0,0.9689584861249878,0,0.9689584861249878,0,0.9689584861249878,0,0.9689584861249878,Rossella,inner
C1EN,rossella,internal,20250521_C1EN_rossella_internal.csv,1_2,10.573081333220728,0.35415917950663517,0.06369952460745416,0.16958668505012325,80,8.749999999999993,6.999999999999995,2,0.5083810258894095,0,0.5083810258894095,0,0.5083810258894095,0,0.5083810258894095,0,0.5083810258894095,Rossella,inner
C1EN,rossella,internal,20250521_C1EN_rossella_internal.csv,1_3,18.16016801682894,0.6904024287434682,0.21581341466060397,0.47852452631019904,80,8.749999999999993,6.999999999999995,42,1.8755845599559229,16,1.8755845599559229,4,1.8755845599559229,0,1.8755845599559229,0,1.8755845599559229,Rossella,inner
C1EN,rossella,internal,20250521_C1EN_rossella_internal.csv,1_4,14.241147958282532,5.009905160499885,0.056138814818802445,0.16510969176241286,80,8.749999999999993,6.999999999999995,55,39.024625917156676,35,39.024625917156676,30,39.024625917156676,25,39.024625917156676,16,39.024625917156676,Rossella,inner
C1EN,rossella,internal,20250521_C1EN_rossella_internal.csv,1_5,13.34243501258357,0.8975661767346451,0.07337520762794948,0.1964671280619567,80,8.749999999999993,6.999999999999995,23,0.9477657568878001,0,0.9477657568878001,0,0.9477657568878001,0,0.9477657568878001,0,0.9477657568878001,Rossella,inner
C1EN,rossella,internal,20250521_C1EN_rossella_internal.csv,1_6,17.56203991424932,1.817545749127974,0.07464492474667107,0.17576825186183467,80,8.749999999999993,6.999999999999995,44,3.893591980646749,12,3.893591980646749,6,3.893591980646749,2,3.893591980646749,1,3.893591980646749,Rossella,inner
C1EN,rossella,internal,20250521_C1EN_rossella_internal.csv,1_7,12.952651248951213,1.9951246628093247,0.05648498324730754,0.18709445728147164,80,8.749999999999993,6.999999999999995,56,1.9772165423445052,18,1.9772165423445052,5,1.9772165423445052,0,1.9772165423445052,0,1.9772165423445052,Rossella,inner
C1EN,rossella,internal,20250521_C1EN_rossella_internal.csv,1_8,12.605213341618526,0.8335968167708657,0.040846756030237345,0.09643454666796701,80,8.749999999999993,6.999999999999995,35,2.0111785572841976,6,2.0111785572841976,4,2.0111785572841976,1,2.0111785572841976,0,2.0111785572841976,Rossella,inner
C1EN,rossella,internal,20250521_C1EN_rossella_internal.csv,1_9,20.842237371759555,11.168768651914403,0.061214806650678105,0.13360761018456827,80,8.749999999999993,6.999999999999995,72,46.643430034762254,62,46.643430034762254,60,46.643430034762254,57,46.643430034762254,48,46.643430034762254,Rossella,inner
C1EN,rossella,internal,20250521_C1EN_rossella_internal.csv,1_10,12.860072523144902,0.5759263703702234,0.04130896307254467,0.10292157524570342,80,8.749999999999993,6.999999999999995,4,0.6919974015549696,0,0.6919974015549696,0,0.6919974015549696,0,0.6919974015549696,0,0.6919974015549696,Rossella,inner
T1E,crosil42,external,20250428_T1E_crosil42_external.csv,1_1,5.407819797487937,0.38160346664512257,0.06868486170968387,0.14958667166856285,80,4.999999999999996,3.9999999999999964,5,2.361413406373411,3,2.361413406373411,2,2.361413406373411,1,2.361413406373411,0,2.361413406373411,Crosil 42,outer
T1E,crosil42,external,20250428_T1E_crosil42_external.csv,1_2,5.401876293309683,0.20771426908859036,0.059794799038778594,0.14351382167147483,80,4.999999999999996,3.9999999999999964,1,0.5909009808325233,0,0.5909009808325233,0,0.5909009808325233,0,0.5909009808325233,0,0.5909009808325233,Crosil 42,outer
T1E,crosil42,external,20250428_T1E_crosil42_external.csv,1_3,5.9901860828715865,3.48337931122727,0.06575255346771934,0.14177320879208674,80,4.999999999999996,3.9999999999999964,13,17.666528401151773,12,17.666528401151773,9,17.666528401151773,7,17.666528401151773,7,17.666528401151773,Crosil 42,outer
T1E,crosil42,external,20250428_T1E_crosil42_external.csv,1_4,5.131132943449347,0.15856901749622093,0.06838570032844536,0.1877457823426391,80,4.999999999999996,3.9999999999999964,0,0.3019055809679462,0,0.3019055809679462,0,0.3019055809679462,0,0.3019055809679462,0,0.3019055809679462,Crosil 42,outer
T1E,crosil42,external,20250428_T1E_crosil42_external.csv,1_5,5.458033658569785,0.2084003826983957,0.08211820010254203,0.1928009592309563,80,4.999999999999996,3.9999999999999964,0,0.47022382069940305,0,0.47022382069940305,0,0.47022382069940305,0,0.47022382069940305,0,0.47022382069940305,Crosil 42,outer
T1E,crosil42,external,20250428_T1E_crosil42_external.csv,1_6,5.6233121732410085,0.19180486216856837,0.07814436939704891,0.22117087032031915,80,4.999999999999996,3.9999999999999964,0,0.23225109571902436,0,0.23225109571902436,0,0.23225109571902436,0,0.23225109571902436,0,0.23225109571902436,Crosil 42,outer
T1E,crosil42,external,20250428_T1E_crosil42_external.csv,1_7,5.536566693358052,0.3411559997850254,0.08972095387946859,0.21641342273033157,80,4.999999999999996,3.9999999999999964,6,1.0236321679597697,1,1.0236321679597697,0,1.0236321679597697,0,1.0236321679597697,0,1.0236321679597697,Crosil 42,outer
T1E,crosil42,external,20250428_T1E_crosil42_external.csv,1_8,5.0932097286657125,0.12507913188955672,0.06827667783360161,0.14389379529171573,80,4.999999999999996,3.9999999999999964,0,0.3823688376697901,0,0.3823688376697901,0,0.3823688376697901,0,0.3823688376697901,0,0.3823688376697901,Crosil 42,outer
T1E,crosil42,external,20250428_T1E_crosil42_external.csv,1_9,4.003719973329923,0.1710949465279514,0.08087690075813175,0.20193919530710758,45,4.999999999999996,3.9999999999999964,0,0.5161491051577551,0,0.5161491051577551,0,0.5161491051577551,0,0.5161491051577551,0,0.5161491051577551,Crosil 42,outer
T1E,crosil42,external,20250428_T1E_crosil42_external.csv,1_10,5.7412688209925395,0.19967304623048707,0.059729088816381136,0.14186037175426985,80,4.999999999999996,3.9999999999999964,3,0.7267414423435592,0,0.7267414423435592,0,0.7267414423435592,0,0.7267414423435592,0,0.7267414423435592,Crosil 42,outer
T1E,crosil42,internal,20250425_T1E_crosil42_internal.csv,1_1,5.22866503632027,0.20843628064125272,0.08618439087494911,0.22109187244568548,80,8.749999999999993,6.999999999999995,0,0.40813472085412805,0,0.40813472085412805,0,0.40813472085412805,0,0.40813472085412805,0,0.40813472085412805,Crosil 42,inner
T1E,crosil42,internal,20250425_T1E_crosil42_internal.csv,1_2,3.336591516950913,0.17575028151087943,0.0736879420890104,0.17507289522988856,80,8.749999999999993,6.999999999999995,0,0.3890397677353743,0,0.3890397677353743,0,0.3890397677353743,0,0.3890397677353743,0,0.3890397677353743,Crosil 42,inner
T1E,crosil42,internal,20250425_T1E_crosil42_internal.csv,1_3,4.341940735705883,0.2722787680478873,0.07444337433654409,0.15536177279818164,80,8.749999999999993,6.999999999999995,0,0.33168085592188423,0,0.33168085592188423,0,0.33168085592188423,0,0.33168085592188423,0,0.33168085592188423,Crosil 42,inner
T1E,crosil42,internal,20250425_T1E_crosil42_internal.csv,1_4,4.21461737906834,0.17626588993428385,0.0745798201202169,0.20986176640196452,80,8.749999999999993,6.999999999999995,1,0.597762389733407,0,0.597762389733407,0,0.597762389733407,0,0.597762389733407,0,0.597762389733407,Crosil 42,inner
T1E,crosil42,internal,20250425_T1E_crosil42_internal.csv,1_5,3.5438577718216484,0.39877591902542253,0.10197014304704341,0.22191841152797223,80,8.749999999999993,6.999999999999995,3,0.6665095992419136,0,0.6665095992419136,0,0.6665095992419136,0,0.6665095992419136,0,0.6665095992419136,Crosil 42,inner
T1E,crosil42,internal,20250425_T1E_crosil42_internal.csv,1_6,3.4788340474100954,0.32033917775391924,0.04765852667175181,0.12066884501435934,80,8.749999999999993,6.999999999999995,3,0.5701507678278838,0,0.5701507678278838,0,0.5701507678278838,0,0.5701507678278838,0,0.5701507678278838,Crosil 42,inner
T1E,crosil42,internal,20250425_T1E_crosil42_internal.csv,1_7,4.655671323718483,0.12637256790230816,0.06512733706237378,0.16057084364986865,80,8.749999999999993,6.999999999999995,0,0.33927501776282243,0,0.33927501776282243,0,0.33927501776282243,0,0.33927501776282243,0,0.33927501776282243,Crosil 42,inner
T1E,crosil42,internal,20250425_T1E_crosil42_internal.csv,1_8,5.05712692732175,0.1687976189546353,0.07264325374180085,0.15537421077663413,80,8.749999999999993,6.999999999999995,0,0.3717820771882263,0,0.3717820771882263,0,0.3717820771882263,0,0.3717820771882263,0,0.3717820771882263,Crosil 42,inner
T1E,crosil42,internal,20250425_T1E_crosil42_internal.csv,1_9,4.702364319039716,0.1833265391321382,0.08716433911781366,0.22674691813092274,80,8.749999999999993,6.999999999999995,0,0.375015336383535,0,0.375015336383535,0,0.375015336383535,0,0.375015336383535,0,0.375015336383535,Crosil 42,inner
T1E,crosil42,internal,20250425_T1E_crosil42_internal.csv,1_10,4.67889812728306,0.3296519721030793,0.05167663178593081,0.13870636042875975,80,8.749999999999993,6.999999999999995,0,0.39289109926527455,0,0.39289109926527455,0,0.39289109926527455,0,0.39289109926527455,0,0.39289109926527455,Crosil 42,inner
T1E,dolpap,external,20250430_T1E_dolpap_external.csv,1_1,4.948693325662626,0.15664123235117813,0.09637190428730101,0.2737507589529675,80,7.499999999999994,5.999999999999996,2,0.5990343001760539,0,0.5990343001760539,0,0.5990343001760539,0,0.5990343001760539,0,0.5990343001760539,Dolpap,outer
T1E,dolpap,external,20250430_T1E_dolpap_external.csv,1_2,5.365387011909743,0.5844018254832964,0.058486195344860464,0.12125555030761785,80,7.499999999999994,5.999999999999996,15,2.8865560655339,5,2.8865560655339,1,2.8865560655339,1,2.8865560655339,0,2.8865560655339,Dolpap,outer
T1E,dolpap,external,20250430_T1E_dolpap_external.csv,1_3,5.6672608498584,0.3855328605972193,0.04926659447168604,0.13464695886718303,80,7.499999999999994,5.999999999999996,5,0.7215248029930967,0,0.7215248029930967,0,0.7215248029930967,0,0.7215248029930967,0,0.7215248029930967,Dolpap,outer
T1E,dolpap,external,20250430_T1E_dolpap_external.csv,1_4,5.281450363484418,0.29093501106317815,0.08303617077575264,0.2192914196858054,80,7.499999999999994,5.999999999999996,7,1.1492362521741386,2,1.1492362521741386,0,1.1492362521741386,0,1.1492362521741386,0,1.1492362521741386,Dolpap,outer
T1E,dolpap,external,20250430_T1E_dolpap_external.csv,1_5,5.306080094917015,0.08273278565979808,0.050799931064002775,0.13508053859605948,80,7.499999999999994,5.999999999999996,0,0.2321334848973164,0,0.2321334848973164,0,0.2321334848973164,0,0.2321334848973164,0,0.2321334848973164,Dolpap,outer
T1E,dolpap,external,20250430_T1E_dolpap_external.csv,1_6,5.913772217864401,0.25783457717738956,0.05907531057701772,0.1539552772654491,80,7.499999999999994,5.999999999999996,0,0.4586800149483934,0,0.4586800149483934,0,0.4586800149483934,0,0.4586800149483934,0,0.4586800149483934,Dolpap,outer
T1E,dolpap,external,20250430_T1E_dolpap_external.csv,1_7,5.119013559618308,0.1633387783032281,0.05784520914303721,0.14448891037845854,80,7.499999999999994,5.999999999999996,2,0.7214920579172113,0,0.7214920579172113,0,0.7214920579172113,0,0.7214920579172113,0,0.7214920579172113,Dolpap,outer
T1E,dolpap,external,20250430_T1E_dolpap_external.csv,1_8,5.375628029721616,0.20840847066482238,0.07621838312378856,0.1638884963523542,80,7.499999999999994,5.999999999999996,1,0.5201925271818175,0,0.5201925271818175,0,0.5201925271818175,0,0.5201925271818175,0,0.5201925271818175,Dolpap,outer
T1E,dolpap,external,20250430_T1E_dolpap_external.csv,1_9,5.395720339421231,1.6551497573742024,0.06036681281979184,0.13983311212347566,80,7.499999999999994,5.999999999999996,13,9.331162496204385,7,9.331162496204385,6,9.331162496204385,4,9.331162496204385,1,9.331162496204385,Dolpap,outer
T1E,dolpap,external,20250430_T1E_dolpap_external.csv,1_10,5.357331192350594,0.5697052776097367,0.06095026211464902,0.17789927032887037,80,7.499999999999994,5.999999999999996,11,3.39140266004868,2,3.39140266004868,2,3.39140266004868,1,3.39140266004868,1,3.39140266004868,Dolpap,outer
T1E,dolpap,internal,20250505_T1E_dolpap_internal.csv,1_1,6.228168085897199,0.8356329342824663,0.05133660469296414,0.12818658282272097,80,4.999999999999996,3.9999999999999964,35,4.406476846245057,6,4.406476846245057,5,4.406476846245057,3,4.406476846245057,2,4.406476846245057,Dolpap,inner
T1E,dolpap,internal,20250505_T1E_dolpap_internal.csv,1_2,5.782261871098813,0.2619065014107437,0.06187339541896459,0.13450333284962054,80,4.999999999999996,3.9999999999999964,0,0.40223596263416483,0,0.40223596263416483,0,0.40223596263416483,0,0.40223596263416483,0,0.40223596263416483,Dolpap,inner
T1E,dolpap,internal,20250505_T1E_dolpap_internal.csv,1_3,5.62952750740161,0.9220272336418722,0.0653794254236818,0.16794517711857374,80,4.999999999999996,3.9999999999999964,5,4.92059784619615,4,4.92059784619615,2,4.92059784619615,1,4.92059784619615,1,4.92059784619615,Dolpap,inner
T1E,dolpap,internal,20250505_T1E_dolpap_internal.csv,1_4,7.002744381076307,0.45424229124320914,0.06446745138089087,0.15085168986116043,80,4.999999999999996,3.9999999999999964,2,0.5702872514319924,0,0.5702872514319924,0,0.5702872514319924,0,0.5702872514319924,0,0.5702872514319924,Dolpap,inner
T1E,dolpap,internal,20250505_T1E_dolpap_internal.csv,1_5,4.487885970759549,2.5161110949065955,0.08160842349361146,0.29659834719858896,80,4.999999999999996,3.9999999999999964,14,6.026907225251348,5,6.026907225251348,4,6.026907225251348,4,6.026907225251348,3,6.026907225251348,Dolpap,inner
T1E,dolpap,internal,20250505_T1E_dolpap_internal.csv,1_6,6.817309224307998,1.085251949529748,0.06003062713980822,0.1573456471479328,80,4.999999999999996,3.9999999999999964,21,3.0018316875929987,6,3.0018316875929987,4,3.0018316875929987,2,3.0018316875929987,1,3.0018316875929987,Dolpap,inner
T1E,dolpap,internal,20250505_T1E_dolpap_internal.csv,1_7,5.523681696354002,0.3598723647686956,0.05838952123579476,0.12468764443813558,80,4.999999999999996,3.9999999999999964,0,0.24607044372786588,0,0.24607044372786588,0,0.24607044372786588,0,0.24607044372786588,0,0.24607044372786588,Dolpap,inner
T1E,dolpap,internal,20250505_T1E_dolpap_internal.csv,1_8,5.738363494625329,0.13257640396747739,0.06446928152450893,0.18685392564320938,80,4.999999999999996,3.9999999999999964,0,0.33156224696557907,0,0.33156224696557907,0,0.33156224696557907,0,0.33156224696557907,0,0.33156224696557907,Dolpap,inner
T1E,dolpap,internal,20250505_T1E_dolpap_internal.csv,1_9,6.70053425520026,0.6733783627728283,0.07013168164804884,0.1626637072065402,80,4.999999999999996,3.9999999999999964,23,1.872685592789898,3,1.872685592789898,2,1.872685592789898,0,1.872685592789898,0,1.872685592789898,Dolpap,inner
T1E,dolpap,internal,20250505_T1E_dolpap_internal.csv,1_10,6.20881186494923,0.7522637635016278,0.052941738211439285,0.14834907810161993,80,4.999999999999996,3.9999999999999964,21,1.781751121573791,6,1.781751121573791,3,1.781751121573791,0,1.781751121573791,0,1.781751121573791,Dolpap,inner
T1E,rossella,external,20250423_T1E_rossella_external.csv,1_1,8.980307311966866,0.5769584931370719,0.07626979961954697,0.20439592887158653,58,7.38636363636363,5.909090909090904,33,1.711409521693953,6,1.711409521693953,2,1.711409521693953,0,1.711409521693953,0,1.711409521693953,Rossella,outer
T1E,rossella,external,20250423_T1E_rossella_external.csv,1_2,8.349832342159983,0.5408742511947128,0.08130401689612778,0.2129649591470155,80,7.38636363636363,5.909090909090904,20,0.9142052191172284,0,0.9142052191172284,0,0.9142052191172284,0,0.9142052191172284,0,0.9142052191172284,Rossella,outer
T1E,rossella,external,20250423_T1E_rossella_external.csv,1_3,9.289113080189189,0.4152728743246809,0.08615539033816576,0.18501881113777707,55,7.38636363636363,5.909090909090904,10,0.8192107398158135,0,0.8192107398158135,0,0.8192107398158135,0,0.8192107398158135,0,0.8192107398158135,Rossella,outer
T1E,rossella,external,20250423_T1E_rossella_external.csv,1_4,9.762487254396156,0.25965366273937784,0.046782231702141304,0.1391507951868992,80,7.38636363636363,5.909090909090904,0,0.3913782816897457,0,0.3913782816897457,0,0.3913782816897457,0,0.3913782816897457,0,0.3913782816897457,Rossella,outer
T1E,rossella,external,20250423_T1E_rossella_external.csv,1_5,9.234171123620358,0.3795510851145681,0.05883224957393201,0.12407773795161653,80,7.38636363636363,5.909090909090904,17,1.0113430549649611,1,1.0113430549649611,0,1.0113430549649611,0,1.0113430549649611,0,1.0113430549649611,Rossella,outer
T1E,rossella,external,20250423_T1E_rossella_external.csv,1_6,10.025363716373365,0.43014444758750864,0.052856660105094544,0.11059444043149745,80,7.38636363636363,5.909090909090904,4,0.9021639345197328,0,0.9021639345197328,0,0.9021639345197328,0,0.9021639345197328,0,0.9021639345197328,Rossella,outer
T1E,rossella,external,20250423_T1E_rossella_external.csv,1_7,9.891169592944406,0.321910233421194,0.04200199032974007,0.12458610392881062,80,7.38636363636363,5.909090909090904,6,0.9425639022901486,0,0.9425639022901486,0,0.9425639022901486,0,0.9425639022901486,0,0.9425639022901486,Rossella,outer
T1E,rossella,external,20250423_T1E_rossella_external.csv,1_8,9.049776869637375,0.312999101977658,0.0528246345520199,0.1270576557508602,80,7.38636363636363,5.909090909090904,3,0.6337154508089846,0,0.6337154508089846,0,0.6337154508089846,0,0.6337154508089846,0,0.6337154508089846,Rossella,outer
T1E,rossella,external,20250423_T1E_rossella_external.csv,1_9,9.979725099062382,0.6237529166717263,0.06456651613407281,0.15761098676827234,80,7.38636363636363,5.909090909090904,12,1.3154400802471808,3,1.3154400802471808,0,1.3154400802471808,0,1.3154400802471808,0,1.3154400802471808,Rossella,outer
T1E,rossella,external,20250423_T1E_rossella_external.csv,1_10,9.293620352458317,0.3121756102818615,0.04170940636659221,0.11614287765893275,80,7.38636363636363,5.909090909090904,11,0.8162607468677779,0,0.8162607468677779,0,0.8162607468677779,0,0.8162607468677779,0,0.8162607468677779,Rossella,outer
T1E,rossella,internal,20250417_T1E_rossella_internal.csv,1_1,9.938834283327735,0.8545931903039117,0.09292942952826157,0.2531006189648801,80,19.374999999999982,15.499999999999986,85,4.527577421927026,24,4.527577421927026,10,4.527577421927026,4,4.527577421927026,2,4.527577421927026,Rossella,inner
T1E,rossella,internal,20250417_T1E_rossella_internal.csv,1_2,9.006749571663583,1.8175317797428616,0.093149791732338,0.26156535014270343,80,19.374999999999982,15.499999999999986,91,8.58847683405495,46,8.58847683405495,17,8.58847683405495,6,8.58847683405495,4,8.58847683405495,Rossella,inner
T1E,rossella,internal,20250417_T1E_rossella_internal.csv,1_3,9.132074718791777,1.1044520144559695,0.07726657352908949,0.17755976568437531,80,19.374999999999982,15.499999999999986,89,4.48772694734016,37,4.48772694734016,22,4.48772694734016,6,4.48772694734016,3,4.48772694734016,Rossella,inner
T1E,rossella,internal,20250417_T1E_rossella_internal.csv,1_4,8.352861898686538,0.3163293845224587,0.08626700387986488,0.19354567533732947,80,19.374999999999982,15.499999999999986,18,0.9484535755727872,0,0.9484535755727872,0,0.9484535755727872,0,0.9484535755727872,0,0.9484535755727872,Rossella,inner
T1E,rossella,internal,20250417_T1E_rossella_internal.csv,1_5,9.428407694401146,1.1734764790868595,0.05062181110930589,0.13339014295825788,80,19.374999999999982,15.499999999999986,145,5.725345656808948,65,5.725345656808948,21,5.725345656808948,13,5.725345656808948,5,5.725345656808948,Rossella,inner
T1E,rossella,internal,20250417_T1E_rossella_internal.csv,1_6,9.11438289083533,1.2648615699408932,0.08328400247245893,0.17568411638260936,80,19.374999999999982,15.499999999999986,25,0.823280910088743,0,0.823280910088743,0,0.823280910088743,0,0.823280910088743,0,0.823280910088743,Rossella,inner
T1E,rossella,internal,20250417_T1E_rossella_internal.csv,1_7,7.134022159351858,0.2768176319264582,0.061607786942007234,0.1728663243612597,80,19.374999999999982,15.499999999999986,3,0.7407621206521275,0,0.7407621206521275,0,0.7407621206521275,0,0.7407621206521275,0,0.7407621206521275,Rossella,inner
T1E,rossella,internal,20250417_T1E_rossella_internal.csv,1_8,9.432716446700315,2.604689440662797,0.06444420487117747,0.15164003549145122,80,19.374999999999982,15.499999999999986,87,13.651894417104446,64,13.651894417104446,32,13.651894417104446,25,13.651894417104446,7,13.651894417104446,Rossella,inner
T1E,rossella,internal,20250417_T1E_rossella_internal.csv,1_9,9.832409768881128,1.3264913636625772,0.15829998255584135,0.5682159074961718,80,19.374999999999982,15.499999999999986,78,6.907242782627207,31,6.907242782627207,13,6.907242782627207,7,6.907242782627207,4,6.907242782627207,Rossella,inner
T1E,rossella,internal,20250417_T1E_rossella_internal.csv,1_10,8.397413522415913,0.5194393282695242,0.06470227072226463,0.1366658111052568,80,19.374999999999982,15.499999999999986,48,1.4660502765006147,11,1.4660502765006147,2,1.4660502765006147,0,1.4660502765006147,0,1.4660502765006147,Rossella,inner
T1EN,crosil42,external,20250514_T1EN_crosil42_external.csv,1_1,8.685234479864004,0.3366104715864072,0.06700425096687597,0.17132764566999653,80,29.99999999999997,23.99999999999998,21,0.8158723673308554,0,0.8158723673308554,0,0.8158723673308554,0,0.8158723673308554,0,0.8158723673308554,Crosil 42,outer
T1EN,crosil42,external,20250514_T1EN_crosil42_external.csv,1_2,9.102567034432317,0.4214197677837326,0.0864801062697337,0.2090740194397215,80,29.99999999999997,23.99999999999998,35,0.79193772773387,0,0.79193772773387,0,0.79193772773387,0,0.79193772773387,0,0.79193772773387,Crosil 42,outer
T1EN,crosil42,external,20250514_T1EN_crosil42_external.csv,1_3,7.147990471920234,0.637266021532976,0.06356502127763235,0.16546240909657853,80,29.99999999999997,23.99999999999998,3,0.642858743348243,0,0.642858743348243,0,0.642858743348243,0,0.642858743348243,0,0.642858743348243,Crosil 42,outer
T1EN,crosil42,external,20250514_T1EN_crosil42_external.csv,1_4,8.77479232205015,0.40628573924326716,0.06445895088732964,0.1984852611228674,80,29.99999999999997,23.99999999999998,7,0.6914523093819486,0,0.6914523093819486,0,0.6914523093819486,0,0.6914523093819486,0,0.6914523093819486,Crosil 42,outer
T1EN,crosil42,external,20250514_T1EN_crosil42_external.csv,1_5,8.239645624130027,0.2698163207400268,0.07183370753420383,0.22540312498607404,80,29.99999999999997,23.99999999999998,18,0.787225870152479,0,0.787225870152479,0,0.787225870152479,0,0.787225870152479,0,0.787225870152479,Crosil 42,outer
T1EN,crosil42,external,20250514_T1EN_crosil42_external.csv,1_6,7.508518226278298,0.3880546009342041,0.08951151232415885,0.19029894252268684,80,29.99999999999997,23.99999999999998,8,0.6021110261821159,0,0.6021110261821159,0,0.6021110261821159,0,0.6021110261821159,0,0.6021110261821159,Crosil 42,outer
T1EN,crosil42,external,20250514_T1EN_crosil42_external.csv,1_7,8.247570055677562,0.29207384974084705,0.06707028105255192,0.15895743279565983,80,29.99999999999997,23.99999999999998,20,1.8257792586357486,2,1.8257792586357486,2,1.8257792586357486,0,1.8257792586357486,0,1.8257792586357486,Crosil 42,outer
T1EN,crosil42,external,20250514_T1EN_crosil42_external.csv,1_8,8.282361446873866,1.3015599457091158,0.051028327362073383,0.12316340700884482,80,29.99999999999997,23.99999999999998,59,13.080225305477121,20,13.080225305477121,1,13.080225305477121,1,13.080225305477121,1,13.080225305477121,Crosil 42,outer
T1EN,crosil42,external,20250514_T1EN_crosil42_external.csv,1_9,8.86584434658397,0.5271659895058249,0.09379821204058884,0.2801527751543219,80,29.99999999999997,23.99999999999998,74,0.9632920363869507,0,0.9632920363869507,0,0.9632920363869507,0,0.9632920363869507,0,0.9632920363869507,Crosil 42,outer
T1EN,crosil42,external,20250514_T1EN_crosil42_external.csv,1_10,9.638349415281793,0.6632273031838488,0.058542145296770765,0.13697491604551193,80,29.99999999999997,23.99999999999998,137,1.8209215770734004,22,1.8209215770734004,5,1.8209215770734004,0,1.8209215770734004,0,1.8209215770734004,Crosil 42,outer
T1EN,crosil42,internal,20250514_T1EN_crosil42_internal.csv,1_1,8.685234479864004,0.3366104715864072,0.06700425096687597,0.17132764566999653,80,29.99999999999997,23.99999999999998,21,0.8158723673308554,0,0.8158723673308554,0,0.8158723673308554,0,0.8158723673308554,0,0.8158723673308554,Crosil 42,inner
T1EN,crosil42,internal,20250514_T1EN_crosil42_internal.csv,1_2,9.102567034432317,0.4214197677837326,0.0864801062697337,0.2090740194397215,80,29.99999999999997,23.99999999999998,35,0.79193772773387,0,0.79193772773387,0,0.79193772773387,0,0.79193772773387,0,0.79193772773387,Crosil 42,inner
T1EN,crosil42,internal,20250514_T1EN_crosil42_internal.csv,1_3,7.147990471920234,0.637266021532976,0.06356502127763235,0.16546240909657853,80,29.99999999999997,23.99999999999998,3,0.642858743348243,0,0.642858743348243,0,0.642858743348243,0,0.642858743348243,0,0.642858743348243,Crosil 42,inner
T1EN,crosil42,internal,20250514_T1EN_crosil42_internal.csv,1_4,8.77479232205015,0.40628573924326716,0.06445895088732964,0.1984852611228674,80,29.99999999999997,23.99999999999998,7,0.6914523093819486,0,0.6914523093819486,0,0.6914523093819486,0,0.6914523093819486,0,0.6914523093819486,Crosil 42,inner
T1EN,crosil42,internal,20250514_T1EN_crosil42_internal.csv,1_5,8.239645624130027,0.2698163207400268,0.07183370753420383,0.22540312498607404,80,29.99999999999997,23.99999999999998,18,0.787225870152479,0,0.787225870152479,0,0.787225870152479,0,0.787225870152479,0,0.787225870152479,Crosil 42,inner
T1EN,crosil42,internal,20250514_T1EN_crosil42_internal.csv,1_6,7.508518226278298,0.3880546009342041,0.08951151232415885,0.19029894252268684,80,29.99999999999997,23.99999999999998,8,0.6021110261821159,0,0.6021110261821159,0,0.6021110261821159,0,0.6021110261821159,0,0.6021110261821159,Crosil 42,inner
T1EN,crosil42,internal,20250514_T1EN_crosil42_internal.csv,1_7,8.247570055677562,0.29207384974084705,0.06707028105255192,0.15895743279565983,80,29.99999999999997,23.99999999999998,20,1.8257792586357486,2,1.8257792586357486,2,1.8257792586357486,0,1.8257792586357486,0,1.8257792586357486,Crosil 42,inner
T1EN,crosil42,internal,20250514_T1EN_crosil42_internal.csv,1_8,8.282361446873866,1.3015599457091158,0.051028327362073383,0.12316340700884482,80,29.99999999999997,23.99999999999998,59,13.080225305477121,20,13.080225305477121,1,13.080225305477121,1,13.080225305477121,1,13.080225305477121,Crosil 42,inner
T1EN,crosil42,internal,20250514_T1EN_crosil42_internal.csv,1_9,8.86584434658397,0.5271659895058249,0.09379821204058884,0.2801527751543219,80,29.99999999999997,23.99999999999998,74,0.9632920363869507,0,0.9632920363869507,0,0.9632920363869507,0,0.9632920363869507,0,0.9632920363869507,Crosil 42,inner
T1EN,crosil42,internal,20250514_T1EN_crosil42_internal.csv,1_10,9.638349415281793,0.6632273031838488,0.058542145296770765,0.13697491604551193,80,29.99999999999997,23.99999999999998,137,1.8209215770734004,22,1.8209215770734004,5,1.8209215770734004,0,1.8209215770734004,0,1.8209215770734004,Crosil 42,inner
T1EN,dolpap,external,20250516_T1EN_dolpap_external.csv,1_1,6.932032649473899,0.2127858575589904,0.08128526360814435,0.18631915796237025,80,22.49999999999998,17.999999999999982,0,0.4991769102117821,0,0.4991769102117821,0,0.4991769102117821,0,0.4991769102117821,0,0.4991769102117821,Dolpap,outer
T1EN,dolpap,external,20250516_T1EN_dolpap_external.csv,1_2,9.563337596472074,1.4389164163090702,0.2055378822764007,0.47631998944356113,80,22.49999999999998,17.999999999999982,80,1.6346720438371127,16,1.6346720438371127,3,1.6346720438371127,0,1.6346720438371127,0,1.6346720438371127,Dolpap,outer
T1EN,dolpap,external,20250516_T1EN_dolpap_external.csv,1_3,8.125794592355215,0.24778884043093768,0.09117313393495735,0.22209269001701673,80,22.49999999999998,17.999999999999982,1,0.5071253523898284,0,0.5071253523898284,0,0.5071253523898284,0,0.5071253523898284,0,0.5071253523898284,Dolpap,outer
T1EN,dolpap,external,20250516_T1EN_dolpap_external.csv,1_4,9.644985759080498,0.9387775622349724,0.07964389267828013,0.21831437264446715,80,22.49999999999998,17.999999999999982,69,1.4459310313160416,8,1.4459310313160416,1,1.4459310313160416,0,1.4459310313160416,0,1.4459310313160416,Dolpap,outer
T1EN,dolpap,external,20250516_T1EN_dolpap_external.csv,1_5,8.712034415743002,0.3896457007099804,0.08655834378775917,0.22481457693010656,80,22.49999999999998,17.999999999999982,10,0.7749174104312223,0,0.7749174104312223,0,0.7749174104312223,0,0.7749174104312223,0,0.7749174104312223,Dolpap,outer
T1EN,dolpap,external,20250516_T1EN_dolpap_external.csv,1_6,8.588717458194045,1.4045576993497162,0.07815504638762408,0.1852064430203726,80,22.49999999999998,17.999999999999982,78,2.2591584944716665,15,2.2591584944716665,6,2.2591584944716665,1,2.2591584944716665,0,2.2591584944716665,Dolpap,outer
T1EN,dolpap,external,20250516_T1EN_dolpap_external.csv,1_7,7.1744318754773255,0.4081583366908663,0.07139146825952687,0.1734864923786254,80,22.49999999999998,17.999999999999982,45,0.8119533125289082,0,0.8119533125289082,0,0.8119533125289082,0,0.8119533125289082,0,0.8119533125289082,Dolpap,outer
T1EN,dolpap,external,20250516_T1EN_dolpap_external.csv,1_8,8.566798005423042,0.2293763886161241,0.06505938562103178,0.15847205936921063,80,22.49999999999998,17.999999999999982,4,0.6523472442016981,0,0.6523472442016981,0,0.6523472442016981,0,0.6523472442016981,0,0.6523472442016981,Dolpap,outer
T1EN,dolpap,external,20250516_T1EN_dolpap_external.csv,1_9,8.171304010296,0.6167227645299411,0.07981209053982072,0.24883657965660996,80,22.49999999999998,17.999999999999982,59,1.2660786526617716,1,1.2660786526617716,0,1.2660786526617716,0,1.2660786526617716,0,1.2660786526617716,Dolpap,outer
T1EN,dolpap,external,20250516_T1EN_dolpap_external.csv,1_10,8.067874749950171,1.10949060466081,0.07342699575692618,0.16855896907949902,80,22.49999999999998,17.999999999999982,62,1.2375305914324355,4,1.2375305914324355,0,1.2375305914324355,0,1.2375305914324355,0,1.2375305914324355,Dolpap,outer
T1EN,dolpap,internal,20250516_T1EN_dolpap_internal.csv,1_1,8.674808583090881,0.44977255779928926,0.07730751885907627,0.1975233244682827,80,16.249999999999986,12.99999999999999,0,0.47336160899326823,0,0.47336160899326823,0,0.47336160899326823,0,0.47336160899326823,0,0.47336160899326823,Dolpap,inner
T1EN,dolpap,internal,20250516_T1EN_dolpap_internal.csv,1_2,6.539807359713411,0.40990471367524495,0.11279664750636524,0.3159616543503274,80,16.249999999999986,12.99999999999999,18,3.967641642498085,2,3.967641642498085,1,3.967641642498085,1,3.967641642498085,1,3.967641642498085,Dolpap,inner
T1EN,dolpap,internal,20250516_T1EN_dolpap_internal.csv,1_3,6.823302670138334,0.29584413203563825,0.08752521310659772,0.25487946165459696,80,16.249999999999986,12.99999999999999,3,0.5820183402212326,0,0.5820183402212326,0,0.5820183402212326,0,0.5820183402212326,0,0.5820183402212326,Dolpap,inner
T1EN,dolpap,internal,20250516_T1EN_dolpap_internal.csv,1_4,5.913703422833567,0.26106738599010826,0.043214099182975585,0.12706599080856718,80,16.249999999999986,12.99999999999999,0,0.33996140864455265,0,0.33996140864455265,0,0.33996140864455265,0,0.33996140864455265,0,0.33996140864455265,Dolpap,inner
T1EN,dolpap,internal,20250516_T1EN_dolpap_internal.csv,1_5,9.684155904129119,1.6959084291139528,0.05376067490945269,0.14002092811968236,80,16.249999999999986,12.99999999999999,49,2.7025324147880156,14,2.7025324147880156,8,2.7025324147880156,4,2.7025324147880156,0,2.7025324147880156,Dolpap,inner
T1EN,dolpap,internal,20250516_T1EN_dolpap_internal.csv,1_6,8.1706315498375,0.25288733217006526,0.056627286592370714,0.18028349450721148,80,16.249999999999986,12.99999999999999,20,0.736691933864654,0,0.736691933864654,0,0.736691933864654,0,0.736691933864654,0,0.736691933864654,Dolpap,inner
T1EN,dolpap,internal,20250516_T1EN_dolpap_internal.csv,1_7,7.562086994842346,0.2523708534861885,0.05784033641349814,0.131602897931852,80,16.249999999999986,12.99999999999999,0,0.4458074230896253,0,0.4458074230896253,0,0.4458074230896253,0,0.4458074230896253,0,0.4458074230896253,Dolpap,inner
T1EN,dolpap,internal,20250516_T1EN_dolpap_internal.csv,1_8,6.42509584706256,0.32024570061701346,0.06443409103543936,0.17067414462805647,80,16.249999999999986,12.99999999999999,1,0.7036964557338217,0,0.7036964557338217,0,0.7036964557338217,0,0.7036964557338217,0,0.7036964557338217,Dolpap,inner
T1EN,dolpap,internal,20250516_T1EN_dolpap_internal.csv,1_9,6.578101621751623,0.20973487833782653,0.06570270400212053,0.1651254804020077,80,16.249999999999986,12.99999999999999,1,0.5538202469629896,0,0.5538202469629896,0,0.5538202469629896,0,0.5538202469629896,0,0.5538202469629896,Dolpap,inner
T1EN,dolpap,internal,20250516_T1EN_dolpap_internal.csv,1_10,5.736505501527326,0.1771518211522735,0.06279511932736605,0.15764884677803823,80,16.249999999999986,12.99999999999999,0,0.4714872714591187,0,0.4714872714591187,0,0.4714872714591187,0,0.4714872714591187,0,0.4714872714591187,Dolpap,inner
T1EN,rossella,external,20250512_T1EN_rossella_external.csv,1_1,22.011678543463812,2.15929996893685,0.04814720172250987,0.10199563019884761,80,8.124999999999993,6.499999999999995,82,3.69323006976541,33,3.69323006976541,14,3.69323006976541,5,3.69323006976541,2,3.69323006976541,Rossella,outer
T1EN,rossella,external,20250512_T1EN_rossella_external.csv,1_2,26.85956795871119,8.937760375119561,0.0662640420308819,0.1543540119617608,80,8.124999999999993,6.499999999999995,88,11.142022089372498,58,11.142022089372498,47,11.142022089372498,24,11.142022089372498,17,11.142022089372498,Rossella,outer
T1EN,rossella,external,20250512_T1EN_rossella_external.csv,1_3,19.56644990206087,2.1316837053572226,0.058115339807650476,0.15277773299705588,80,8.124999999999993,6.499999999999995,90,7.421268055143041,47,7.421268055143041,29,7.421268055143041,13,7.421268055143041,7,7.421268055143041,Rossella,outer
T1EN,rossella,external,20250512_T1EN_rossella_external.csv,1_4,41.06411423143238,3.510500192449987,0.04898891318763011,0.1271580783459712,80,8.124999999999993,6.499999999999995,88,8.278248312549696,70,8.278248312549696,51,8.278248312549696,39,8.278248312549696,14,8.278248312549696,Rossella,outer
T1EN,rossella,external,20250512_T1EN_rossella_external.csv,1_5,31.429803509052416,1.51319932515461,0.04569002135364539,0.09215839459648113,80,8.124999999999993,6.499999999999995,72,5.567629934020646,37,5.567629934020646,16,5.567629934020646,6,5.567629934020646,1,5.567629934020646,Rossella,outer
T1EN,rossella,external,20250512_T1EN_rossella_external.csv,1_6,36.96697623770952,2.767539298811898,0.04985250366982556,0.13394978415196868,80,8.124999999999993,6.499999999999995,104,3.4500777026725657,65,3.4500777026725657,27,3.4500777026725657,11,3.4500777026725657,4,3.4500777026725657,Rossella,outer
T1EN,rossella,external,20250512_T1EN_rossella_external.csv,1_7,16.987070676629575,2.17423345634447,0.053278484737188526,0.14466752684228842,80,8.124999999999993,6.499999999999995,44,4.484755635160517,18,4.484755635160517,11,4.484755635160517,5,4.484755635160517,2,4.484755635160517,Rossella,outer
T1EN,rossella,external,20250512_T1EN_rossella_external.csv,1_8,13.294041853462272,1.1831362393919822,0.06522483938476131,0.16621882838162944,80,8.124999999999993,6.499999999999995,13,1.4784152552426155,1,1.4784152552426155,1,1.4784152552426155,0,1.4784152552426155,0,1.4784152552426155,Rossella,outer
T1EN,rossella,external,20250512_T1EN_rossella_external.csv,1_9,32.37870865999077,6.043873652547684,0.058722356641997396,0.1624100399110622,80,8.124999999999993,6.499999999999995,80,3.168653805731708,37,3.168653805731708,22,3.168653805731708,9,3.168653805731708,1,3.168653805731708,Rossella,outer
T1EN,rossella,external,20250512_T1EN_rossella_external.csv,1_10,18.690921424705532,4.013123835296449,0.07465319028730141,0.19184359668279663,80,8.124999999999993,6.499999999999995,78,8.048704576475046,39,8.048704576475046,23,8.048704576475046,15,8.048704576475046,9,8.048704576475046,Rossella,outer
T1EN,rossella,internal,20250514_T1EN_rossella_internal.csv,1_1,19.41715866931921,1.3117499658974052,0.09155968398563766,0.20146737274630275,80,8.749999999999993,6.999999999999995,34,1.1652015636634787,3,1.1652015636634787,0,1.1652015636634787,0,1.1652015636634787,0,1.1652015636634787,Rossella,inner
T1EN,rossella,internal,20250514_T1EN_rossella_internal.csv,1_2,19.108877407763586,1.0360022865611864,0.05871753230084818,0.15012081196945884,80,8.749999999999993,6.999999999999995,60,1.4424258300220816,12,1.4424258300220816,1,1.4424258300220816,0,1.4424258300220816,0,1.4424258300220816,Rossella,inner
T1EN,rossella,internal,20250514_T1EN_rossella_internal.csv,1_3,12.187250637011841,1.7905407537443292,0.07426560652949427,0.14882237735190498,80,8.749999999999993,6.999999999999995,37,3.9745184797976494,16,3.9745184797976494,7,3.9745184797976494,2,3.9745184797976494,1,3.9745184797976494,Rossella,inner
T1EN,rossella,internal,20250514_T1EN_rossella_internal.csv,1_4,11.40152879160632,0.8440270990452156,0.06817040771910385,0.15069125344135,80,8.749999999999993,6.999999999999995,11,0.9483880283566102,0,0.9483880283566102,0,0.9483880283566102,0,0.9483880283566102,0,0.9483880283566102,Rossella,inner
T1EN,rossella,internal,20250514_T1EN_rossella_internal.csv,1_5,10.968467258339983,0.37207622617371094,0.06450769935902616,0.17886965951856335,80,8.749999999999993,6.999999999999995,9,0.6508611857890354,0,0.6508611857890354,0,0.6508611857890354,0,0.6508611857890354,0,0.6508611857890354,Rossella,inner
T1EN,rossella,internal,20250514_T1EN_rossella_internal.csv,1_6,19.11909582603796,1.4501395122995924,0.07722522577773867,0.1686246304040508,80,8.749999999999993,6.999999999999995,37,2.7616519748620783,11,2.7616519748620783,7,2.7616519748620783,3,2.7616519748620783,0,2.7616519748620783,Rossella,inner
T1EN,rossella,internal,20250514_T1EN_rossella_internal.csv,1_7,13.614400586163663,1.0580453181885032,0.07705320955133127,0.19951617351532347,80,8.749999999999993,6.999999999999995,29,1.545728623266454,2,1.545728623266454,1,1.545728623266454,0,1.545728623266454,0,1.545728623266454,Rossella,inner
T1EN,rossella,internal,20250514_T1EN_rossella_internal.csv,1_8,21.935841282877732,1.0169547810875468,0.09042789405952131,0.21686232339704273,80,8.749999999999993,6.999999999999995,73,2.179601875294876,24,2.179601875294876,13,2.179601875294876,1,2.179601875294876,0,2.179601875294876,Rossella,inner
T1EN,rossella,internal,20250514_T1EN_rossella_internal.csv,1_9,12.726951566377135,0.4920728174683071,0.0636670801340741,0.13337732869840913,80,8.749999999999993,6.999999999999995,7,0.7692925171983639,0,0.7692925171983639,0,0.7692925171983639,0,0.7692925171983639,0,0.7692925171983639,Rossella,inner
T1EN,rossella,internal,20250514_T1EN_rossella_internal.csv,1_10,24.01694145654795,0.8317679848626371,0.06528952157611671,0.1657666620028643,80,8.749999999999993,6.999999999999995,58,1.724052818968974,18,1.724052818968974,4,1.724052818968974,0,1.724052818968974,0,1.724052818968974,Rossella,inner
T2E,crosil42,external,20250409_T2E_crosil42_external.csv,1_1,8.838585614734859,0.8185948742241598,0.07341796688869219,0.16922174350726837,80,7.407407407407401,5.925925925925921,55,2.0607781279379873,21,2.0607781279379873,4,2.0607781279379873,1,2.0607781279379873,0,2.0607781279379873,Crosil 42,outer
T2E,crosil42,external,20250409_T2E_crosil42_external.csv,1_2,8.933273855592937,0.5792895535604938,0.10365357347922553,0.20603042133407018,80,7.407407407407401,5.925925925925921,18,1.066735022650303,3,1.066735022650303,0,1.066735022650303,0,1.066735022650303,0,1.066735022650303,Crosil 42,outer
T2E,crosil42,external,20250409_T2E_crosil42_external.csv,1_3,10.079642940833809,1.0147151052300774,0.12018971099621192,0.3535229225508491,80,7.407407407407401,5.925925925925921,66,2.4477661305397413,21,2.4477661305397413,10,2.4477661305397413,3,2.4477661305397413,0,2.4477661305397413,Crosil 42,outer
T2E,crosil42,external,20250409_T2E_crosil42_external.csv,1_4,9.37399287610288,1.7954954026404795,0.06619445945546036,0.16666224184299516,80,7.407407407407401,5.925925925925921,19,11.246790576159837,11,11.246790576159837,7,11.246790576159837,2,11.246790576159837,1,11.246790576159837,Crosil 42,outer
T2E,crosil42,external,20250409_T2E_crosil42_external.csv,1_5,8.182964492175355,0.6092405433714692,0.0639045445902022,0.17268409757070086,80,7.407407407407401,5.925925925925921,12,2.2499482792759347,2,2.2499482792759347,1,2.2499482792759347,1,2.2499482792759347,0,2.2499482792759347,Crosil 42,outer
T2E,crosil42,external,20250409_T2E_crosil42_external.csv,1_6,7.3381373827558205,0.7040414634792428,0.04328795557106607,0.07118808016058839,23,7.407407407407401,5.925925925925921,28,2.352343768186771,13,2.352343768186771,4,2.352343768186771,2,2.352343768186771,0,2.352343768186771,Crosil 42,outer
T2E,crosil42,external,20250409_T2E_crosil42_external.csv,1_7,8.185856616313808,2.4337730726631004,0.08368680703554843,0.1879223748922642,30,7.407407407407401,5.925925925925921,35,12.803611408039488,22,12.803611408039488,15,12.803611408039488,7,12.803611408039488,5,12.803611408039488,Crosil 42,outer
T2E,crosil42,external,20250409_T2E_crosil42_external.csv,1_8,5.6091563367292085,1.2177033037336287,0.0531544943412029,0.14697508907758824,27,7.407407407407401,5.925925925925921,14,6.628454687557396,7,6.628454687557396,3,6.628454687557396,1,6.628454687557396,1,6.628454687557396,Crosil 42,outer
T2E,crosil42,external,20250409_T2E_crosil42_external.csv,1_9,8.256980821791547,0.2665869898724622,0.07002523421202451,0.17948872300101718,80,7.407407407407401,5.925925925925921,6,0.7511748223513179,0,0.7511748223513179,0,0.7511748223513179,0,0.7511748223513179,0,0.7511748223513179,Crosil 42,outer
T2E,crosil42,external,20250409_T2E_crosil42_external.csv,1_10,8.862952231539909,7.720547254122055,0.03543327840788699,0.08181860916862196,25,7.407407407407401,5.925925925925921,46,25.01908071916873,33,25.01908071916873,28,25.01908071916873,24,25.01908071916873,20,25.01908071916873,Crosil 42,outer
T2E,crosil42,external,20250409_T2E_crosil42_external.csv,1_11,7.895270739692608,0.20392032216564313,0.07996376668914179,0.2082279162241489,80,7.407407407407401,5.925925925925921,2,0.6013320757544016,0,0.6013320757544016,0,0.6013320757544016,0,0.6013320757544016,0,0.6013320757544016,Crosil 42,outer
T2E,crosil42,internal,20250411_T2E_crosil42_internal.csv,1_1,4.930227197521725,0.6636264367396336,0.059046830129164986,0.16372488660721696,80,10.128205128205119,8.102564102564095,1,0.7195462977619402,0,0.7195462977619402,0,0.7195462977619402,0,0.7195462977619402,0,0.7195462977619402,Crosil 42,inner
T2E,crosil42,internal,20250411_T2E_crosil42_internal.csv,1_2,5.60405589766637,0.4579743710818719,0.09564575332433718,0.21486916155722957,80,10.128205128205119,8.102564102564095,39,1.1721467327224442,4,1.1721467327224442,0,1.1721467327224442,0,1.1721467327224442,0,1.1721467327224442,Crosil 42,inner
T2E,crosil42,internal,20250411_T2E_crosil42_internal.csv,1_3,4.367953474855602,0.4044425732480028,0.055401637034952086,0.11812641835748303,51,10.128205128205119,8.102564102564095,25,1.276468731970168,4,1.276468731970168,0,1.276468731970168,0,1.276468731970168,0,1.276468731970168,Crosil 42,inner
T2E,crosil42,internal,20250411_T2E_crosil42_internal.csv,1_4,4.112240920099388,0.2861329424827001,0.08835015690462664,0.17928542260061964,39,10.128205128205119,8.102564102564095,13,1.127563887455784,1,1.127563887455784,0,1.127563887455784,0,1.127563887455784,0,1.127563887455784,Crosil 42,inner
T2E,crosil42,internal,20250411_T2E_crosil42_internal.csv,1_5,4.255770413916406,0.4689586666228409,0.0723272031250518,0.14329128310973382,37,10.128205128205119,8.102564102564095,26,1.0974253886676937,2,1.0974253886676937,0,1.0974253886676937,0,1.0974253886676937,0,1.0974253886676937,Crosil 42,inner
T2E,crosil42,internal,20250411_T2E_crosil42_internal.csv,1_6,4.4780281852842,0.226217347995971,0.040282902657111846,0.12115622015179267,46,10.128205128205119,8.102564102564095,2,0.6755139328932138,0,0.6755139328932138,0,0.6755139328932138,0,0.6755139328932138,0,0.6755139328932138,Crosil 42,inner
T2E,crosil42,internal,20250411_T2E_crosil42_internal.csv,1_7,4.154683830798797,0.22726468386600895,0.060238118966097334,0.1277742958020897,40,10.128205128205119,8.102564102564095,0,0.48893261291507106,0,0.48893261291507106,0,0.48893261291507106,0,0.48893261291507106,0,0.48893261291507106,Crosil 42,inner
T2E,crosil42,internal,20250411_T2E_crosil42_internal.csv,1_8,4.441649688311477,0.2629854288195251,0.07499236344262247,0.2314011742640093,49,10.128205128205119,8.102564102564095,3,0.5585838478705245,0,0.5585838478705245,0,0.5585838478705245,0,0.5585838478705245,0,0.5585838478705245,Crosil 42,inner
T2E,crosil42,internal,20250411_T2E_crosil42_internal.csv,1_9,4.209594963908888,0.23786015028874488,0.10070773021561544,0.17988874785000614,39,10.128205128205119,8.102564102564095,0,0.3198257293872603,0,0.3198257293872603,0,0.3198257293872603,0,0.3198257293872603,0,0.3198257293872603,Crosil 42,inner
T2E,crosil42,internal,20250411_T2E_crosil42_internal.csv,1_10,5.138370339270511,0.3853801876236413,0.09338983654829686,0.22157122376440033,48,10.128205128205119,8.102564102564095,7,0.8599967771088713,0,0.8599967771088713,0,0.8599967771088713,0,0.8599967771088713,0,0.8599967771088713,Crosil 42,inner
T2E,dolpap,external,20250509_T2E_dolpap_external.csv,1_1,7.261404210956986,0.33042258214569814,0.07900531362760053,0.2600106408397231,80,9.999999999999991,7.999999999999993,0,0.3366343997633692,0,0.3366343997633692,0,0.3366343997633692,0,0.3366343997633692,0,0.3366343997633692,Dolpap,outer
T2E,dolpap,external,20250509_T2E_dolpap_external.csv,1_2,6.515729755892326,0.1525695532229808,0.08025456220865435,0.17125478996803897,80,9.999999999999991,7.999999999999993,0,0.277646325994077,0,0.277646325994077,0,0.277646325994077,0,0.277646325994077,0,0.277646325994077,Dolpap,outer
T2E,dolpap,external,20250509_T2E_dolpap_external.csv,1_3,7.083002525276346,0.6363062883103436,0.08286410013002846,0.23645928198679803,80,9.999999999999991,7.999999999999993,41,4.527788138578089,6,4.527788138578089,4,4.527788138578089,3,4.527788138578089,2,4.527788138578089,Dolpap,outer
T2E,dolpap,external,20250509_T2E_dolpap_external.csv,1_4,6.73294504442003,0.3010057915485204,0.04711422781956673,0.09784089196182262,80,9.999999999999991,7.999999999999993,1,0.5090087359044565,0,0.5090087359044565,0,0.5090087359044565,0,0.5090087359044565,0,0.5090087359044565,Dolpap,outer
T2E,dolpap,external,20250509_T2E_dolpap_external.csv,1_5,7.391439886971596,0.3146351092493347,0.11647764853571639,0.4008764666785029,80,9.999999999999991,7.999999999999993,8,1.423605824230198,2,1.423605824230198,1,1.423605824230198,0,1.423605824230198,0,1.423605824230198,Dolpap,outer
T2E,dolpap,external,20250509_T2E_dolpap_external.csv,1_6,7.342848911776451,2.9972754986510095,0.06235113133368929,0.16366270323987414,80,9.999999999999991,7.999999999999993,57,31.243767807469176,37,31.243767807469176,26,31.243767807469176,5,31.243767807469176,2,31.243767807469176,Dolpap,outer
T2E,dolpap,external,20250509_T2E_dolpap_external.csv,1_7,6.754828818156317,0.3759608986868987,0.038789713049031616,0.10040106364158594,80,9.999999999999991,7.999999999999993,5,1.4228522195184834,2,1.4228522195184834,1,1.4228522195184834,0,1.4228522195184834,0,1.4228522195184834,Dolpap,outer
T2E,dolpap,external,20250509_T2E_dolpap_external.csv,1_8,6.660971776122275,1.310788237036164,0.051367333128221365,0.12089764831772973,80,9.999999999999991,7.999999999999993,49,9.92821190286381,7,9.92821190286381,2,9.92821190286381,2,9.92821190286381,2,9.92821190286381,Dolpap,outer
T2E,dolpap,external,20250509_T2E_dolpap_external.csv,1_9,7.408873646055747,0.2669244300176381,0.053614689537218346,0.1407887623725932,80,9.999999999999991,7.999999999999993,11,0.8051056992891159,0,0.8051056992891159,0,0.8051056992891159,0,0.8051056992891159,0,0.8051056992891159,Dolpap,outer
T2E,dolpap,external,20250509_T2E_dolpap_external.csv,1_10,6.820036994812282,0.14487183702534467,0.04471623298151404,0.109566274031458,80,9.999999999999991,7.999999999999993,0,0.3415075962005812,0,0.3415075962005812,0,0.3415075962005812,0,0.3415075962005812,0,0.3415075962005812,Dolpap,outer
T2E,dolpap,internal,20250507_T2E_dolpap_internal.csv,1_1,6.339759057514442,0.16597350389521828,0.062167258767372224,0.13793551973141083,80,22.49999999999998,17.999999999999982,0,0.4011801265438659,0,0.4011801265438659,0,0.4011801265438659,0,0.4011801265438659,0,0.4011801265438659,Dolpap,inner
T2E,dolpap,internal,20250507_T2E_dolpap_internal.csv,1_2,7.093219943173818,0.7737368147331082,0.09131263648357589,0.19075442764190628,80,22.49999999999998,17.999999999999982,53,2.2581193505740074,11,2.2581193505740074,1,2.2581193505740074,1,2.2581193505740074,0,2.2581193505740074,Dolpap,inner
T2E,dolpap,internal,20250507_T2E_dolpap_internal.csv,1_3,8.280478898506862,4.0743710953411005,0.08064880928615566,0.2307070555907226,80,22.49999999999998,17.999999999999982,175,25.475385803991564,117,25.475385803991564,95,25.475385803991564,65,25.475385803991564,28,25.475385803991564,Dolpap,inner
T2E,dolpap,internal,20250507_T2E_dolpap_internal.csv,1_4,7.255523018378588,1.318784687118163,0.06814568881835868,0.17251848151391716,80,22.49999999999998,17.999999999999982,102,6.504602853375821,30,6.504602853375821,15,6.504602853375821,5,6.504602853375821,4,6.504602853375821,Dolpap,inner
T2E,dolpap,internal,20250507_T2E_dolpap_internal.csv,1_5,8.061609139781629,1.4068525195976926,0.0712238876735022,0.2013339473192804,80,22.49999999999998,17.999999999999982,97,9.088491787587836,55,9.088491787587836,32,9.088491787587836,9,9.088491787587836,2,9.088491787587836,Dolpap,inner
T2E,dolpap,internal,20250507_T2E_dolpap_internal.csv,1_6,6.13131069462057,0.22166303379511518,0.053634643159020445,0.13472842229905269,80,22.49999999999998,17.999999999999982,3,0.8809997747745345,0,0.8809997747745345,0,0.8809997747745345,0,0.8809997747745345,0,0.8809997747745345,Dolpap,inner
T2E,dolpap,internal,20250507_T2E_dolpap_internal.csv,1_7,7.006386547737758,0.20251700863769187,0.0539955224743862,0.12668330131354283,80,22.49999999999998,17.999999999999982,0,0.4315953353840954,0,0.4315953353840954,0,0.4315953353840954,0,0.4315953353840954,0,0.4315953353840954,Dolpap,inner
T2E,dolpap,internal,20250507_T2E_dolpap_internal.csv,1_8,7.31186737818154,1.1560853668593492,0.05956699444801402,0.17050545029955386,80,22.49999999999998,17.999999999999982,95,3.2507577326631787,41,3.2507577326631787,19,3.2507577326631787,6,3.2507577326631787,1,3.2507577326631787,Dolpap,inner
T2E,dolpap,internal,20250507_T2E_dolpap_internal.csv,1_9,6.614458129273659,0.20329121992831256,0.060678894697545296,0.13736058230557163,80,22.49999999999998,17.999999999999982,0,0.39030458495256726,0,0.39030458495256726,0,0.39030458495256726,0,0.39030458495256726,0,0.39030458495256726,Dolpap,inner
T2E,dolpap,internal,20250507_T2E_dolpap_internal.csv,1_10,6.333925489439805,0.16812202028955806,0.08593654429728817,0.20573897479538028,80,22.49999999999998,17.999999999999982,4,1.0606292659488827,1,1.0606292659488827,0,1.0606292659488827,0,1.0606292659488827,0,1.0606292659488827,Dolpap,inner
T2E,rossella,external,20250416_T2E_rossella_external.csv,1_1,9.810872913458697,0.47158135724982053,0.07198593779161434,0.14879396398282846,50,6.874999999999994,5.499999999999996,12,1.1492290939666014,1,1.1492290939666014,0,1.1492290939666014,0,1.1492290939666014,0,1.1492290939666014,Rossella,outer
T2E,rossella,external,20250416_T2E_rossella_external.csv,1_2,10.384086827125412,0.3400372172897577,0.05830139043243649,0.16523460633272347,80,6.874999999999994,5.499999999999996,10,0.9106978504140564,0,0.9106978504140564,0,0.9106978504140564,0,0.9106978504140564,0,0.9106978504140564,Rossella,outer
T2E,rossella,external,20250416_T2E_rossella_external.csv,1_3,11.994632282146265,0.5139354726910663,0.05787794198551845,0.1482533206643202,80,6.874999999999994,5.499999999999996,5,0.9006135694570261,0,0.9006135694570261,0,0.9006135694570261,0,0.9006135694570261,0,0.9006135694570261,Rossella,outer
T2E,rossella,external,20250416_T2E_rossella_external.csv,1_4,10.008781081044425,0.6493522710465157,0.04153094495413766,0.10300693421519745,80,6.874999999999994,5.499999999999996,9,1.8229621039590624,1,1.8229621039590624,1,1.8229621039590624,0,1.8229621039590624,0,1.8229621039590624,Rossella,outer
T2E,rossella,external,20250416_T2E_rossella_external.csv,1_5,10.386390047193,0.4963527804349211,0.07998002243909415,0.19578517343693033,80,6.874999999999994,5.499999999999996,5,0.9853902615398993,0,0.9853902615398993,0,0.9853902615398993,0,0.9853902615398993,0,0.9853902615398993,Rossella,outer
T2E,rossella,external,20250416_T2E_rossella_external.csv,1_6,10.183379791415103,0.6122848709987859,0.04963521394813216,0.10869770771221934,80,6.874999999999994,5.499999999999996,9,0.8436401841454888,0,0.8436401841454888,0,0.8436401841454888,0,0.8436401841454888,0,0.8436401841454888,Rossella,outer
T2E,rossella,external,20250416_T2E_rossella_external.csv,1_7,11.48985019473383,0.8171729650553399,0.06780584618455471,0.20473208085966546,80,6.874999999999994,5.499999999999996,10,0.9295138144182119,0,0.9295138144182119,0,0.9295138144182119,0,0.9295138144182119,0,0.9295138144182119,Rossella,outer
T2E,rossella,external,20250416_T2E_rossella_external.csv,1_8,10.240684192163434,0.3551041884474984,0.08217917027563727,0.20898082769763007,80,6.874999999999994,5.499999999999996,11,0.8445874554186592,0,0.8445874554186592,0,0.8445874554186592,0,0.8445874554186592,0,0.8445874554186592,Rossella,outer
T2E,rossella,external,20250416_T2E_rossella_external.csv,1_9,11.112419188404745,1.05099301336023,0.21986680218534002,0.6510999375656634,80,6.874999999999994,5.499999999999996,30,8.081129537893075,8,8.081129537893075,4,8.081129537893075,2,8.081129537893075,1,8.081129537893075,Rossella,outer
T2E,rossella,external,20250416_T2E_rossella_external.csv,1_10,9.294610865604902,0.3167266584154776,0.056683565124757376,0.15784951435259403,80,6.874999999999994,5.499999999999996,0,0.4206208559573779,0,0.4206208559573779,0,0.4206208559573779,0,0.4206208559573779,0,0.4206208559573779,Rossella,outer
T2E,rossella,internal,20250414_T2E_rossella_internal.csv,1_1,13.220645006739352,1.7520163571518599,0.062347320769201284,0.16361687590596888,80,7.499999999999993,5.999999999999995,15,1.3957301870973007,2,1.3957301870973007,0,1.3957301870973007,0,1.3957301870973007,0,1.3957301870973007,Rossella,inner
T2E,rossella,internal,20250414_T2E_rossella_internal.csv,1_2,9.71812080315714,2.8305330300472087,0.06698253098016924,0.18137778889387307,80,7.499999999999993,5.999999999999995,50,26.4997996131126,30,26.4997996131126,26,26.4997996131126,14,26.4997996131126,1,26.4997996131126,Rossella,inner
T2E,rossella,internal,20250414_T2E_rossella_internal.csv,1_3,9.35285824353355,0.2236323996050742,0.06506196790949431,0.17252786127236308,80,7.499999999999993,5.999999999999995,2,1.1206702427916353,1,1.1206702427916353,0,1.1206702427916353,0,1.1206702427916353,0,1.1206702427916353,Rossella,inner
T2E,rossella,internal,20250414_T2E_rossella_internal.csv,1_4,11.719645006323006,0.38582895936815104,0.07000202297752661,0.18367011446557488,80,7.499999999999993,5.999999999999995,11,0.8879792227521042,0,0.8879792227521042,0,0.8879792227521042,0,0.8879792227521042,0,0.8879792227521042,Rossella,inner
T2E,rossella,internal,20250414_T2E_rossella_internal.csv,1_5,10.717846246290854,0.5417050492229544,0.055453586866859375,0.14615512384176277,80,7.499999999999993,5.999999999999995,13,0.9428094418196614,0,0.9428094418196614,0,0.9428094418196614,0,0.9428094418196614,0,0.9428094418196614,Rossella,inner
T2E,rossella,internal,20250414_T2E_rossella_internal.csv,1_6,8.429125455894415,0.22665815649216045,0.08147347535414462,0.22759778885551948,80,7.499999999999993,5.999999999999995,1,0.5312246177912303,0,0.5312246177912303,0,0.5312246177912303,0,0.5312246177912303,0,0.5312246177912303,Rossella,inner
T2E,rossella,internal,20250414_T2E_rossella_internal.csv,1_7,10.416053549681987,4.078859111345247,0.09379354878852189,0.3493791233377459,80,7.499999999999993,5.999999999999995,40,39.73129955186656,29,39.73129955186656,26,39.73129955186656,20,39.73129955186656,10,39.73129955186656,Rossella,inner
T2E,rossella,internal,20250414_T2E_rossella_internal.csv,1_8,9.747034771316917,0.3732592517963866,0.12993847173915984,0.3722983518106543,58,7.499999999999993,5.999999999999995,11,1.0721463174026864,1,1.0721463174026864,0,1.0721463174026864,0,1.0721463174026864,0,1.0721463174026864,Rossella,inner
T2E,rossella,internal,20250414_T2E_rossella_internal.csv,1_9,12.301142691138232,1.1247969468196406,0.06169700361059329,0.16017851066506186,80,7.499999999999993,5.999999999999995,58,6.024515592221497,21,6.024515592221497,8,6.024515592221497,6,6.024515592221497,1,6.024515592221497,Rossella,inner
T2E,rossella,internal,20250414_T2E_rossella_internal.csv,1_10,12.167365792875186,3.9922288311080307,0.0619901020294083,0.14154236597738978,80,7.499999999999993,5.999999999999995,51,36.5612506699418,32,36.5612506699418,27,36.5612506699418,18,36.5612506699418,8,36.5612506699418,Rossella,inner
T2EN,crosil42,external,20250523_T2EN_crosil42_external.csv,1_1,8.10590828123373,0.9121035850233793,0.050255491680471366,0.1141322128472946,80,4.999999999999996,3.9999999999999964,42,1.1888909793705285,3,1.1888909793705285,0,1.1888909793705285,0,1.1888909793705285,0,1.1888909793705285,Crosil 42,outer
T2EN,crosil42,external,20250523_T2EN_crosil42_external.csv,1_2,7.636834891174179,0.9484671324595628,0.06090484395761035,0.1462078797687249,80,4.999999999999996,3.9999999999999964,27,1.9741833717923651,7,1.9741833717923651,3,1.9741833717923651,0,1.9741833717923651,0,1.9741833717923651,Crosil 42,outer
T2EN,crosil42,external,20250523_T2EN_crosil42_external.csv,1_3,9.424414221796598,1.7602744603220115,0.06632761222284252,0.16919195619853367,80,4.999999999999996,3.9999999999999964,63,6.431111031837763,30,6.431111031837763,14,6.431111031837763,5,6.431111031837763,3,6.431111031837763,Crosil 42,outer
T2EN,crosil42,external,20250523_T2EN_crosil42_external.csv,1_4,8.821033278092338,1.0481668170442704,0.09168875142608653,0.28727724578865527,80,4.999999999999996,3.9999999999999964,59,4.5279715806546035,22,4.5279715806546035,5,4.5279715806546035,1,4.5279715806546035,1,4.5279715806546035,Crosil 42,outer
T2EN,crosil42,external,20250523_T2EN_crosil42_external.csv,1_5,7.963216641108621,0.89745769001329,0.09806602551519956,0.3795742581863531,80,4.999999999999996,3.9999999999999964,38,2.8890993822655755,16,2.8890993822655755,9,2.8890993822655755,3,2.8890993822655755,0,2.8890993822655755,Crosil 42,outer
T2EN,crosil42,external,20250523_T2EN_crosil42_external.csv,1_6,8.73063653899091,1.5251014786203527,0.05257787393256103,0.16214125492071255,80,4.999999999999996,3.9999999999999964,49,2.3133248730612217,24,2.3133248730612217,10,2.3133248730612217,3,2.3133248730612217,0,2.3133248730612217,Crosil 42,outer
T2EN,crosil42,external,20250523_T2EN_crosil42_external.csv,1_7,9.668904500082801,1.6972692054879983,0.0839665854665697,0.2192674847047134,80,4.999999999999996,3.9999999999999964,56,5.193190338409565,29,5.193190338409565,19,5.193190338409565,4,5.193190338409565,2,5.193190338409565,Crosil 42,outer
T2EN,crosil42,external,20250523_T2EN_crosil42_external.csv,1_8,7.413822246684611,0.810691790002408,0.06134687685582851,0.1707920297968459,80,4.999999999999996,3.9999999999999964,25,1.8841704700094595,9,1.8841704700094595,2,1.8841704700094595,0,1.8841704700094595,0,1.8841704700094595,Crosil 42,outer
T2EN,crosil42,external,20250523_T2EN_crosil42_external.csv,1_9,7.638593257652741,1.180857646394952,0.07804815317998312,0.19871000302078334,80,4.999999999999996,3.9999999999999964,28,2.6251228505700928,14,2.6251228505700928,5,2.6251228505700928,2,2.6251228505700928,0,2.6251228505700928,Crosil 42,outer
T2EN,crosil42,external,20250523_T2EN_crosil42_external.csv,1_10,7.473645527000445,0.5254725830766847,0.16915670417181353,0.4943762243128454,80,4.999999999999996,3.9999999999999964,26,1.8426863058031027,3,1.8426863058031027,3,1.8426863058031027,0,1.8426863058031027,0,1.8426863058031027,Crosil 42,outer
T2EN,crosil42,internal,20250523_T2EN_crosil42_internal.csv,1_1,7.84492082080067,0.20725242137860345,0.06946497628610984,0.1528196617292404,80,8.749999999999993,6.999999999999995,4,0.6420144327858646,0,0.6420144327858646,0,0.6420144327858646,0,0.6420144327858646,0,0.6420144327858646,Crosil 42,inner
T2EN,crosil42,internal,20250523_T2EN_crosil42_internal.csv,1_2,8.808145489385435,0.3981328765760133,0.05913613277331307,0.12503440067289992,80,8.749999999999993,6.999999999999995,0,0.28764415436633856,0,0.28764415436633856,0,0.28764415436633856,0,0.28764415436633856,0,0.28764415436633856,Crosil 42,inner
T2EN,crosil42,internal,20250523_T2EN_crosil42_internal.csv,1_3,8.505301709299882,0.32684268164355923,0.06716625004845904,0.17086948150577264,80,8.749999999999993,6.999999999999995,1,0.5774815684988166,0,0.5774815684988166,0,0.5774815684988166,0,0.5774815684988166,0,0.5774815684988166,Crosil 42,inner
T2EN,crosil42,internal,20250523_T2EN_crosil42_internal.csv,1_4,8.376244406119696,0.7538933920604385,0.08773422838803396,0.23342711713474026,80,8.749999999999993,6.999999999999995,23,6.530131717087022,4,6.530131717087022,1,6.530131717087022,1,6.530131717087022,1,6.530131717087022,Crosil 42,inner
T2EN,crosil42,internal,20250523_T2EN_crosil42_internal.csv,1_5,8.28799333368687,0.21182510419930625,0.08281872192142939,0.20670525436650772,80,8.749999999999993,6.999999999999995,11,0.8147278255695931,0,0.8147278255695931,0,0.8147278255695931,0,0.8147278255695931,0,0.8147278255695931,Crosil 42,inner
T2EN,crosil42,internal,20250523_T2EN_crosil42_internal.csv,1_6,9.152594291843396,0.5308632675920181,0.05817970185974311,0.14481841790536315,80,8.749999999999993,6.999999999999995,2,0.5891837223253177,0,0.5891837223253177,0,0.5891837223253177,0,0.5891837223253177,0,0.5891837223253177,Crosil 42,inner
T2EN,crosil42,internal,20250523_T2EN_crosil42_internal.csv,1_7,8.789555891349035,0.4759364540546037,0.059302118069320085,0.1510477182946792,80,8.749999999999993,6.999999999999995,1,0.5066623281471144,0,0.5066623281471144,0,0.5066623281471144,0,0.5066623281471144,0,0.5066623281471144,Crosil 42,inner
T2EN,crosil42,internal,20250523_T2EN_crosil42_internal.csv,1_8,7.904341301449902,0.1969303375244319,0.0516283918938422,0.11802826350627495,80,8.749999999999993,6.999999999999995,3,0.7646069918685592,0,0.7646069918685592,0,0.7646069918685592,0,0.7646069918685592,0,0.7646069918685592,Crosil 42,inner
T2EN,crosil42,internal,20250523_T2EN_crosil42_internal.csv,1_9,8.820491724462721,0.37233802496288565,0.08644020940613908,0.20729396445330633,80,8.749999999999993,6.999999999999995,24,1.2080969722755213,5,1.2080969722755213,0,1.2080969722755213,0,1.2080969722755213,0,1.2080969722755213,Crosil 42,inner
T2EN,crosil42,internal,20250523_T2EN_crosil42_internal.csv,1_10,9.069561789354323,0.8265734911467936,0.12915563545425687,0.27936337365589176,80,8.749999999999993,6.999999999999995,35,1.5278310344145785,6,1.5278310344145785,1,1.5278310344145785,0,1.5278310344145785,0,1.5278310344145785,Crosil 42,inner
T2EN,dolpap,external,20250521_T2EN_dolpap_external.csv,1_1,8.338099213545135,0.5590989762229827,0.08558358129210895,0.18019913345915142,80,4.999999999999996,3.9999999999999964,4,1.5396519188221034,1,1.5396519188221034,1,1.5396519188221034,0,1.5396519188221034,0,1.5396519188221034,Dolpap,outer
T2EN,dolpap,external,20250521_T2EN_dolpap_external.csv,1_2,7.43410727956733,0.511053114936835,0.05640062045195787,0.12028134215668505,80,4.999999999999996,3.9999999999999964,1,0.8451980919204183,0,0.8451980919204183,0,0.8451980919204183,0,0.8451980919204183,0,0.8451980919204183,Dolpap,outer
T2EN,dolpap,external,20250521_T2EN_dolpap_external.csv,1_3,8.067170475047783,0.47060726823639304,0.06662814754777197,0.178803680013526,80,4.999999999999996,3.9999999999999964,17,1.2397646099949338,2,1.2397646099949338,0,1.2397646099949338,0,1.2397646099949338,0,1.2397646099949338,Dolpap,outer
T2EN,dolpap,external,20250521_T2EN_dolpap_external.csv,1_4,6.937443933044723,0.2921282215092845,0.062393001792543035,0.13598316153229814,80,4.999999999999996,3.9999999999999964,2,0.7349480571722731,0,0.7349480571722731,0,0.7349480571722731,0,0.7349480571722731,0,0.7349480571722731,Dolpap,outer
T2EN,dolpap,external,20250521_T2EN_dolpap_external.csv,1_5,7.281016700402455,0.17359119041300486,0.08868755952726175,0.3339150637428466,80,4.999999999999996,3.9999999999999964,0,0.40086463443295417,0,0.40086463443295417,0,0.40086463443295417,0,0.40086463443295417,0,0.40086463443295417,Dolpap,outer
T2EN,dolpap,external,20250521_T2EN_dolpap_external.csv,1_6,8.821619647324122,1.289345861991345,0.04476478307968339,0.11331466365971246,80,4.999999999999996,3.9999999999999964,43,2.464977652213027,24,2.464977652213027,5,2.464977652213027,2,2.464977652213027,0,2.464977652213027,Dolpap,outer
T2EN,dolpap,external,20250521_T2EN_dolpap_external.csv,1_7,8.840964087992383,1.4088485055748097,0.056461045024292104,0.14621593789481868,80,4.999999999999996,3.9999999999999964,33,2.558385963433189,12,2.558385963433189,6,2.558385963433189,3,2.558385963433189,0,2.558385963433189,Dolpap,outer
T2EN,dolpap,external,20250521_T2EN_dolpap_external.csv,1_8,7.691177135569806,0.45035528277959136,0.052501958450693345,0.12144067928231543,80,4.999999999999996,3.9999999999999964,3,0.6245432636868442,0,0.6245432636868442,0,0.6245432636868442,0,0.6245432636868442,0,0.6245432636868442,Dolpap,outer
T2EN,dolpap,external,20250521_T2EN_dolpap_external.csv,1_9,6.569722944703657,0.2567569530707102,0.06815563476842237,0.15511490512625814,80,4.999999999999996,3.9999999999999964,1,2.0687816988789103,1,2.0687816988789103,1,2.0687816988789103,1,2.0687816988789103,0,2.0687816988789103,Dolpap,outer
T2EN,dolpap,external,20250521_T2EN_dolpap_external.csv,1_10,6.223688933951983,0.23661595633131632,0.07686235707845997,0.14021537975155043,80,4.999999999999996,3.9999999999999964,0,0.49912819254008256,0,0.49912819254008256,0,0.49912819254008256,0,0.49912819254008256,0,0.49912819254008256,Dolpap,outer
T2EN,dolpap,internal,20250521_T2EN_dolpap_internal.csv,1_1,7.441792755984454,0.3990973451118495,0.057368208993573526,0.14045441505957426,80,7.499999999999993,5.999999999999995,4,0.9640835445605817,0,0.9640835445605817,0,0.9640835445605817,0,0.9640835445605817,0,0.9640835445605817,Dolpap,inner
T2EN,dolpap,internal,20250521_T2EN_dolpap_internal.csv,1_2,7.989009178899371,0.4260899544361809,0.049915825526699535,0.11304376932899281,80,7.499999999999993,5.999999999999995,3,1.1340056732952992,1,1.1340056732952992,0,1.1340056732952992,0,1.1340056732952992,0,1.1340056732952992,Dolpap,inner
T2EN,dolpap,internal,20250521_T2EN_dolpap_internal.csv,1_3,7.425151925575331,0.44403880227864784,0.054131497075906566,0.11878538988815508,80,7.499999999999993,5.999999999999995,2,0.5232415217766309,0,0.5232415217766309,0,0.5232415217766309,0,0.5232415217766309,0,0.5232415217766309,Dolpap,inner
T2EN,dolpap,internal,20250521_T2EN_dolpap_internal.csv,1_4,6.841844817817119,0.43034063394303085,0.06428717317534068,0.16615842504400505,80,7.499999999999993,5.999999999999995,4,0.9488401824497221,0,0.9488401824497221,0,0.9488401824497221,0,0.9488401824497221,0,0.9488401824497221,Dolpap,inner
T2EN,dolpap,internal,20250521_T2EN_dolpap_internal.csv,1_5,6.8897307772853384,1.339721276322916,0.05211962396262257,0.14008934886459606,80,7.499999999999993,5.999999999999995,31,12.509346044463443,11,12.509346044463443,2,12.509346044463443,2,12.509346044463443,1,12.509346044463443,Dolpap,inner
T2EN,dolpap,internal,20250521_T2EN_dolpap_internal.csv,1_6,6.750872333657178,0.40123982695687616,0.04920672931295672,0.10952071304346331,80,7.499999999999993,5.999999999999995,2,0.6532682891321695,0,0.6532682891321695,0,0.6532682891321695,0,0.6532682891321695,0,0.6532682891321695,Dolpap,inner
T2EN,dolpap,internal,20250521_T2EN_dolpap_internal.csv,1_7,8.101686878496835,1.3200340938711657,0.055473854253208,0.1395501738711799,80,7.499999999999993,5.999999999999995,53,5.747883678433027,25,5.747883678433027,15,5.747883678433027,7,5.747883678433027,2,5.747883678433027,Dolpap,inner
T2EN,dolpap,internal,20250521_T2EN_dolpap_internal.csv,1_8,7.1454104881807385,0.32565394006949355,0.08751472565847718,0.24128392803955157,80,7.499999999999993,5.999999999999995,0,0.4742397877464166,0,0.4742397877464166,0,0.4742397877464166,0,0.4742397877464166,0,0.4742397877464166,Dolpap,inner
T2EN,dolpap,internal,20250521_T2EN_dolpap_internal.csv,1_9,6.645838970378255,0.336650984564597,0.10701527438718289,0.3179479870039951,80,7.499999999999993,5.999999999999995,0,0.39364388044613174,0,0.39364388044613174,0,0.39364388044613174,0,0.39364388044613174,0,0.39364388044613174,Dolpap,inner
T2EN,rossella,external,20250523_T2EN_rossella_external.csv,1_1,10.813419868973947,0.3107930195997799,0.0729023590751039,0.18242790191056735,80,6.249999999999995,4.9999999999999964,0,0.4617957269829595,0,0.4617957269829595,0,0.4617957269829595,0,0.4617957269829595,0,0.4617957269829595,Rossella,outer
T2EN,rossella,external,20250523_T2EN_rossella_external.csv,1_2,11.48615331884617,0.3299235535378807,0.07312248196613351,0.1670273465574224,80,6.249999999999995,4.9999999999999964,4,0.9342604574383393,0,0.9342604574383393,0,0.9342604574383393,0,0.9342604574383393,0,0.9342604574383393,Rossella,outer
T2EN,rossella,external,20250523_T2EN_rossella_external.csv,1_3,10.73638035532396,0.6093917684023036,0.06773977216610028,0.19939378339055208,80,6.249999999999995,4.9999999999999964,10,1.060028296407109,1,1.060028296407109,0,1.060028296407109,0,1.060028296407109,0,1.060028296407109,Rossella,outer
T2EN,rossella,external,20250523_T2EN_rossella_external.csv,1_4,12.351447433343086,0.4563933217544119,0.05319575066392991,0.11008981333050474,80,6.249999999999995,4.9999999999999964,7,0.956223014903905,0,0.956223014903905,0,0.956223014903905,0,0.956223014903905,0,0.956223014903905,Rossella,outer
T2EN,rossella,external,20250523_T2EN_rossella_external.csv,1_5,11.45073969365972,0.6773911053657733,0.07387941772827031,0.1956336144715448,80,6.249999999999995,4.9999999999999964,7,0.8928333883965536,0,0.8928333883965536,0,0.8928333883965536,0,0.8928333883965536,0,0.8928333883965536,Rossella,outer
T2EN,rossella,external,20250523_T2EN_rossella_external.csv,1_6,12.739386095082072,0.626713158662337,0.05408248117123338,0.13184490098947477,80,6.249999999999995,4.9999999999999964,13,1.360026902880787,2,1.360026902880787,0,1.360026902880787,0,1.360026902880787,0,1.360026902880787,Rossella,outer
T2EN,rossella,external,20250523_T2EN_rossella_external.csv,1_7,12.155678277117692,0.22199136457092672,0.07523326214673083,0.17020409202058823,80,6.249999999999995,4.9999999999999964,2,0.5230483585650993,0,0.5230483585650993,0,0.5230483585650993,0,0.5230483585650993,0,0.5230483585650993,Rossella,outer
T2EN,rossella,external,20250523_T2EN_rossella_external.csv,1_8,11.822906672856293,0.8603387690185884,0.06748449986233522,0.17687110901433234,80,6.249999999999995,4.9999999999999964,20,1.5743868749988565,1,1.5743868749988565,1,1.5743868749988565,0,1.5743868749988565,0,1.5743868749988565,Rossella,outer
T2EN,rossella,external,20250523_T2EN_rossella_external.csv,1_9,11.693766714711716,0.3638048484698348,0.04760001830861843,0.12611041845055793,80,6.249999999999995,4.9999999999999964,2,0.5279531713545214,0,0.5279531713545214,0,0.5279531713545214,0,0.5279531713545214,0,0.5279531713545214,Rossella,outer
T2EN,rossella,external,20250523_T2EN_rossella_external.csv,1_10,11.19254634662941,0.6831972463108742,0.04842090289903728,0.15891535477596763,80,6.249999999999995,4.9999999999999964,9,0.9668516672998464,0,0.9668516672998464,0,0.9668516672998464,0,0.9668516672998464,0,0.9668516672998464,Rossella,outer
T2EN,rossella,internal,20250523_T2EN_rossella_internal.csv,1_1,11.688800651521323,0.4776670143074301,0.05735811919244901,0.1430614221845464,80,7.499999999999994,5.999999999999996,0,0.3346356941553816,0,0.3346356941553816,0,0.3346356941553816,0,0.3346356941553816,0,0.3346356941553816,Rossella,inner
T2EN,rossella,internal,20250523_T2EN_rossella_internal.csv,1_2,18.059263969751207,9.81604024271985,0.07774484664918697,0.1793441391553276,80,7.499999999999994,5.999999999999996,69,50.00287052758421,61,50.00287052758421,55,50.00287052758421,49,50.00287052758421,40,50.00287052758421,Rossella,inner
T2EN,rossella,internal,20250523_T2EN_rossella_internal.csv,1_3,11.26520967793713,0.581513261536559,0.06563160233188729,0.1764096623607998,80,7.499999999999994,5.999999999999996,9,1.0450702165784684,1,1.0450702165784684,0,1.0450702165784684,0,1.0450702165784684,0,1.0450702165784684,Rossella,inner
T2EN,rossella,internal,20250523_T2EN_rossella_internal.csv,1_4,12.057013875103701,0.8167794052656007,0.08475066550279553,0.23087073934176922,80,7.499999999999994,5.999999999999996,20,1.4848111797922614,4,1.4848111797922614,3,1.4848111797922614,0,1.4848111797922614,0,1.4848111797922614,Rossella,inner
T2EN,rossella,internal,20250523_T2EN_rossella_internal.csv,1_5,12.315292657784047,0.5280777639159456,0.06988225294833064,0.17822747830325664,80,7.499999999999994,5.999999999999996,28,0.92270512579328,0,0.92270512579328,0,0.92270512579328,0,0.92270512579328,0,0.92270512579328,Rossella,inner
T2EN,rossella,internal,20250523_T2EN_rossella_internal.csv,1_6,12.043282373212987,2.560397867693362,0.07304952538125725,0.2061613646234808,80,7.499999999999994,5.999999999999996,34,21.892072385843505,20,21.892072385843505,15,21.892072385843505,5,21.892072385843505,2,21.892072385843505,Rossella,inner
T2EN,rossella,internal,20250523_T2EN_rossella_internal.csv,1_7,11.516009719757749,0.8980488294551522,0.07561798136899742,0.19223805384082138,80,7.499999999999994,5.999999999999996,43,3.0714396318534245,14,3.0714396318534245,3,3.0714396318534245,3,3.0714396318534245,1,3.0714396318534245,Rossella,inner
T2EN,rossella,internal,20250523_T2EN_rossella_internal.csv,1_8,11.258585720258088,0.49214030363772393,0.05971930216841941,0.1292910480827233,80,7.499999999999994,5.999999999999996,12,1.585244656874349,1,1.585244656874349,1,1.585244656874349,0,1.585244656874349,0,1.585244656874349,Rossella,inner
T2EN,rossella,internal,20250523_T2EN_rossella_internal.csv,1_9,14.114617633446866,2.9610919059314345,0.08156809529795106,0.1953820711177287,80,7.499999999999994,5.999999999999996,43,22.00330744599989,24,22.00330744599989,16,22.00330744599989,10,22.00330744599989,2,22.00330744599989,Rossella,inner
T2EN,rossella,internal,20250523_T2EN_rossella_internal.csv,1_10,14.372097825456882,0.389083402578301,0.054685082118622025,0.11650554701461853,80,7.499999999999994,5.999999999999996,19,1.1932176587521188,1,1.1932176587521188,0,1.1932176587521188,0,1.1932176587521188,0,1.1932176587521188,Rossella,inner
U2E,crosil42,external,20250528_U2E_crosil42_external.csv,1_1,9.630558420030834,2.110314940795186,0.0669445649336192,0.1893769249147274,80,8.749999999999993,6.999999999999995,55,5.020634698453624,38,5.020634698453624,37,5.020634698453624,33,5.020634698453624,17,5.020634698453624,Crosil 42,outer
U2E,crosil42,external,20250528_U2E_crosil42_external.csv,1_2,11.724985801883202,3.165047353342698,0.11928638241259715,0.27824619093520736,80,8.749999999999993,6.999999999999995,82,4.283677600912163,44,4.283677600912163,22,4.283677600912163,6,4.283677600912163,1,4.283677600912163,Crosil 42,outer
U2E,crosil42,external,20250528_U2E_crosil42_external.csv,1_3,14.734612516226447,11.481992599626896,0.11695311913805713,0.3152043725033539,80,8.749999999999993,6.999999999999995,69,49.27698411435638,41,49.27698411435638,36,49.27698411435638,35,49.27698411435638,28,49.27698411435638,Crosil 42,outer
U2E,crosil42,external,20250528_U2E_crosil42_external.csv,1_4,24.238194772276046,28.96972075319048,0.06078402319861968,0.15468448257269343,80,8.749999999999993,6.999999999999995,80,78.59834176697947,74,78.59834176697947,73,78.59834176697947,63,78.59834176697947,51,78.59834176697947,Crosil 42,outer
U2E,crosil42,external,20250528_U2E_crosil42_external.csv,1_5,10.618913314559228,2.3189275768820194,0.0864797981590544,0.23169307650785353,80,8.749999999999993,6.999999999999995,56,3.3988302932544583,37,3.3988302932544583,27,3.3988302932544583,18,3.3988302932544583,4,3.3988302932544583,Crosil 42,outer
U2E,crosil42,external,20250528_U2E_crosil42_external.csv,1_6,60.31057415737982,71.7914389417815,0.11081177632694071,0.3314252940200719,80,8.749999999999993,6.999999999999995,70,114.33968289637298,57,114.33968289637298,55,114.33968289637298,51,114.33968289637298,47,114.33968289637298,Crosil 42,outer
U2E,crosil42,external,20250528_U2E_crosil42_external.csv,1_7,10.907730594179009,1.6196317550662802,0.06181649645808079,0.13701959614901588,80,8.749999999999993,6.999999999999995,82,2.8996633595128634,49,2.8996633595128634,23,2.8996633595128634,12,2.8996633595128634,0,2.8996633595128634,Crosil 42,outer
U2E,crosil42,external,20250528_U2E_crosil42_external.csv,1_8,15.416080485069452,9.660024785991721,0.06867832776786621,0.17903055060963383,80,8.749999999999993,6.999999999999995,78,45.16933206280091,63,45.16933206280091,55,45.16933206280091,46,45.16933206280091,38,45.16933206280091,Crosil 42,outer
U2E,crosil42,external,20250528_U2E_crosil42_external.csv,1_9,9.676184161974119,1.724312534459211,0.06702889450432811,0.1888739593881366,80,8.749999999999993,6.999999999999995,65,3.3723700810799646,43,3.3723700810799646,26,3.3723700810799646,10,3.3723700810799646,4,3.3723700810799646,Crosil 42,outer
U2E,crosil42,external,20250528_U2E_crosil42_external.csv,1_10,11.01871364289808,1.8128944616218314,0.08044741904131289,0.184960385458804,80,8.749999999999993,6.999999999999995,77,5.017800327541661,40,5.017800327541661,19,5.017800327541661,11,5.017800327541661,6,5.017800327541661,Crosil 42,outer
U2E,crosil42,internal,20250523_U2E_crosil42_internal.csv,1_1,12.195240664305116,0.7629663611651092,0.05170890094032512,0.14645413604240817,80,8.124999999999993,6.499999999999995,31,2.386095361511267,14,2.386095361511267,6,2.386095361511267,1,2.386095361511267,0,2.386095361511267,Crosil 42,inner
U2E,crosil42,internal,20250523_U2E_crosil42_internal.csv,1_2,12.023629226615174,1.058807038172439,0.0909773347755612,0.2133913904569422,80,8.124999999999993,6.499999999999995,26,1.9864449833158924,11,1.9864449833158924,5,1.9864449833158924,0,1.9864449833158924,0,1.9864449833158924,Crosil 42,inner
U2E,crosil42,internal,20250523_U2E_crosil42_internal.csv,1_3,10.175896139454919,0.2353599449511931,0.08301965378561271,0.20625634512094002,80,8.124999999999993,6.499999999999995,11,0.8578985630801159,0,0.8578985630801159,0,0.8578985630801159,0,0.8578985630801159,0,0.8578985630801159,Crosil 42,inner
U2E,crosil42,internal,20250523_U2E_crosil42_internal.csv,1_4,10.419419887149651,0.10762555929351648,0.06500821316977642,0.18125124086831534,80,8.124999999999993,6.499999999999995,0,0.28654219245106693,0,0.28654219245106693,0,0.28654219245106693,0,0.28654219245106693,0,0.28654219245106693,Crosil 42,inner
U2E,crosil42,internal,20250523_U2E_crosil42_internal.csv,1_5,10.736753995534922,0.34682516239156164,0.08449607408218616,0.247685703436741,80,8.124999999999993,6.499999999999995,5,1.3737802706042925,2,1.3737802706042925,0,1.3737802706042925,0,1.3737802706042925,0,1.3737802706042925,Crosil 42,inner
U2E,crosil42,internal,20250523_U2E_crosil42_internal.csv,1_6,10.887756451882117,0.6243070309953537,0.04772778263522036,0.13317601778957938,80,8.124999999999993,6.499999999999995,43,1.917398363517793,19,1.917398363517793,7,1.917398363517793,0,1.917398363517793,0,1.917398363517793,Crosil 42,inner
U2E,crosil42,internal,20250523_U2E_crosil42_internal.csv,1_7,13.353602428298483,11.0105303133685,0.06185257650887291,0.19719432788034919,80,8.124999999999993,6.499999999999995,42,72.09758383379351,26,72.09758383379351,24,72.09758383379351,21,72.09758383379351,21,72.09758383379351,Crosil 42,inner
U2E,crosil42,internal,20250523_U2E_crosil42_internal.csv,1_8,11.22798134466846,0.7825340978313846,0.07183179455465029,0.17628674457994742,80,8.124999999999993,6.499999999999995,41,2.3938374572776504,13,2.3938374572776504,8,2.3938374572776504,3,2.3938374572776504,0,2.3938374572776504,Crosil 42,inner
U2E,crosil42,internal,20250523_U2E_crosil42_internal.csv,1_9,14.573447014402047,8.405285381730073,0.0575692473736463,0.14501212825458556,80,8.124999999999993,6.499999999999995,36,17.58074081841144,17,17.58074081841144,15,17.58074081841144,15,17.58074081841144,13,17.58074081841144,Crosil 42,inner
U2E,crosil42,internal,20250523_U2E_crosil42_internal.csv,1_10,10.494688150589528,0.47067632348046073,0.04888548573119768,0.12948941645444745,80,8.124999999999993,6.499999999999995,34,1.2057774293280725,6,1.2057774293280725,0,1.2057774293280725,0,1.2057774293280725,0,1.2057774293280725,Crosil 42,inner
U2E,dolpap,external,20250602_U2E_dolpap_external.csv,1_1,8.896918877549483,1.1019591247723923,0.10972650623007982,0.24802431898566488,80,4.999999999999996,3.9999999999999964,15,5.309980715208354,9,5.309980715208354,6,5.309980715208354,3,5.309980715208354,1,5.309980715208354,Dolpap,outer
U2E,dolpap,external,20250602_U2E_dolpap_external.csv,1_2,7.601490525900352,0.503645609132829,0.053030035895921514,0.14536915584605417,80,4.999999999999996,3.9999999999999964,12,0.8218628269987802,0,0.8218628269987802,0,0.8218628269987802,0,0.8218628269987802,0,0.8218628269987802,Dolpap,outer
U2E,dolpap,external,20250602_U2E_dolpap_external.csv,1_3,11.502955955029249,7.9451970439273785,0.05275047535263568,0.14072436780985095,80,4.999999999999996,3.9999999999999964,50,63.65277304530855,38,63.65277304530855,32,63.65277304530855,26,63.65277304530855,16,63.65277304530855,Dolpap,outer
U2E,dolpap,external,20250602_U2E_dolpap_external.csv,1_4,8.045395521060824,0.6138192474829327,0.03756888386298249,0.08846800546918687,80,4.999999999999996,3.9999999999999964,5,1.6626578371886995,1,1.6626578371886995,1,1.6626578371886995,0,1.6626578371886995,0,1.6626578371886995,Dolpap,outer
U2E,dolpap,external,20250602_U2E_dolpap_external.csv,1_5,7.620222358816004,0.2197438382030488,0.0644223407559669,0.1577791475119071,80,4.999999999999996,3.9999999999999964,1,0.6809911664580739,0,0.6809911664580739,0,0.6809911664580739,0,0.6809911664580739,0,0.6809911664580739,Dolpap,outer
U2E,dolpap,external,20250602_U2E_dolpap_external.csv,1_6,10.095458331105043,2.5482678266175474,0.06171189862164569,0.19526370923931674,80,4.999999999999996,3.9999999999999964,63,8.724037003609372,36,8.724037003609372,26,8.724037003609372,17,8.724037003609372,5,8.724037003609372,Dolpap,outer
U2E,dolpap,external,20250602_U2E_dolpap_external.csv,1_7,7.433421472380031,0.32784277330304423,0.06386275250771799,0.1583757479456454,80,4.999999999999996,3.9999999999999964,6,1.646241977983981,2,1.646241977983981,1,1.646241977983981,0,1.646241977983981,0,1.646241977983981,Dolpap,outer
U2E,dolpap,external,20250602_U2E_dolpap_external.csv,1_8,7.590436449694274,1.1846609172861877,0.047423890347708816,0.10509672253611793,80,4.999999999999996,3.9999999999999964,27,9.752722077959394,5,9.752722077959394,3,9.752722077959394,2,9.752722077959394,2,9.752722077959394,Dolpap,outer
U2E,dolpap,external,20250602_U2E_dolpap_external.csv,1_9,7.625053642076235,0.38759009395736377,0.06273937066576606,0.1508165762549407,80,4.999999999999996,3.9999999999999964,0,0.441600947505881,0,0.441600947505881,0,0.441600947505881,0,0.441600947505881,0,0.441600947505881,Dolpap,outer
U2E,dolpap,external,20250602_U2E_dolpap_external.csv,1_10,7.393252289464609,0.2169924724403504,0.054384010930732,0.14606837596838573,80,4.999999999999996,3.9999999999999964,1,0.6362758687164127,0,0.6362758687164127,0,0.6362758687164127,0,0.6362758687164127,0,0.6362758687164127,Dolpap,outer
U2E,dolpap,internal,20250602_U2E_dolpap_internal.csv,1_1,8.945233770656534,0.5693416519673813,0.056108720693905406,0.12922781724757126,80,6.249999999999995,4.9999999999999964,1,0.5254418128093505,0,0.5254418128093505,0,0.5254418128093505,0,0.5254418128093505,0,0.5254418128093505,Dolpap,inner
U2E,dolpap,internal,20250602_U2E_dolpap_internal.csv,1_2,7.4489475577772915,0.09069895441880572,0.06089862225973004,0.1426428370425292,80,6.249999999999995,4.9999999999999964,0,0.30590376512717177,0,0.30590376512717177,0,0.30590376512717177,0,0.30590376512717177,0,0.30590376512717177,Dolpap,inner
U2E,dolpap,internal,20250602_U2E_dolpap_internal.csv,1_3,8.287139252698669,0.3010344303558387,0.08104185935352015,0.23331558678870606,80,6.249999999999995,4.9999999999999964,0,0.2663498882775048,0,0.2663498882775048,0,0.2663498882775048,0,0.2663498882775048,0,0.2663498882775048,Dolpap,inner
U2E,dolpap,internal,20250602_U2E_dolpap_internal.csv,1_4,7.521695727234949,0.2155801331589585,0.05577219766172489,0.1289170473645991,80,6.249999999999995,4.9999999999999964,1,0.5335882020269953,0,0.5335882020269953,0,0.5335882020269953,0,0.5335882020269953,0,0.5335882020269953,Dolpap,inner
U2E,dolpap,internal,20250602_U2E_dolpap_internal.csv,1_5,7.75462290948275,0.19534421302589283,0.04476928486863753,0.1013744973308415,80,6.249999999999995,4.9999999999999964,0,0.2854982503878903,0,0.2854982503878903,0,0.2854982503878903,0,0.2854982503878903,0,0.2854982503878903,Dolpap,inner
U2E,dolpap,internal,20250602_U2E_dolpap_internal.csv,1_6,9.06909945968649,0.25382155592474337,0.11256295251817726,0.2397576243153481,80,6.249999999999995,4.9999999999999964,0,0.40100717070162967,0,0.40100717070162967,0,0.40100717070162967,0,0.40100717070162967,0,0.40100717070162967,Dolpap,inner
U2E,dolpap,internal,20250602_U2E_dolpap_internal.csv,1_7,8.418125305923216,0.19326918194045162,0.07896813416529083,0.20597711265592625,80,6.249999999999995,4.9999999999999964,0,0.31818768977363854,0,0.31818768977363854,0,0.31818768977363854,0,0.31818768977363854,0,0.31818768977363854,Dolpap,inner
U2E,dolpap,internal,20250602_U2E_dolpap_internal.csv,1_8,7.090117825619245,0.148350834605262,0.06372216194943069,0.1600332432355113,80,6.249999999999995,4.9999999999999964,1,0.519287426413409,0,0.519287426413409,0,0.519287426413409,0,0.519287426413409,0,0.519287426413409,Dolpap,inner
U2E,dolpap,internal,20250602_U2E_dolpap_internal.csv,1_9,6.96864402484689,0.10991176256521659,0.04651728837630485,0.11501334831604262,80,6.249999999999995,4.9999999999999964,0,0.25460085582047487,0,0.25460085582047487,0,0.25460085582047487,0,0.25460085582047487,0,0.25460085582047487,Dolpap,inner
U2E,dolpap,internal,20250602_U2E_dolpap_internal.csv,1_10,7.759739518284839,0.33877763185400533,0.059028413602535315,0.14921730107794604,80,6.249999999999995,4.9999999999999964,9,1.030813599773779,1,1.030813599773779,0,1.030813599773779,0,1.030813599773779,0,1.030813599773779,Dolpap,inner
U2E,rossella,external,20250602_U2E_rossella_external.csv,1_1,171.50994968448535,129.7100416395282,0.059196085745542894,0.13451526215404294,80,5.624999999999995,4.499999999999996,68,215.73066632983134,68,215.73066632983134,66,215.73066632983134,64,215.73066632983134,63,215.73066632983134,Rossella,outer
U2E,rossella,external,20250602_U2E_rossella_external.csv,1_2,174.43330019572772,139.84031486675735,0.05131955476634652,0.12780804170120857,80,5.624999999999995,4.499999999999996,38,232.8082716987661,37,232.8082716987661,37,232.8082716987661,37,232.8082716987661,37,232.8082716987661,Rossella,outer
U2E,rossella,external,20250602_U2E_rossella_external.csv,1_3,328.26636978551556,128.3135227415449,0.058830745179330006,0.18058018411580548,80,5.624999999999995,4.499999999999996,36,301.49399786428955,36,301.49399786428955,36,301.49399786428955,36,301.49399786428955,36,301.49399786428955,Rossella,outer
U2E,rossella,external,20250602_U2E_rossella_external.csv,1_4,236.61735050330614,119.88641730795308,0.06911997021846406,0.14551339250015297,80,5.624999999999995,4.499999999999996,55,248.56108468209842,55,248.56108468209842,55,248.56108468209842,54,248.56108468209842,53,248.56108468209842,Rossella,outer
U2E,rossella,external,20250602_U2E_rossella_external.csv,1_5,203.76671773811523,138.81766140351533,0.05867968726878589,0.24471623176235044,80,5.624999999999995,4.499999999999996,31,257.83744857278526,31,257.83744857278526,31,257.83744857278526,31,257.83744857278526,31,257.83744857278526,Rossella,outer
U2E,rossella,external,20250602_U2E_rossella_external.csv,1_6,287.41557294226385,150.95304516673244,0.052560273865843686,0.13971401297231553,80,5.624999999999995,4.499999999999996,44,304.3288896471763,44,304.3288896471763,44,304.3288896471763,44,304.3288896471763,42,304.3288896471763,Rossella,outer
U2E,rossella,external,20250602_U2E_rossella_external.csv,1_7,262.4051450005488,149.53143158351696,0.059102446839116016,0.16062843024985335,80,5.624999999999995,4.499999999999996,36,222.74402583199807,36,222.74402583199807,36,222.74402583199807,36,222.74402583199807,36,222.74402583199807,Rossella,outer
U2E,rossella,external,20250602_U2E_rossella_external.csv,1_8,263.83133202951547,145.47292597324818,0.0675371224154549,0.15695051641433094,80,5.624999999999995,4.499999999999996,24,271.24829697968715,24,271.24829697968715,24,271.24829697968715,24,271.24829697968715,24,271.24829697968715,Rossella,outer
U2E,rossella,external,20250602_U2E_rossella_external.csv,1_9,345.1919268440561,262.95465490490574,0.051322533168344876,0.13402412650941106,80,5.624999999999995,4.499999999999996,33,859.2690960055734,33,859.2690960055734,33,859.2690960055734,33,859.2690960055734,33,859.2690960055734,Rossella,outer
U2E,rossella,external,20250602_U2E_rossella_external.csv,1_10,110.9711724853059,80.95022612964972,0.07331348636987225,0.1748140506856168,80,5.624999999999995,4.499999999999996,61,222.24374968433867,61,222.24374968433867,61,222.24374968433867,61,222.24374968433867,60,222.24374968433867,Rossella,outer
U2E,rossella,internal,20250602_U2E_rossella_internal.csv,1_1,9.502983858202832,0.10981474452994311,0.06804283719712512,0.16858107682007087,80,8.749999999999993,6.999999999999995,0,0.291446277794892,0,0.291446277794892,0,0.291446277794892,0,0.291446277794892,0,0.291446277794892,Rossella,inner
U2E,rossella,internal,20250602_U2E_rossella_internal.csv,1_2,10.289767708991961,0.1925267874809802,0.06535976302859044,0.14769967943958606,80,8.749999999999993,6.999999999999995,0,0.4203299538398181,0,0.4203299538398181,0,0.4203299538398181,0,0.4203299538398181,0,0.4203299538398181,Rossella,inner
U2E,rossella,internal,20250602_U2E_rossella_internal.csv,1_3,9.895140875004396,0.1552322994228916,0.08856774552074227,0.231310978258347,80,8.749999999999993,6.999999999999995,0,0.28112352445934935,0,0.28112352445934935,0,0.28112352445934935,0,0.28112352445934935,0,0.28112352445934935,Rossella,inner
U2E,rossella,internal,20250602_U2E_rossella_internal.csv,1_4,9.719049548294132,0.17714836128571754,0.07259617578333634,0.17508965754798306,80,8.749999999999993,6.999999999999995,0,0.33370272863301464,0,0.33370272863301464,0,0.33370272863301464,0,0.33370272863301464,0,0.33370272863301464,Rossella,inner
U2E,rossella,internal,20250602_U2E_rossella_internal.csv,1_5,10.181628475731308,0.1910455574351789,0.09357911092718357,0.2688052164246136,80,8.749999999999993,6.999999999999995,0,0.366974267644167,0,0.366974267644167,0,0.366974267644167,0,0.366974267644167,0,0.366974267644167,Rossella,inner
U2E,rossella,internal,20250602_U2E_rossella_internal.csv,1_6,10.189245984757909,0.16494695164053005,0.0795896011413113,0.1868299278628541,80,8.749999999999993,6.999999999999995,0,0.4208442996355047,0,0.4208442996355047,0,0.4208442996355047,0,0.4208442996355047,0,0.4208442996355047,Rossella,inner
U2E,rossella,internal,20250602_U2E_rossella_internal.csv,1_7,10.403578874092776,0.3111458932748109,0.06298484974647299,0.17792278140011025,80,8.749999999999993,6.999999999999995,3,0.6838515355493124,0,0.6838515355493124,0,0.6838515355493124,0,0.6838515355493124,0,0.6838515355493124,Rossella,inner
U2E,rossella,internal,20250602_U2E_rossella_internal.csv,1_8,10.085704696925635,0.3307864152319514,0.06704668939406978,0.20266027922934432,80,8.749999999999993,6.999999999999995,10,1.5030639938693302,3,1.5030639938693302,1,1.5030639938693302,0,1.5030639938693302,0,1.5030639938693302,Rossella,inner
U2E,rossella,internal,20250602_U2E_rossella_internal.csv,1_9,9.913729432263532,0.1469900548576535,0.052652924880034965,0.2013535645234042,80,8.749999999999993,6.999999999999995,0,0.36802633113078853,0,0.36802633113078853,0,0.36802633113078853,0,0.36802633113078853,0,0.36802633113078853,Rossella,inner
U2E,rossella,internal,20250602_U2E_rossella_internal.csv,1_10,10.2784494711373,0.21998996379410532,0.0801605940120398,0.2078430315223713,80,8.749999999999993,6.999999999999995,4,0.9499542858311921,0,0.9499542858311921,0,0.9499542858311921,0,0.9499542858311921,0,0.9499542858311921,Rossella,inner
